:020000040000FA
:1000000000B20020ED4A0100E5600200D94A01007B
:10001000D94A0100D94A0100D94A01000000000074
:10002000000000000000000000000000E94C01009A
:10003000D94A0100000000007D4C0100D94A0100AE
:10004000DD4F0100C9870200DD4F0100DD4F0100D7
:10005000DD4F0100DD4F0100DD4F0100DD4F0100EC
:100060007F870200DD4F0100DD4F0100B3870200F2
:10007000DD4F0100DD4F0100DD4F0100DD4F0100CC
:10008000DD4F0100DD4F0100DD4F0100DD4F0100BC
:10009000DD4F0100DD4F0100DD4F0100DD4F0100AC
:1000A000DD4F0100DD4F0100DD4F0100DD4F01009C
:1000B000DD4F0100DD4F0100DD4F0100DD4F01008C
:1000C000DD4F0100DD4F0100DD4F0100DD4F01007C
:0C00D000D5210100DD4F0100DD4F0100D3
:1000E00001F0FF01102A2BDB10F0070F08D010F8E9
:1000F000013B013A8B422DD010F0070F42B3F6D1ED
:10010000F0B441EA012141EA014122F007047FF005
:1001100000070023F0E80256083C85EA010586EA5C
:10012000010685FA47F5A3FA87F586FA47F6A5FA98
:1001300087F68EB9EED1F0BC01F0FF0102F00702A4
:1001400032B110F8013B013A83EA010313B1F8D14F
:100150000020704701387047002D06BF3546033830
:10016000073815F0010F07D1013015F4807F02BF69
:10017000013015F4C03F0130F0BC0138704700BFBA
:100180002DE9F00791E8F807B2E802105B1854EB8C
:100190000C04B2E802104D4156EB0C06B2E8021016
:1001A0004F4158EB0C08B2E8021059EB01095AEB29
:1001B0000C0A80E8F80780410130BDE8F00770477D
:1001C0002DE9F00791E8F807B2E802105B1A74EB2A
:1001D0000C04B2E802108D4176EB0C06B2E8021076
:1001E0008F4178EB0C08B2E8021079EB01097AEB49
:1001F0000C0A80E8F80780414042BDE8F0077047EC
:100200002DE9F007524290E87800B1E880071740E6
:10021000DB1918EA020854EB080419EA020955EB45
:1002200009051AEA020A56EB0A0678C090E8780037
:10023000B1E8800717407B4118EA020854EB080434
:1002400019EA020955EB09051AEA020A56EB0A06F1
:1002500078C080410130BDE8F00770472DE9F00714
:10026000524290E87800B1E880071740DB1B18EA9B
:10027000020874EB080419EA020975EB09051AEA89
:10028000020A76EB0A0678C090E87800B1E88007A9
:100290001740BB4118EA020874EB080419EA020986
:1002A00075EB09051AEA020A76EB0A0678C0804166
:1002B0004042BDE8F00770472DE9F00152424FF08F
:1002C000040890E8300091E8C000A31B1340E41A32
:1002D000F618EB1B1340ED1AFF1830C0C0C1B8F17F
:1002E0000108EED1BDE8F001704700BF00B592EC07
:1002F000080AB1E8805707EE101A53EC102A56ECA2
:10030000114AA7FB0251A8FB020BE7FB6310E9FBB4
:1003100062B041EC145AA8FB0351EAFB6201E7FB0F
:1003200064B5E7FB6605E8FB661505EE10BAA9FBA8
:1003300003B6EAFB6316ECFB6356E8FB640BE9FBD0
:10034000641BEAFB645BECFB646B05EE900AACFBA0
:10035000023012EE104AEEFB6250E9FB6460EAFBE9
:1003600064B0E7FB6431E8FB645112EE904AE8FBAD
:100370006461E9FB64B1EAFB640106EE103AA7FB95
:10038000043213EE104AE7FB6462E8FB64B2E9FB57
:100390006402EAFB641211EE904AE9FB6453EAFB43
:1003A000646313EE904AE7FB64B3E8FB6403E9FB84
:1003B0006413EAFB642306EE905A17EE109A99E84C
:1003C000000610EE108AA9FB0854EAFB68B412EE8E
:1003D000108AECFB6804EEFB6814E9FB6824EAFB76
:1003E000683410EE908AEEFB6865E9FB68B5EAFBBD
:1003F000680512EE908AECFB6815EEFB6825E9FBB8
:100400006835EAFB684507EE106A11EE108AAEFB0C
:100410000876E9FB6806EAFB681613EE108AECFB27
:100420006826EEFB6836E9FB6846EAFB685611EE83
:10043000908AECFB68B7EEFB6807E9FB6817EAFBFC
:10044000682713EE908AECFB6837EEFB6847E9FB00
:100450006857EAFB686700BD2DE9F04F07EE900A88
:10046000FFF744FF17EE908A07EE90BAA8EC084A0F
:1004700088E8FF00BDE8F08F00B591E89857A3FB2E
:100480000352A3FB0401E3FB6420E3FB671042EC8F
:10049000145AA3FB0752E3FB6802E4FB6415E3FB79
:1004A0006805E3FB6925A4FB07B6E3FB6926E3FBCC
:1004B0006A56E4FB670BE4FB682BE3FB6A5BE3FB38
:1004C0006C6B40EC151AA4FB0810E4FB6950E3FBCD
:1004D0006C60E3FB6EB0E7FB6721E4FB6951E4FB72
:1004E0006A61E3FB6EB1E4FB6E0106EE102AA7FB26
:1004F0000832E4FB6A62E4FB6CB2E4FB6E02E7FBE9
:100500006E12E7FB6853E7FB6963E4FB6CB3E7FB40
:100510006C03E7FB6E13E8FB6E2306EE905AA7FB15
:100520000954E7FB6AB4E7FB6C04E8FB6C14E8FBD6
:100530006E24E9FB6E34E8FB6865E7FB6AB5E8FB0F
:100540006A05E8FB6C15E9FB6C25E9FB6E35EAFBF7
:100550006E4507EE106AA8FB0976E8FB6A06E9FB20
:100560006A16E9FB6C26EAFB6C36EAFB6E46ECFB8E
:100570006E56E8FB69B7E9FB6907E9FB6A17EAFB16
:100580006A27EAFB6C37ECFB6C47ECFB6E57EEFB23
:100590006E6700BD2DE9F04F07EE900AFFF76CFF84
:1005A00017EE908A07EE90BAA8EC084A88E8FF0098
:1005B000BDE8F08F30B44FF0000310F8014B11F894
:1005C000015B013A84EA050443EA0403F5D1A3F18F
:1005D00001034FEAD37030BC704700BF4FF00003F7
:1005E00010F8012B013943EA0203F9D1A3F1010309
:1005F0004FEAD370704700BF30B411F8014B12F8C6
:10060000015B6C4000F8014B013BF6D130BC7047F8
:100610002DE9F00791E8F807B2E802105B1854EBF7
:100620000C04B2E802104D4156EB0C06B2E8021081
:100630004F4158EB0C08B2E8021059EB01095AEB94
:100640000C0A8941B3F1FF3374F1FF3475F1FF35C2
:1006500076F1000677F1000778F1000879F10109D9
:100660007AF1FF3A51F100015B184C414D4156F1CE
:10067000000657F1000758F1000859EBD1795AEB01
:10068000010A80E8F807BDE8F00770472DE9F00798
:1006900091E8F807B2E802105B1A74EB0C04B2E8B8
:1006A00002108D4176EB0C06B2E802108F4178EB18
:1006B0000C08B2E8021079EB01097AEB0C0A8941C7
:1006C0005B184C414D4156F1000657F1000758F1B7
:1006D000000859EBD1795AEB010A80E8F807BDE828
:1006E000F007704718EB040859EB05095AEB060AA6
:1006F0005BEB070B5FF0000C4CF1000C18EB0508EE
:1007000059EB06095AEB070A5BEB070B50EB0C00A1
:100710005FF0000C51EB0C0152EB0C0263414CF109
:10072000000CB8EB070879F100097AF1000A7BEBBD
:10073000040BA841B141A241B3416CF1000CBBEBE9
:10074000050BB041B941AA41BB416CF1000C4CF022
:1007500001068CF0020718EB060859EB6C095AEBFE
:100760006C0A7BEB6C0B70EB6C0471EB6C0572EB41
:10077000670653EB6C076CEB6C0C18EB0C0059EB39
:100780000C015AEB0C025BF1000354F1000455F12B
:10079000000556EBDC7657EB0C0770472DE9F04F60
:1007A00007EE900AFFF7A2FD59EC168A17EE10AA81
:1007B000FFF798FF59EC148A5BEC15AAFFF792FF3C
:1007C00017EE908A88E8FF00BDE8F08F2DE9F04F22
:1007D00007EE900AFFF750FE59EC168A17EE10AAA2
:1007E000FFF780FF59EC148A5BEC15AAFFF77AFF3C
:1007F00017EE908A88E8FF00BDE8F08F064B074AA5
:100800005B7802604FF420728280C371082200235B
:1008100082710372704700BFB01500205BF20000C8
:10082000064B074A9B7802604FF494728280C37132
:100830000822FF2382710372704700BFB0150020A9
:10084000C9ED0000F8B5C41D002824F007040546D2
:1008500014BF2046002000F035FB061E02DA6FF0C0
:100860000B00F8BD0DB9F442F9D4284FB979787965
:100870003B7AFA79033103300BF01FFF0028EEDBDF
:1008800039787B7826440336002D194426F0030678
:1008900000FB01F114BF3046002000F09FFC304403
:1008A0000DB90028DBDBBA780346B2B1F97BFB78DF
:1008B00011441944FF29D2DC0330002D20F0030439
:1008C00014BF204600207A89C9B200F0F7FC031E4D
:1008D000C5DB23440DB9002BC1DB397B81B1BA786C
:1008E00072B10733002D23F0070414BF2046002007
:1008F00003F056FF031EB2DB23440DB9002BAEDB21
:10090000002D0CBF18460020ABE700BFB01500203B
:100910001FB572B6184B9D6AE5B9BFF34F8F1749E3
:10092000174BCA6802F4E0621343CB60BFF34F8FEA
:1009300000BFFDE7B2FBF6F2DCB20133002AF9D1C9
:1009400004F110036B4403F80C2C0A2234B901A8FB
:10095000A847E2E7024600230A26EDE7631E04AE3D
:10096000DCB256FA83F3B0FBF2F602FB160030302D
:1009700003F80C0C3046E9E7B015002000ED00E06C
:100980000400FA0507B50C4B1A7A8DF80120DA79C4
:100990008DF8002068469A795B79ADF80420ADF8AF
:1009A000023002F073FB18B1D9210320FFF7B0FF2A
:1009B00003B05DF804FB00BFB015002038B5054654
:1009C00070B309F09FFF10B94FF0FF3038BD0EF043
:1009D00038FDB0F5FA7FF7D8144C1548A56200250C
:1009E00000F0E8F926222946204684F82C500AF027
:1009F00091FB01236370A3701B23637140F21B33CF
:100A0000E380022323721F23638108232373EFF300
:100A1000108472B600F028FD2CB962B62046D5E7E6
:100A20006FF01500D2E72846D0E700BFB0150020D0
:100A30008509000010B500283CD1214C94F82C30D9
:100A4000032B34D059B1002A37D00239052931D8C7
:100A5000DFE801F0031422302528137863700020AA
:100A6000FFF7F0FE0028B7BF0123022384F82C30E3
:100A70006FF00B00A8BF84F82C3010BD9378E3B161
:100A8000D378D3B113781A2B17D953781A2B14D9DA
:100A90001368C4F80530E2E71378A370DFE7138822
:100AA0006381DCE71388FF2B07D82373D7E74FF068
:100AB000FF30E2E76FF02C00DFE76FF01500DCE7B6
:100AC000B0150020F8B50D46064630B329B311F035
:100AD000070422D1124F97F82C30012B02D16FF06E
:100AE0000B00F8BD032B02D14FF0FF30F9E700F007
:100AF0009DF80028F8D02846FFF7A4FE0028EEDB7A
:100B00000EF0E2FB3046214602F054FBFFF73AFFBD
:100B1000032387F82C302046E3E76FF01500E0E769
:100B2000B015002010B5074C94F82C30032B03D1DE
:100B300002F058FB03F01EF90BF0B3FE002084F81E
:100B40002C0010BDB015002050B1074B03F114026A
:100B500053F8041B40F8041B9342F9D1002070475E
:100B60006FF01500704700BFD5E0020010B5074BCD
:100B700093F82C403CB902F0E7FA0120044900F058
:100B800099F9204610BD4FF0FF30FBE7B01500206B
:100B90002108000010B5074B93F82C403CB902F037
:100BA000E7FA2046044900F085F9204610BD4FF0D1
:100BB000FF30FBE7B0150020FD07000010B5054B26
:100BC00093F82C401CB902F08BFA204610BD4FF070
:100BD000FF30FBE7B015002010B5054B93F82C4013
:100BE0001CB90CF0E9FE204610BD4FF0FF30FBE7CA
:100BF000B015002010B5054B93F82C401CB90CF033
:100C0000DEFE204610BD4FF0FF30FBE7B0150020A0
:100C1000024B02681A600020704700BFE0150020F8
:100C2000014B1B68184700BFE0150020024B1868F5
:100C3000003818BF01207047E01500202DE9F74368
:100C4000294E0446071D2848376003F0ABF80228F8
:100C5000054607D1244920460BF035F8284603B055
:100C6000BDE8F083042838D13378072B18D13E2013
:100C700000F050F878B9F378327901A943EA0223F9
:100C80006846ADF800300BF0FEFA0028DBD05321A7
:100C90000820FFF73DFE052000F07CF80028EAD090
:100CA000314620460BF076F8B0F5817F01D37221F2
:100CB000EEE70028C7D094F8008094F802904046F0
:100CC00000F028F80028BED0B8F13E0FC6D1484643
:100CD00000F060F80028C1D1B5E70828BED102496C
:100CE00020460BF01FF8B9E7E4150020074B4FF042
:100CF000FF3141F6FF72C3E9001205490022C1E944
:100D000000221F21C3E90212704700BFC004002067
:100D1000281600203F280CD801380B4BC0F3421294
:100D200000F01F0053F8223023FA00F000F0010019
:100D30007047FF2806D04038C0F34212034B00F042
:100D40001F00EFE701207047C00400202816002094
:100D50000146074B006849681A4603C240F48C22DA
:100D60001A6041F0107242F4FF625A60704700BF8F
:100D7000C00400200246024B0068516803C370475C
:100D8000281600200246024B0068516803C37047D2
:100D9000C80400200138064BC0F3421203EB820363
:100DA00000F01F009B6823FA00F000F0010070477C
:100DB000C0040020014B1860704700BF30160020AF
:100DC00007B5FFF793FF0CF048FA044B1B6813B10B
:100DD00001909847019803B05DF804FB301600209D
:100DE0000B880288F0B5C3F30E049EB204F114031D
:100DF000C57CC35A02352A442B4497B213FA82F3B6
:100E0000013B4288B3FBF7F313FB07439BB29A42C3
:100E1000044A93BF22EA0603324013439BB20B807D
:100E2000F0BD00BF0080FFFF08B54B1E062B04D8A5
:100E30004FF4D1711520FFF76BFD0A4B994202D98F
:100E400040F2A311F6E719B900B10160084608BDE8
:100E500028B103680022C3E901211A1D1A60043178
:100E6000F4E700BFFAFFFF7F10B5114B00EB410420
:100E70001A786389B3FBF2F303FB0223013A1A44A5
:100E8000B2F5706F027928BF00231A448378B2FB51
:100E9000F3F0194403FB1020091AB1FBF3F003FB34
:100EA000101313446FEA43436FEA5343638110BD49
:100EB00034160020024B03EB80004160704700BFF6
:100EC000341600202DE9F04F10F0070A85B00546D2
:100ED00004D040F261111720FFF71AFD554F07F1BA
:100EE0000C06B1460446B0464FF0010B57F8043BE0
:100EF0008DF80BA03BB101A898479DF80A30082B4C
:100F000001D9E821E7E79DF80B1081BB05B13160FD
:100F1000B94506F10406E9D12DB3DFF81CE1002341
:100F20008EF800301E46022258F82200013A60B1C5
:100F300090F804A08178BAF1FF0F66D14FF0000756
:100F40008E4207713CBFCEB20123511CECD10BB1D4
:100F50008EF80060022640F6FF6A58F82670002FCF
:100F600065D1013EF9D2601B05B0BDE8F08F9DF858
:100F70000AC0BCF1020FE64601F1050238BF4FF08E
:100F8000020E0EF1FF3004EB42040444CEF10000E7
:100F90002040BDF808406444013CCCF1000C04EA58
:100FA0000C04B4F5803F4FEA420301D3F82192E7E5
:100FB00075B1C31A336099701C8083F803B09DF833
:100FC0000C201A71019A1A814FEA124CA3F806C03C
:100FD00004FB01049CE758F82C90B9F1000F06D0EF
:100FE00099F804B0D34504BF99F802904F440CF12E
:100FF000FF3CBCF1000FEEDA3944FF29A0D90BB158
:101000008EF8006040F2271165E794460027F0E76C
:1010100007EB41033846A3F80AA0FFF725FF09F1C3
:101020000109BB785FFA89F18B42F1D899E74FF05B
:101030000009F6E73816002034160020F8B54FF600
:10104000FF730380184B03EB810105460869B8B1B3
:1010500086780379B3FBF6F206FB1233DBB219464E
:101060000A1D00EB4202B2F902705488002F09DB1E
:101070000131B1FBF6F206FB1211C9B28B42EFD17E
:101080000020F8BDFF29FBD0C4F30E03C4782B80E9
:1010900024B94FF4D5711720FFF73AFC5380BDE80F
:1010A000F8400BF0E9BA00BF341600201D4B03EBEB
:1010B000810170B50C69054644B3030404D54FF4AF
:1010C000DC711720FFF724FC014620460BF0B6FA2E
:1010D000FF28014604D02046BDE870400BF0CCBA92
:1010E000A078B5FBF0F300FB1353DBB219460A1DE1
:1010F00004EB4206B6F90260002E09DB0131B1FBB8
:10110000F0F200FB1211C9B28B42F0D1002070BD89
:10111000FF29FBD08B4204EB42021CBF0023E3708B
:101120005580D8E734160020094B03EB810110B538
:101130000C69014620460BF081FAFF28014604D0D5
:101140002046BDE810400BF097BA002010BD00BF4C
:1011500034160020F8B5104B03EB810107460C69EB
:10116000014620460BF06AFAFF28054611D0E688B2
:10117000238953EA064606D0014620460BF07CFA46
:1011800001463846B04720462946FFF76DFE00204D
:10119000F8BD0520FCE700BF3416002038B50E4B23
:1011A000827903EB82030446186908B9052038BD2B
:1011B0008278E1799142F9D24B1CE37100EB410353
:1011C0005D89B3F90A30002BF3DBA5800BF054FAEC
:1011D00020600020EBE700BF3416002070B5044605
:1011E00010F003000E4603D04F211820FFF790FBAC
:1011F000FFF71AFE054624B1034831460460FFF7A5
:1012000013FE284670BD00BF501600202DE9F3479D
:101210001C4C9DF82CA0904622681E4607469DF85F
:1012200028300D461AB961211820FFF771FB1A46C4
:101230000921404601930BF087F852461FFA80F9C6
:10124000092130460BF080F819FA80F120680BF084
:10125000CAF9019B386018B9286002B0BDE8F08770
:1012600000EB09042C603868414609220BF025F890
:10127000286853460922314602B0BDE8F0470BF01A
:101280001CB800BF5016002070B50E4604460BF087
:101290006EF8054630460BF06AF8044B2A182146D2
:1012A0001868BDE870400BF0C2B900BF50160020AE
:1012B000014B18680BF08BB9501600201F2AF8B5A7
:1012C00004460ED89200033222F00303B3F5803FA8
:1012D0002ED2194DB4B1A00711D05F210920FFF71C
:1012E00017FBFF2A4FEA420304D9FF329A42A8BFF4
:1012F0001A46E8E77C2BB8BF7C231A46E3E729703F
:101300006C602B8122F0030201EB81031204D800F0
:1013100001276B68120C0025EEB28E4200D3F8BD97
:1013200014B126181F705E60104401352833F3E7AE
:101330004FF0FF30F3E700BF5416002038B5144AD1
:10134000147853680021C8B2844203D8AB21092025
:10135000FFF7DEFA1846013105782833002DF2D068
:101360000021817001241289447044688161C16147
:10137000920800F12001051D21F8022B994245F841
:10138000044B1444F8D100234361037038BD00BFFF
:10139000541600202DE9F8434B7880460C4602F0A5
:1013A000040602F0FB07D3B1DFB12E4BD4F8049052
:1013B0001D89B7BB01236370AD08A761E76104F124
:1013C00020034A46211D04F1280023F8025B9842BD
:1013D00041F8042B2A44F8D10023636101E0002F77
:1013E000E3D0FF23A370002E18BF0226A3191B7D94
:1013F000032B03D1022F1CBF0136F6B2A319012221
:101400001A7506F10C0204EB8606002324F812304C
:101410007268A370C8F80020A8F804304046BDE800
:10142000F883002114226170A01809F073FEB5F54D
:10143000FF7F0FD26B08ED1AADB209EB0502C4F8BD
:1014400004902584A2606384C4F80C90A584226172
:10145000E384C6E7B5F5EE6F4FF0FF03EBD940F23A
:101460007265EAE754160020134B012200214FF069
:10147000FF309A60C3F80012C3F80803C3F80015E0
:10148000C3F804259A60C3F80803C3F80015C3F82D
:1014900004250A490A4A03F580334FF40040C3F893
:1014A0000825C1F88000BFF34F8FBFF36F8FC1F8DD
:1014B0008001C3F80825704700F0004000E100E01B
:1014C0000000F63F0A46192302F8033B0448C368AC
:1014D000C1F803300369536043699360704700BFEC
:1014E00060160020024B5A8C02435A845B6A1847EC
:1014F00060160020014B00215B6A1847601600202F
:1015000010B5154C05F0B0FD05F042F9208DFFF740
:10151000F1FF237E63B12246104952F80C3BE36091
:101520006368536004F11900A36893600CF0E2FF54
:101530000B4B228D93E8030003F0BAF9236B188854
:1015400003F0E2F8A36B94F8341094F83500984750
:10155000002384F83C3010BD60160020C514000044
:101560008C160020034B93F83C300BB1FFF7C8BF3B
:10157000704700BF6016002070B51D4C256B636C72
:10158000236495F89430064694F848000BB1031D87
:10159000D8B295F869102EB9FF2803D195F86830B4
:1015A0008B4201D005F0EEFB95F89430D3B1E06C9E
:1015B00005F0FAFD012384F86830D5E93E23E16C9B
:1015C000206CC4E9182305F099F816B9304605F0E7
:1015D0002BFE95F86810002005F070FE022384F8B9
:1015E0003C3070BD206C05F0DFFD05F0D1F8ECE774
:1015F0006016002008B5094B93F83C20022A04D05D
:1016000040F253212720FFF783F9DA7A42F00102F2
:10161000DA72BDE80840FFF773BF00BF6016002014
:1016200010B50E4CA26F137803F00303032B04D103
:10163000D378022B01D1002010BDE06F0AF02AFF01
:101640000028F9D1A36F1B7803F00303032BF2D01A
:1016500001F0BCFE80F00100C0B2EDE76016002092
:101660002DE9FF41434C94F83C30256B012B064695
:101670000F465FFA83F804D040F2A4412720FFF719
:1016800047F995F884303BB1002185F88410042097
:10169000FFF728FF85F88680A16F0B7803F003031E
:1016A000032B05D195F88A3013B90220FFF71AFFF2
:1016B000A26F137803F00303032B02D053781BBBF4
:1016C000012385F88A3095F89430BBB1D5E93E0105
:1016D000236B94F848200392C4E918014FF00108E5
:1016E00093F8690084F868800BF0DDF80021034668
:1016F0000091039A2049404604F0BAFF36B104B085
:10170000BDE8F041FFF7FCBE0223DAE7002FF6D078
:10171000D4F88030304698470028F0D094F8343020
:10172000002BECD194F88430DD06C3F3001001D512
:10173000FFF776FF636CD4F888201B78C3F300139F
:101740002AB9B4F88C2013B1B2FA82F35B09628C27
:10175000910709D5A36FDB78022BD0D1002004B00C
:10176000BDE8F041FFF708BF002AC8D10343F5D117
:10177000C5E700BF60160020B016002010B5064B6C
:1017800093F83C2002F0FF0422B91C7603F088F89D
:10179000204610BD0C24FBE7601600200A4B0B4AC4
:1017A00070B506460D461A60FFF7E8FF18B1E12153
:1017B0002720FFF7ADF8064C012104F18E000CF054
:1017C00075FD6664E56470BD08050020901F00008B
:1017D00060160020024B012283F8B020704700BF42
:1017E00060160020F0B5814D85B002AE86E803009A
:1017F00095F83C100A9F01F0FF0411B90AB103B13A
:1018000027B940F26F112720FFF782F896E803000E
:1018100005F12C0C8CE8030085F8B04085F83440C5
:1018200085F8B14085F8354085F8B24085F8B34079
:101830006C842C852C6BC5F880306A62AF6305F030
:10184000DFFA04F0A5FF94F96C0005F075FB606AFF
:1018500005F09CFCE06905F075FB94F8A40005F028
:1018600097FB2B6B93F8AF310BB105F0B7FA94F8F7
:1018700069209D21012005F0E3FB5D4B186805F010
:101880008BFC2369EB676369C5F8B43094F8773053
:1018900073B9226F62B1B4F8BE10B4F888308B42CD
:1018A00006D1B4F874100B44A4F8BE3001231360C1
:1018B000504E04F5807304F58877186859683246ED
:1018C00003C20833BB421646F7D1D4F810314A4A56
:1018D000C5F86930D4F8143153602B6B93F88E201F
:1018E00093F86860A2F12501012903D993F88F10BC
:1018F00025295DD193F856322BB1012E03D0012B4F
:1019000014BF0226012604F13007314638460CF098
:1019100083FE31460CF027FBA38F94F869109842A0
:1019200028BF184685F8B80038460CF05EFE94F8DB
:10193000691094F89470B4F84460042908BF032136
:101940000CF011FB0FB9043080B2B04228BF304612
:1019500094F89430C6B285F8B96085F8486093B1C0
:10196000D4E93E2394F869000127C5E9182385F8D6
:1019700068700AF098FF0022034600921D49324623
:10198000384604F075FE0120FFF7F6FD00232B60BA
:101990006B60AB60B4F888306B8023882B8094F840
:1019A000A4302B71A36F0BB101221A6005B0F0BDFA
:1019B000203A012A0CD823290CD093F8363113F0A1
:1019C000010211D19B079ED5012E18BF02269AE76E
:1019D000232905D193F8362193F861301340EEE7BF
:1019E000032E08BF04268EE716468CE760160020FB
:1019F00008050020B0160020C916002008B50C4BC1
:101A000093F83C201AB9BDE80840FFF779BD93F878
:101A10003C20022A04D040F235212720FEF778FF2F
:101A20001B6BD3F8C801BDE8084005F0CFBB00BF71
:101A300060160020014B1876704700BF601600202A
:101A4000014B93F8B200704760160020024B188DCE
:101A5000C0F3C020704700BF60160020014B93F810
:101A6000B1007047601600202DE9F3411E4D82073A
:101A70002C6B06460F4622D5D5F8883023B940F2A4
:101A800095412720FEF744FFB5F88C20296C1846B5
:101A9000033291F8018009F0C7FA0DF1020201A9A1
:101AA0002864D5F8B4000AF088FD01980AF06FFDAB
:101AB000012238604146D5F8B4000AF035FDF3073D
:101AC0000ED5D4E93E32013342F10002C4E93E3280
:101AD00094F88C30012B0CBF0023012384F88C3048
:101AE00002B0BDE8F08100BF601600202DE9F04F84
:101AF000AA4C002387B0CDE9043394F83C30276B1F
:101B0000022B81468A4604D04FF4A3612720FEF7BA
:101B1000FFFE238D590606D44020FFF7EBFC238DF2
:101B200043F04003238597F89430B9F1000F00F09B
:101B30002681A3B104F044FE88B9236C5A7872B1AF
:101B40001B7897F88C20C3F3C0039A4207D1012376
:101B500084F83530FFF7D4FC07B0BDE8F08F236C74
:101B60005978A4F88C1009B3D4F8B4000AF0B3FC87
:101B7000C4F88800238D97F88B2043F400732385E5
:101B8000236C1B78C3F380039A4200F0B980256B65
:101B900095F88A30002B3DD0022B11D1E06F04A9BB
:101BA0000AF030FC28B940F20E41AFE7C4F88810C3
:101BB000E0E7D5E93C32013342F10002C5E93C32AD
:101BC00095F88630002185F88A1023B185F88610B3
:101BD0001020FFF787FC95F885309BB1002685F82B
:101BE000856001F0DDFB10B940F225418EE73146FA
:101BF0000820FFF777FCD5E93C32013342F10002BF
:101C0000C5E93C3295F88B30012B0CBF0023012332
:101C100085F88B30238D43F4006323854FF0000B50
:101C2000216C97F88C200D78C5F3C0039A4240F0E0
:101C3000988005F00305032D266B63D0002D6CD131
:101C400096F88C30013B18BF012386F88C30236C4A
:101C50005B7833B1D6E93E32013342F10002C6E986
:101C60003E3297F893308BB1D7E93C23002697F8A2
:101C7000680084F86860C4E918230AF014FE484933
:101C800000960346FB22304604F0F2FCBAF1000F46
:101C900040F08880628C94F8B130120703D5A26FAF
:101CA000D278022A7ED0012B7CD8D4F88030012053
:101CB0009847002876D094F83480B8F1000F71D19D
:101CC000266B94F8483096F894208DF80D80002A01
:101CD00040F0B380FF2B96F8681003D196F8693076
:101CE0008B4202D0FF2005F04DF896F88A30032B86
:101CF00000F23881DFE813F0A400D5001D012E01A9
:101D0000CB468DE7238D012043F4805386F8840071
:101D100023850025FFF7E6FB92E74D78002D8FD055
:101D2000238D96F8945043F48053238504F0D4FF18
:101D3000042894F8B93006D1002D14BF1B221F22AD
:101D4000934228BF1346226C52789A420BD8D4F89B
:101D50008850002D85D094F8B03073B12020FFF763
:101D6000C9FB00257DE794F83430012043F01003CF
:101D700084F8343006F0BAF9F3E74D4660E70BB16A
:101D800004F05AFD94F8B130013384F8B130238D5A
:101D9000002543F480632385AB4662E7601600208C
:101DA000B016002005F0AAFA4FF0010A1DB105A9EE
:101DB0000220FFF759FEBBF1000F0DD0B4F8072049
:101DC000B4F805301343B7F8882013431EBFB4F8A6
:101DD00009300133A4F80930B9F1000F00F0CA80CE
:101DE000B4F805300133A4F80530002384F8B1308D
:101DF000634802F077FC049830B10AF0C8FB216B0D
:101E00000022027202F01EF8059B33B1216B002202
:101E10001A720C22059801F0E3FFBAF1000F7FF46B
:101E200099AE238D1B063FF597AE8020FFF762FB2E
:101E3000238D43F0800323858EE60433DBB249E72C
:101E400094F8B830ADF80E304E48A6F8583001F08E
:101E500097FA50B1A16F4FF48070FFF743FB012355
:101E600086F8853084F8B3301DE0E06F0DF10D0287
:101E70000DF10E010AF0A3FAA06790B196F8D130E7
:101E80007BB99DF80D302BB903808370A06F0121C1
:101E90000CF00CFABDF80E10A06F0CF0D4FA012370
:101EA000E0E7394BA36796F88B30A26FDB0003F0B5
:101EB0000801137803F0F3030B4396F88C108900A4
:101EC00001F004010B4323F010031370FFF7A8FB8C
:101ED0000028A06F037818BF4FF0100848EA0308E5
:101EE00080F8008096F89330002B3ED04378002B8A
:101EF0003BD0E06C05F058F9002384F86830D6E94F
:101F00003C23A16FE06CC4E9182304F0F7FB96F8BA
:101F10006910012005F0D2F9A26F1188A4F884108D
:101F200091781A4A012384F8B230917084F83C30D9
:101F30003CE7B6F85830E06FADF80E300DF10D0209
:101F40000DF10E010AF03BFAA0670028A7D140F27C
:101F5000F321DBE50B4801F013FA00289FD140F292
:101F6000FD21D3E540F20B31D0E505F01DF904F079
:101F70000FFCCCE7B4F807300133A4F8073037E79B
:101F80008C160020D8160020EE160020E416002043
:101F9000F5150000ED1A000061160000651500003F
:101FA0000B2808B504D940F2C1310620FEF7B0FC79
:101FB000014B33F8100008BD60A602002DE9F04F78
:101FC0002DED028B8BB0044615460293894690F89E
:101FD00069B00BF03BFD064694F8B001FFF7E0FF57
:101FE00094F88F300393304485F0010386B2059353
:101FF00055BB94F8F431032B26D1039B0D2B23D131
:10200000B4F854324B451FD1D4F8FC31C4F8E83150
:10201000A369B4F8CC21C4F8EC31B4F842321344CB
:10202000C4F8F031204604F043FAD4F85832A362E1
:10203000B4F85632A385D4F85C32A361D4F8603288
:102040002362022384F8F431B4F84072B4F8888033
:10205000A9EB07073FB204F50473002F08EE103A0E
:10206000B7BFD4E98A23029BC4E98E2301230493DA
:10207000CD4BA9EB08081B780FFA88F8B8BF474684
:1020800003F0FF05002B53D00DF0D7F900286FD0D7
:10209000B4F8E031012B6BD994F8F431022B67D0FE
:1020A00094F80A52002D63D194F8B001FFF778FF3D
:1020B00094F8F43100F5C860012B86B2D9B24AD148
:1020C00094F89230D4F828A0032B3ED1D4F8EC51E8
:1020D00055443146D4F8EC010DF0A9F9D4F8E831B3
:1020E000C4F8E801A0EB030AD4F8F03131462846E1
:1020F00003FB0AFA0DF09BF9D4F8F851C4F8F80183
:10210000451B3146A0690DF092F9AA44B4F8CC51B0
:10211000D4F8F0314544ED1BDB432B44D4F8FC519B
:10212000451B05FB03A50123C4F8FC0184F80A3212
:1021300094F8F431DFF870A2032B00F28C81DFE811
:1021400013F0190014016900350128460BF033FF24
:1021500000EB0A05BDE7A06931460DF068F9B4F857
:10216000CC51D4F8FC314544ED1BC31A5D43DAE78A
:102170000025DDE7012100200BF01DFF8046A06A4D
:10218000314640440DF053F93146C4F8F801A069D6
:102190000DF04DF907A9C4F8FC0108A805F0B6F840
:1021A000079B0093D4E98E01DDE9082308F08EFA3D
:1021B000074620460AF09BFBD4F84432A66A94F8FE
:1021C00069001E4405F0E8F9D4F8F811A38D943E97
:1021D000761AB044A8EB070800F5234030314FF4DD
:1021E0007A7703EB4101A130B0FBF7F0A8EB0007D1
:1021F00094F869000AF067FBD4F84432FB1A2230E5
:10220000B3F5917FCAF8040058D240F2C64130209D
:10221000FEF77EFBA36AD4F8EC01314618440DF0BA
:1022200006F93146C4F8F801A0690DF000F9C4F8C8
:10223000FC0120460AF05BFBB4F8CC31A66AD4F866
:10224000EC71002B40F08D80029B002B00F0898008
:1022500094F8690005F0A0F93E44D4F8F871943E72
:10226000D4E98A23F61BD4F8307280463E4494F8B1
:102270006900B61A05F090F94FF47A7300F2E73767
:1022800008F52340B7FBF3F73744A130B0FBF3F078
:10229000D4F8F811D4F8E831D4F8F021303102FB49
:1022A0000311A38D3F1A03EB410194F869000AF072
:1022B0000AFB0123CAF8040084F8F431A6696FF41C
:1022C000F4731E44D4F8FC31F61ADAF804309E4256
:1022D00028BF1E46D4E98E327F1BDF1942F100026F
:1022E0004FF00008C4E98872C4F8C86184F810820D
:1022F00004F130000CF077F9B4F8B811A4F840926A
:10230000D4E98823A1EB09090FFA89F9C145C4E989
:102310008E23C8BF022384F81882C8BF84F81832FD
:10232000039B30440D2BC4F81402029B00F09680EE
:10233000002B40F0948094F8F431002B00F0AD8035
:10234000A169D4F8FC3118EE100AC91A0BF0DAFDB5
:1023500080B2002800F0A180169B03B118800120F4
:10236000ABE0D4F8F801374492E7D4F8FC21A36934
:10237000D4F8F001D4F8E8119B1A5F43B4F8CC31DB
:102380009844C3439844D4F8F831303301FB003308
:10239000A18D94F8690002FB083301EB43010AF0B8
:1023A00092FACAF8040089E71C170020A369D4F840
:1023B000FC219B1A5F4394F88E30252B03D094F8B0
:1023C0008F30252B0AD1B4F85432A9EB03031A0439
:1023D00004D494F85732002B18BF9B46049B63B378
:1023E000B4F8CC314BBBD4E98A23D4E98C018242C6
:1023F0008B4102D340F21A5109E794F8690005F0C5
:10240000CBF8D4F830220646D4E98A01A2F194032D
:102410001B1A3B4494F86900049305F0BDF8049B33
:1024200000F2E7374FF47A7206F52340B7FBF2F774
:102430001F44A130B0FBF2F03F1AB4F8CC11D4F82D
:10244000FC31414459433031490058460AF03BFAC7
:102450001C4B586032E740F23251D8E6EBB1B4F889
:10246000E01121B3B4F8E22194F8E431A4F8E221B8
:1024700002FB0333994202F101000EDD94F8183299
:102480005BB1002384F81832A4F8E20101F070FD7A
:1024900000F00700013084F8E40118EE101A94F8F7
:1024A0000B0207F0DDF920B940F27B51AFE60A4696
:1024B000DAE7059B84F8083200200BB0BDEC028BF4
:1024C000BDE8F08F1C1700202DE9F04104460D46B1
:1024D000164690F8F83003F0FF071BB10C2738467A
:1024E000BDE8F0810146454807F06EF82028804697
:1024F000F4D05822394604F1D00008F00BFE84F8DD
:10250000D080C4F8D450FF2384F8F83035B101F0FE
:1025100047FD00F00700013085F8E40102234FF089
:102520000008A4F8083184F800810CF08CFF9E307C
:1025300085B220460CF02DFD014670B30BF086FAF3
:1025400000F5CD6081B230460CF071FF3044C4F824
:1025500004010CF098FF281841F10001C4E944017E
:10256000012084F8D800A4F826800CF0D0FDDB3ED2
:10257000361AC4F8DC604FF0FF326FF00043C4E954
:10258000462394F8D00004F5807107F069F948BB40
:1025900040F2C1113020FEF7BBF920460CF01EFCC2
:1025A000DFF85C80DB30C4F80401B8F8080048B1FB
:1025B000E08C38B101F0F4FCB8F80830B0FBF3F26D
:1025C00002FB130005440CF05EFF2D1841F10001E1
:1025D000C4E94451002ECED0751941F10001C4E97F
:1025E0004651CEE7D4E944230021C4E93A23C4E9A3
:1025F0003C2320460CF0EAFC71E700BFC1CB000091
:102600001C170020F0B5002385B0CDE9003301236D
:102610008DF806306846FEF7C1FD70B11B4E0123F0
:10262000B3720027CDE9027702A8FEF7B7FD054691
:10263000A8B10023B37205B0F0BD00980AF079FB91
:10264000E8E790F80B0207F0FFFE94F80B0284F81D
:10265000F45106F0E5FF202384F80B32E2E7029BF9
:10266000002BE1D093F80B22202ADDD018884FF6FA
:10267000FF739842DDD02946FEF756FD0446002838
:10268000DFD140F22B113020FEF742F91C17002059
:10269000054B00220121DA7219709A7242F210720F
:1026A0001A81FFF7AFBF00BF1C170020014BD87283
:1026B000704700BF1C17002008B504F013FB044B43
:1026C000DA6882422ABF987A002080F0010008BDB3
:1026D0001C1700202DE9F3470446062900F2C680A6
:1026E000DFE801F0047C69798085BF00D0E98A23A6
:1026F000D0E98C0182428B414BD294F80A32002BF4
:1027000047D094F8F431032B43D194F869A00BF02F
:102710009DF9074694F8B001FFF742FCD4E98A120C
:10272000D4F83032D4F8C861814607445046A3EB50
:10273000010804F029FF361A504604F02DFF00F579
:1027400023404FF47A72A130B0FBF2F0321AA2F1BA
:102750007401A2F1D403BFB2490809F5C8699D31DB
:102760007B431FFA89F9B3FBF9F360335A08A1EBF5
:102770005303984502D31144884501D90CF05FFEFC
:10278000A06939460CF053FE0023C4F8FC0184F81C
:102790000A32384B9B7A03F0FF0263B9B4F8BC11DC
:1027A000009201232046FFF709FC38B140F2CA61CC
:1027B0003020FEF7ADF8042384F8F43104F0A6FCD1
:1027C00006F0BAFDB4F88820A4F806220023A4F885
:1027D000423284F8093202B0BDE8F087032380F862
:1027E000F431F8E704F09EFAC4E98C01F3E7856957
:1027F000D0F8FC31DFF87C809D4288BFED1A98F854
:102800000B3098BF00251BB9036B9D4228BF1D46A6
:1028100004F13000D4F8C8710BF0E5FE0744022043
:1028200007F096FCEE1B26EAE676864228BF0646AF
:102830000221304607F0E0FC00B9374440F2D312E1
:10284000394620460BF020FFD4F8C831C8F80C00F8
:10285000A069184407F02CFC0028BCD140F2793163
:10286000A6E702B0BDE8F0470AF041B840F2657152
:102870009EE700BF1C1700202DE9F84306460C46D2
:1028800015467ABB04F02EFAD4E94489074684F849
:10289000D85084F8F8500121D4F8D40000F0D6FFC5
:1028A000D4F8D400C0E98A8994F8D02080F80B22AB
:1028B000C0E98E89C0F844720AF034F920B140F2C0
:1028C0000A713020FEF724F804F020FC06F034FDF5
:1028D000074994F8D000324605F0F8FB28B94FF4C8
:1028E000EF61EEE740F28F71EBE7BDE8F88300BFE0
:1028F00017C90000014B1881704700BF1C1700204A
:10290000F0B5070CA7F5AA42144B543A012A03EA82
:1029100090231FD927F4004042F6AA22801A18BF3C
:1029200001200022162116461F2487EA060562EAC6
:102930000505013510D0DD03ADB245EA5606E503C5
:10294000ADB2013945EA52024FEA53034FEA54044B
:10295000EBD1F0BD0020E4E70020FAE7E0FF3F0004
:10296000304BF0B51A88B0F85C70B0F85A605D88EA
:10297000974228BF1746964228BF16461B2E85B0A1
:102980000C462ED0B5F5A47F2DD040F648039D42CD
:1029900001A928BF1D460AF02CFBBDF80A309F4252
:1029A00028BF1F46BDF80C30E780AB4228BF2B463E
:1029B0002381BDF806309E4228BF1E46BDF8083070
:1029C00066809D4228BF1D46A580FF232370E388B3
:1029D0001B3B9BB2E02B08D940F2F7513920FDF7A1
:1029E00097FF1B2FCED105B0F0BD63881B3B9BB278
:1029F000E02B02D940F2F951F0E72389A3F5A47343
:102A00009BB2B3F5E06F02D940F2FB51E6E7A38831
:102A1000A3F5A4739BB2B3F5E06FE4D940F2FD5186
:102A2000DCE700BF2C17002010B501210020FEF7C5
:102A30007BFB044670B90121FEF738FB044620B940
:102A400040F23D313920FDF763FF034B93F9041049
:102A50000CF088F9204610BD2C17002008B50BF0AB
:102A600004FA00F0FFFD00F0EDFB0BF01BFD00F0A1
:102A70008DFF01F0A7FE00F0A1FF084B1B224FF4D1
:102A8000A4711A805980064B06499A800022196069
:102A9000DA825A821A835A7408BD00BF2C170020AC
:102AA000541B002003021B00044B41F64C52C3E9A7
:102AB00002221B221A74FFF7D1BF00BF541B002053
:102AC0002DE9FF41344DAB68044640F8303F0AF031
:102AD00067F9064600F0A6FB2B7C84F838302F4BB4
:102AE000668710F0200F1B681DBFAA886988A4F8AC
:102AF0005A101B2208BFA4F85A20A4F85C201BB16E
:102B000094F96C1020889847AE7CEF7CB5F814805F
:102B100041F64C53A36116B900F08AFB064677BB19
:102B200000F086FB074666B358B303A920468DF82C
:102B30000C608DF80D70ADF80E800BF038FAAB8894
:102B40006A886978019103332978009103329BB236
:102B500092B204F1140104F11000FEF757FB23694F
:102B600013B940F2CE5114E0636913B940F2CF516A
:102B70000FE0002004B0BDE8F0810920FAE7002E44
:102B8000D3D120880021FEF7E5FA0028F5D040F2E5
:102B9000B9513920FDF7BCFE541B00200C05002064
:102BA000F7B505460E460CF014F9002873D02846F8
:102BB0000CF0EFF940B1B6F80130013B7F2B03D99F
:102BC0001224204603B0F0BD28460CF0E6F908B9FF
:102BD0000C24F6E728460AF098F90028F8D1284690
:102BE0000CF0B1F804460028F2D1284602F0AAFA07
:102BF0000028E5D0B6F80170F17842F2107228464C
:102C000057430CF0B3F928460CF0BBF9014658B90C
:102C10003A462846FFF758FC04460028D1D041F632
:102C200083113920FDF774FE21460DF10600FEF7F1
:102C300005FA064668B3214600F008FEBDF80630E6
:102C40003380284631460CF0B2F928460CF0ABF937
:102C500098B928460CF0A9F901463046FFF730FF35
:102C600004460028ADD13A4631462846FFF72CFCF1
:102C7000044620B141F6A611D3E70121EDE7074B49
:102C80009B68002B9DD0024606F59571304698470B
:102C900097E70D2495E7422493E700BF2C17002007
:102CA000034B5A8802801B7883700020704700BF56
:102CB000541B002037B583781A2B054609D8042BFE
:102CC00005D9012202FA03F3134A134205D1122453
:102CD0001AE0292B01D03B2BF9D12888B0F5706F71
:102CE000F5D269460BF001F988B9019B93F82821C8
:102CF00002F0FF046AB9AA7883F82921FF2283F839
:102D0000282168460BF0A9FB204603B030BD022401
:102D1000FAE70C24F8E700BF200038040188A1F18D
:102D20001B039BB2E02B0CD84288A2F5A4739BB284
:102D300044F24810834204D8034B002019805A8083
:102D400070471220704700BF2C170020034B1A88D1
:102D50005B88028043800020704700BF2C17002052
:102D600038B504784278857804F0010352EA03010B
:102D700004F0020401D1112038BDBCB9002DFAD0F5
:102D8000002B08BF144601E00024254620460AF027
:102D9000FBF80028EFD028460AF0F6F80028EAD021
:102DA000054B00209C74DD749882E5E7002BEBD185
:102DB00014461D46EAE700BF541B002013B50088E7
:102DC00069460BF092F818B10224204602B010BDFB
:102DD000019A92F8F431DBB292F8B020002AF3D1D4
:102DE00013F0FB0FF0D0019890F83A310BB13A2470
:102DF000EBE790F8DC3003F0FF04002BF7D190F8FC
:102E0000D3309B0706D1FF2380F83A3168460BF098
:102E100024FBDAE70249D4300BF06CFBD5E700BFA6
:102E20001DEC0000F0B50778EF2F85B004460D4685
:102E300003D91225284605B0F0BDB0F80130ADF831
:102E40000C309DF90C209DF80C30002AF1DB9DF828
:102E50000D209107EDD1DA063FD49E0603F0030260
:102E600038D5002AE5D11807E3D46378190711D4BF
:102E70002179E278E07942EA0122617942EA01426D
:102E8000A17941EA0021207A41EA00418A42D0D862
:102E90001F2ACED9627A013A062ACAD8A27A032A10
:102EA000C7D813F0040102D1023A012A03D8E27A0A
:102EB000012ABED811B9A27C032ABAD813F0100196
:102EC000227D19D0012AB4D1227E012AB1D8B1B90C
:102ED0001125AFE7032AC6D1ABE713F0600FA8D1E5
:102EE00003F00F0203F00703052BBED0931E012B46
:102EF000BBD9002A9DD1B8E7022AE5D199E7DA07C4
:102F00001FD46378227D03F0180108291ED1022AFC
:102F1000DED11B0709D4E279A37943EA0223227A9E
:102F200043EA0243B3F5804FD2D8BFB201213846FD
:102F3000FEF7FAF8064678B109F0E7FFB8B10C25BC
:102F400078E700F031F90028DBD1C1E7022AE0D0B0
:102F5000A27E002ADDD0BBE701213846FEF7A6F8A5
:102F6000064650B3164B93F904100BF0FBFE3046A7
:102F70000CF004F821462870E07430460BF04AFF4C
:102F8000637E0546002B3FF455AF00287FF452AF17
:102F9000316B02466846FEF7FDF9306B2A46012187
:102FA00009F0D3FB316B68460422FEF7F3F9306B6E
:102FB0002A46294609F0C9FB3CE707253AE700BF46
:102FC0002C17002070B50579042D8AB0034658D817
:102FD0004488B4F5804F54D82B48465D28440021DE
:102FE0004279857AC07BADF8041042F0100242EAC3
:102FF000460242EA850242EAC00202F01F028DF850
:103000000420BDF80420ADF80D201A888DF80F209B
:103010008DF81240120A240A8DF811108DF8141040
:103020008DF810208DF813405A7B8DF815205A79B1
:103030008DF816209A79D3F807008DF81720B3F889
:103040000B209B7B8DF81E307F238DF81F300123D2
:103050008DF80C1006908DF82110ADF81C208DF81D
:1030600020308DF8223003A88DF823108DF824101D
:103070008DF825108DF8261001A9FFF7D3FE0AB0B0
:1030800070BD1220FBE700BF78A60200027803465D
:1030900072B1427862B142881A2A09D982881A2A02
:1030A00006D9044A006810609B889380002070470E
:1030B00012207047541B0020024B02689A600020C7
:1030C000704700BF541B00200378A3F10A02112AA5
:1030D0009DBF024A0020137412207047541B002029
:1030E00008B5052000F090F803F012FA014B024AEF
:1030F0009A6008BD2C1700206129000008B502F075
:1031000009F8FFF7C5FABDE80840014801F0ECBF37
:103110003817002010B50B4C012384F8023102F05F
:1031200001F80CF0B9F80AF09EFE04F203112046F3
:10313000FEF734FB002009F0A7FABDE8104000F0CC
:1031400029BE00BF3817002010B5064C064904F50B
:1031500002700AF040FC04F503700449BDE8104019
:103160000AF039BC3817002010050020180500208F
:1031700010B5094C094904F502700AF02CFC04F55D
:10318000037007490AF027FC04F504700549BDE8FF
:1031900010400AF020BC00BF38170020280500208E
:1031A0003005002020050020014B93F802017047F4
:1031B0003817002010B5074C00F0C8FDD4F80802FD
:1031C0000AF001FCFFF770FC00F002FF012384F815
:1031D000143210BD38170020014B93F814027047C9
:1031E0003817002010B5074CD4F80C020AF0EBFB9E
:1031F000D4F810020AF0E7FBFFF730FC002384F854
:10320000143210BD38170020C2080549012300F010
:10321000070003FA00F08B5C18438854704700BF26
:10322000D0040020014BD3E900017047D0040020F6
:10323000034B1868C0F30020400040F001007047C5
:10324000D004002008B50CF0FCF8084A002332F83E
:103250002310814205D302EB83039B78044A137049
:1032600008BD01330C2BF2D10023F7E78CA6020036
:103270004D19002010B544682388A4F8783194F8DB
:10328000683084F87711012B06D0022B04D040F26D
:1032900017310620FDF73CFB84F87A3194F8693049
:1032A000012B01D0022BF2D184F87B31044904F5C3
:1032B000B7700BF01FF9002384F8343110BD00BF44
:1032C00051DA0000406808490388A0F86A3190F894
:1032D000603080F86C3190F8613080F86D3100F228
:1032E00061100BF001B900BF67DA0000044B002247
:1032F00083F822204FF6FF729A84DA841A85704789
:103300004E190020054B9A8C824201BF002283F89F
:1033100022204FF6FF729A84704700BF4E1900209A
:10332000014BD884704700BF4E190020084B998C80
:103330004FF6FF72914206D193F82220012A04D061
:10334000036001207047002303600020704700BF26
:103350004E190020064B93F82220012A1FBF01209E
:10336000DA8C83F822009A8408BF0020704700BFDF
:103370004E190020014B1885704700BF4E190020E0
:10338000064A918C138D994205D192F8223013B1DF
:103390000260012070470020704700BF4E190020D6
:1033A000094B998C1A8D914201D0002070474FF63D
:1033B000FF729A8493F82220002AF6D0002283F824
:1033C00022200120704700BF4E190020054B998C28
:1033D0001A8D914203BF93F82200B0FA80F04009A1
:1033E000012070474E19002050B90A4A13460120A7
:1033F00003F8010B0868C2F801008A889A807047B8
:10340000012805D1034B0A689A608A88D8719A818D
:10341000704700BF7819002048B90A4B187880B16E
:10342000D3F80120B3F805300A608B80704701287B
:1034300006D1044BD87920B19A680A609B89F4E7D9
:10344000002070477819002020B9054B187800F04B
:103450000100704701280ABF014B0020D879F6E728
:1034600078190020F7B500228B888DF80600ADF89A
:10347000043008680C4B8DF80720019D1C7801462C
:1034800003F5AC73D0B2844201D8082009E0D3E937
:103490000076AE4208BF8F4203F1080302F1010239
:1034A000F0D103B0F0BD00BF8819002030B5094B42
:1034B00001465C78002203F58173D0B2844201D8C2
:1034C000082005E013F8015B8D4202F10102F4D1FE
:1034D00030BD00BF88190020F0B5254D95F8984102
:1034E00089B0224605F29911684607F09DFD2146F4
:1034F00068460AF0D9FC0446B8B300EB4001C9B2F3
:1035000002A8FDF78DFB601E95F8A161C0B20124F1
:1035100095F8982105E0731CB3FBF2F102FB11331F
:10352000DEB206F120030DEB030111F8203C002B65
:10353000F1D100EB400220326A4406EB46032B44F3
:1035400012F8187C83F8A27112F8177C12F8162C66
:1035500083F8A37183F8A42101F8204C0138AB193A
:10356000C0B2FF2883F89941D2D109B0F0BD00BFA5
:103570008819002070B5064688B00C46002A4FD046
:103580002A4A92F8A131D01890F8991121B94FF434
:1035900080712820FDF7BCF903EB4301114401338E
:1035A00091F8A251E57091F8A35191F8A4116171BD
:1035B0000021257180F8991192F89811B3FBF1F070
:1035C00001FB103382F8A13192F8C23123B91849B6
:1035D00002F5DD700AF08BFF657905F03F0545F0D7
:1035E000400565710D220021684607F093FDE378E0
:1035F0008DF80F3023798DF80E3004AA0423694624
:1036000030468DF80D5007F0B3FA9DF81F30237047
:103610009DF81E3063709DF81D30A37008B070BD1A
:1036200003216018FDF7FCFAD6E700BF88190020D7
:10363000D9340000044B5A78824286BF1B1893F895
:103640004A010020704700BF88190020044B5A78B7
:10365000824286BF1B1893F842010020704700BFCA
:1036600088190020064B00224FF461711A8083F8FC
:10367000C32183F8C421A3F8C61183F8C22170477F
:1036800088190020014B83F8C40170478819002075
:10369000014BB3F8C60170478819002030B50A4BBA
:1036A0005C7884420ED9184490F802012B3003EB69
:1036B000C004A5790D7053F830001060A388938082
:1036C000012030BD0020FCE7881900200246074891
:1036D00010B590F8C34124B1417821B1023002F015
:1036E0003DFF204610BD0C46FBE700BF88190020B7
:1036F0002DE9F74F2F4C00921A466378834280469B
:10370000894654D9231893F8425185F00105E9B14F
:1037100093F84A31D3B945F002070135C2B9F90728
:103720000BD5062101FB084104EB081001F585715A
:1037300082300092FFF71EFF009ABB0733D504EBDF
:10374000081049460230FFF715FF2CE02F46E5E749
:1037500094F8A1614FF0010A002DE0D004EB060BB4
:103760009BF8991199B9009B0192D3B100F000FC2C
:1037700006EB460121444FEA102C81F8A201019A80
:1037800081F8A3C1000C81F8A4018BF899A194F8E9
:1037900098110136B6FBF1F001FB1066F6B2013D5F
:1037A000DAE747F00407384603B0BDE8F08F00279A
:1037B000F9E700BF88190020074B5A78824209D9DF
:1037C0001A1892F842212AB9062202FB003000F5AD
:1037D000857070470020704788190020064B5A7882
:1037E000824281BF1B1893F83A01B0FA80F0400979
:1037F00098BF0020704700BF8819002030B5002412
:10380000A0F84240B0F8464042F210754C43B4FB79
:10381000F2F4A0F84640541E05FB0343B3FBF2F359
:10382000A0F84430084BB3FBF2F30133A0F84A3060
:10383000838F05FB0344436BB4FBF2F45943846369
:10384000B1FBF2F2426330BD005A620270B5044629
:103850000D4649BB4FF4207207F05CFC012384F84D
:1038600096306FF0360384F8E330042384F8E430B4
:103870006FF03B0384F8E5306F2384F8E6306FF097
:103880003F0384F8E7302B2384F8E230FE2384F8EA
:103890001E317F2384F88D30202384F8E85084F88B
:1038A000E95084F80B3270BD012922D10023A0F821
:1038B000CC3180F8C331154B82691344B3FBF2F36A
:1038C000C0F8B83040F6B833A0F8BC301146438C8D
:1038D0008030FFF793FF07F063FA30B1E069FFF73C
:1038E0000FF810B984F8AF51DDE7002384F8AF3149
:1038F000D9E70229D7D1B0F86232D0F85C228169C9
:10390000BDE870408030FFF779BF00BF7FC3C901B9
:10391000034B80F86C101B680BB100881847704788
:1039200038050020074B93F900301844142804DCB4
:1039300010F17F0F03DB40B27047142070476FF027
:103940007E007047501B002007B57F230DF1070054
:103950008DF8073003F0A6FC9DF9073068B10A4ADC
:103960005078404243FA80F0142808DC10F17F0FB1
:1039700007DB40B203B05DF804FB1846FAE71420F9
:10398000F8E76FF07E00F5E7501B0020024B0022A5
:103990001A705A70704700BF501B0020054BFF2261
:1039A0001A70054A016811600179117100221A70BC
:1039B000704700BF521B0020D804002007B5064BFB
:1039C000186800901B798DF804306846FFF7E6FF11
:1039D00003B05DF804FB00BFEAE00200437843B1A6
:1039E000C2783A2A07D80549885CC31A5842584118
:1039F0007047184670470120704700BFBCA6020000
:103A00003A2908B5C17003D8064B5B5C437008BD0A
:103A1000FF2904D04FF489612A20FCF779FF0123A4
:103A2000F4E700BFBCA602002DE9FF478A4602A9C1
:103A3000154699460AF059FA064600283CD1039FDC
:103A400035B9012487F89540204604B0BDE8F087D9
:103A5000D7F810802946404608F050FC044600285C
:103A6000F2D0174B5B88AB4228D3014601AA4046EF
:103A700008F087FD97F895300198002B0CBF514650
:103A800002210AF013FC01982A464946033007F048
:103A9000CBFA2946404608F076FC044618B97A214C
:103AA0002B20FCF735FF02A80AF0D7FC039BA3F8F4
:103AB000BA6187F89560C7E70124C5E73446C3E7D4
:103AC000541B0020024B987DC04300F0010070475A
:103AD000541B0020034B987D80F00200C0F340008F
:103AE000704700BF541B002083230B70014B1B78D1
:103AF000CB707047701B00207FB505460C4621B97E
:103B00004FF48B711020FCF703FF03888B80002398
:103B10004B724669304608F026FD014610B940F266
:103B20001F11EFE701AA304608F02BFDE08010B925
:103B30004FF49271E6E7FB2802D94FF49371E1E765
:103B400001980AF0BBFB012801D0022805D12072A0
:103B5000206828B940F23D11D4E74FF49B71D1E7BA
:103B60000199E288033107F05FFA304608F011FD51
:103B700010B94FF4A171C5E70021304608F067FC89
:103B800010B940F24711BDE70A4BDA7D82B11A8BBA
:103B90002888013A02A91A830AF0A7F910B14FF454
:103BA000A871AFE7039AB2F8A6300133A2F8A630A5
:103BB00004B070BD541B00202DE9F74306460D46A6
:103BC0004FF0050800274FF003092B6943B11B7A1A
:103BD00033B12C69A4B90022104603B0BDE8F083CC
:103BE0006C68237A012BF6D0EFF3108372B66A6803
:103BF00012686A6003B962B6237A002BE5D02C61A3
:103C0000237ADBB284F80880013B0B2B65D8DFE810
:103C100003F0610620335E643C646464645163684D
:103C200023B94FF4EE711020FCF772FE31462046A6
:103C300098470422EFF3108372B6217A0529C8B29F
:103C400001D0002852D127722F61002B4AD162B6D1
:103C500048E0636813B940F2E511E4E731462046D5
:103C60009847C0F30723012BADF80400C2B237D048
:103C7000022BDFD12F6135E0636813B940F2EF11F9
:103C8000D1E7204698470022D4E763680BB9DB21CF
:103C9000C9E70B2232701988A6F80310012200240C
:103CA000B27072711869B471214608F0D0FB2C61B2
:103CB000042291E7606810B940F21A21B3E70E4B75
:103CC00031461B68984700232B61022284E740F2AB
:103CD0002321A8E740F22621A5E740F22921A2E707
:103CE00084F80890002A3FF470AF75E7002B7FF44A
:103CF0006CAF62B669E700BF3C05002038B5124CD6
:103D0000231D14220021184607F004FA034601255A
:103D1000257414220433002104F11800C4E901338E
:103D200007F0F8F984F8245004F11C03C4E90633C1
:103D30000023E362236384F83430C4F83530C4F8D8
:103D4000393084F83D3038BD701B002010B5084C68
:103D50002378FF2B04D04FF4B7711020FCF7D8FD67
:103D600006F04EFF2070BDE81040FFF7C7BF00BF50
:103D7000DD04002010B5034C207806F05DFFFF2322
:103D8000237010BDDD040020014B187806F064BFDD
:103D9000DD040020014B024A1A6070473C050020F8
:103DA000F93A000038B50B4D05F118010446FFF74C
:103DB00003FF70B9AB681B7A0C2B04D1064BDA7D7C
:103DC0000AB11B8B2BB120460449BDE83840FFF7F0
:103DD000F3BE38BD701B0020541B0020741B002054
:103DE00010B51346027A22B140F2C9211020FCF727
:103DF0008FFD0A46BDE81040014601480AF054BB59
:103E0000741B0020044890F834301BB903492C304F
:103E10000AF067BB704700BF701B00209BE40000E6
:103E20000346064890F83E203AB190F83D2022B96A
:103E300000F8353B02490AF054BB7047701B002064
:103E4000E93A000010B50A46037A23B140F2D121C5
:103E50001020FCF75DFD0146BDE810400148072336
:103E60000AF022BB881B00201346027A0AB10372B3
:103E700070470A46014601480AF016BB741B002031
:103E80001B234FF01B128384038482618382C260F0
:103E9000038539B94FF4A473034AC3844384C261D0
:103EA000C3820261704700BF480148010346F0B475
:103EB000B3F85420B3F84840B3F84460DF8FB3F848
:103EC0004250944228BF14460846B3F84C20B3F839
:103ED0005610DC878A4228BF0A46B3F84610A3F87A
:103EE0004220914238BF1146A64238BF2646A7421B
:103EF000A3F84460A3F846101FD1AA1A18BF0122E4
:103F0000B3F84A50B3F85040B3F852709E8FB3F8EC
:103F10004010A54228BF2546B3F84E409D87BC42BD
:103F200028BF3C46AE42A3F8404002D1A14200D196
:103F30002AB1F0BC03490AF0DDBA0122E0E7F0BC87
:103F4000704700BFFBE400000B8BA2F80B304B8BDB
:103F5000A2F80D308B8BA2F80F30CB8BA2F80900A2
:103F60000249A2F8113010460AF0BEBA4BE5000033
:103F7000094AD2E90003434083EAB01181EA4321B0
:103F80004FEAF3435360054B116058434FEAF0602A
:103F900000EB8000704700BFB01B0020BB79379E4C
:103FA000094AD2E90003434083EAB01181EA432180
:103FB0004FEAF3435360054B116058434FEAF060FA
:103FC00000EB8000704700BFE0040020BB79379E03
:103FD00010B50A4C09480821FCF722FED4E9002359
:103FE0001343F7D0064CFFF7DBFF2060FFF7D8FF45
:103FF000236860600343F6D010BD00BFE0040020DA
:10400000B01B0020174B184A9A60184A5A60184A89
:104010001A60184A9A62184ADA62184ADA60184A2C
:104020009A61184A1A63184A1A62184ADA64184AD6
:104030009A64184A5A62184B184A9A60184A5A6287
:10404000184ADA62184A1A61184A5A61184A9A617B
:10405000184A1A63184A9A64184ADA64184A9A6322
:10406000704700BF4005002013E8000049E8000049
:10407000C1E8000049EA00009DEA0000C9430000D1
:10408000B3EA000039460000AD44000093EB0000A5
:10409000AFEB0000054500002C06002035E80000CD
:1040A00053EB0000D5EA000079EA0000F9EA0000CD
:1040B0004D4400003BEC0000E7EB0000D5EB0000B6
:1040C00039EB0000044B054A5A65054B054A1A6551
:1040D000054A5A65704700BF4005002081E900008D
:1040E0002C06002067E90000F1E90000054B064AB4
:1040F0009A65064A1A66064B064A9A65064ADA65C2
:10410000704700BF40050020AFDB000045DC000029
:104110002C060020EBDA00002BDE0000252A70B50B
:1041200005460C4618D8012A19D9023A232A16D86E
:10413000DFE802F01A1525242433153515243944F7
:104140004815154D242467676D741515151515153B
:104150001515151515808990FF2A00F0828040F210
:10416000FE315120FCF7D4FB02784368012A02D1CA
:1041700093F8203101E093F82931237170BD416833
:10418000204601F5EB710AF003F96968204601F554
:104190008A71BDE870400AF0FDB84368E8E7BDE801
:1041A000704000F011BA0E230B7159234B7100239C
:1041B0008B719A23CB7110230B72DFE7436893F85E
:1041C0001A31DAE7BDE87040084600F0EBB9037831
:1041D000466873B996F820315BB196F81D112046F8
:1041E0000AF029F996F81C112046BDE870400AF043
:1041F00026B996F81B1120460AF01DF996F81A11F7
:10420000F2E741682046BDE870400AF0B7BA43685B
:1042100093F83621227193F8373109E0436893F817
:104220003421012AF4D093F864200A7193F86530A0
:104230006371A3E7104B1B68002B9FD0024623201D
:10424000BDE8704018470C4B1B68002B96D0024607
:104250002420F5E7084B1B68002B8FD00246252051
:10426000EEE74368204693F84F22D3F85012BDE89A
:1042700070400AF027B800BF180700203A289ABFFC
:10428000024B53F820000020704700BF400500207B
:104290003A289ABF024B53F820000020704700BF15
:1042A0002C060020F7B545682E6904464FF6FF77C7
:1042B0000DF102010DF101023046ADF8027008F077
:1042C0007EF801A9304608F09DF840B1019808F049
:1042D0005EF9616800220272FFF7B4FDE8E7044965
:1042E00005F1A80003B0BDE8F0400AF0FDB800BF3A
:1042F000ADE70000F0B5044685B00D46FF2600F896
:10430000856C10F8863CF3B1174F3B781BB1482100
:104310001F20FCF7FDFA0C21381DFCF781FC3E70D4
:10432000002304F8853C2A46072302F8033BD4F80F
:104330000930C5F80330D4F80D305360D4F811308B
:10434000936005B0F0BD01A80C21FCF769FCA4F551
:10435000A873039A1A6001AB03CB44F88E0C44F89F
:104360008A1C04F8866CDBE7B81B002010B5054CEE
:1043700023782BB90C21201DFCF752FCFF2323705E
:1043800010BD00BFB81B0020024690F8DE31BBB95B
:1043900090F8DF3103F0FF010BB100207047094BAB
:1043A00018780028F9D01970D968C2F814110433AC
:1043B00003CBC2F8D601C2F8DA11FF2382F8DE314E
:1043C00001207047B81B002038B5426892F88F3042
:1043D00004460D463BB1132B05D0113B0B2B94BF6C
:1043E0000820012038BD92F8D23013B920460AF0D7
:1043F00083F96168284601F5E77109F0BEFF61683D
:10440000284601F5887109F0BFFF61680B88A1F8A3
:104410006D32284601F26F2109F0A7FF6168284636
:1044200001F2772109F0A6FF6368002583F8DE51C9
:104430006068054900F519700AF053F863681522A1
:1044400083F88F202846CDE7F542000038B5436851
:1044500093F88F201C2A044604D040F2BB111F2081
:10446000FCF756FA93F8D2101D88002283F8D12069
:1044700003F5D17069B10B4983F8D220A3F8AC5190
:1044800083F8AB210AF02DF86368002283F88F20AF
:1044900038BD012283F8AB11A3F8AC51024983F86F
:1044A000AE21EFE735EA000027EA0000436830B5A7
:1044B000D3F8804014F001001FD14D68104A89687C
:1044C000A3F8CE002A40C3F8E220C2F3076242F00C
:1044D000080221F41E5121F0100183F8E52093F821
:1044E000D0200904090C013244F00104C3F8E6109D
:1044F00083F8D020C3F8804030BD0120FCE700BF26
:104500002FC904F710B5406890F88E30042B2FD1D6
:104510004C688A68184B22F41E522340C0F8E230DF
:1045200022F01002C3F3076343F008031204120CD5
:1045300080F8E5300023C0F8E62080F8CC3080F821
:104540008E3090F8842102F0FF049AB90388A0F815
:10455000863180F885414B68C0F888318B68C0F897
:104560008C31064900F5BE7009F0BBFF204610BD36
:104570000124FBE71C46F9E72FC904F717EB0000FD
:10458000406890F8843153B90388A0F886311A2323
:1045900080F88531024900F5BE7009F0A2BF70476E
:1045A00017EB000010B50446FEF73CFE21F41E5147
:1045B000044B21F0100109040340090C6360A16061
:1045C00010BD00BF2FC904F737B50C464568FEF78C
:1045D00029FE0A4B95F8E22021F41E5121F010012A
:1045E000034009040093090C13408DF80030019139
:1045F0006B4603CB6060A16003B030BD2FC904F7E8
:10460000DB0410B5144604D5037D13B100234363C6
:1046100010BD436B013343630AF0F2FAD0E90D2376
:104620009A42F5D30023436302492046BDE8104077
:1046300009F060BF85EB000038B5446894F88E300F
:10464000012B0D4603D0D4F88030980745D494F858
:10465000D330990719D4284609F09FFE84F8DD006D
:10466000B5F80530A4F8DE30B5F80730A4F8E0302E
:1046700094F8D33043F0020284F8D320DA0711D53E
:10468000174904F1D40009F035FF94F8D330DB0763
:1046900018D4D4F8803013F0020208D055214020FD
:1046A000FCF736F994F83A31002BE9D1EDE743F005
:1046B0000203C4F8803094F8D030A4F8CE2001333F
:1046C00084F8D03094F88E30012B4FF0000003D1E5
:1046D00084F88E0084F8CC0038BD0120FCE700BFD0
:1046E0001DEC000070B545680446FFF72DF9054B39
:1046F00085F88D001B6801461BB12046BDE870405F
:10470000184770BD20070020024B1B6803B11847F3
:10471000704700BF1C070020F0B5204D2B78002407
:104720001470CBB3013B6F68DBB21D1B012D0BDC9A
:1047300007EBC40557F834606D688D4208BF8642A8
:1047400012D114700120F0BD1D196E1007EBC60EBA
:1047500057F836C0DEF804608445C5F347058E413E
:104760002CBF2B462C46E0E7B04271EB050502D288
:1047700014700020E7E707EBC30457F83350646870
:104780008C4208BF854201D11370DBE7A842A141EA
:1047900028BF01331370ECE71846D4E7D81B00207C
:1047A00010F0070208B503D063214820FCF7B0F8E9
:1047B00018B1034B197258601A70C80008BD00BFC9
:1047C000D81B0020014B00221A707047D81B002014
:1047D000014B187A704700BFD81B00202DE9F74322
:1047E0000AF056FA0DF1070206460D46FFF794FF50
:1047F00098B910490A780B7A93420ED04C68134648
:104800006FF060479DF80700984209D304EBC0039E
:10481000C3E9006501320A70012003B0BDE8F083EE
:10482000D81904EBC000D0E90089013BC0E9028936
:10483000DBB2E7E7D81B002037B50AF029FA0DF103
:104840000702FFF769FF0446A0B10C4A9DF8070074
:1048500013785568013BDBB213701A1AD2B2411CAF
:10486000D200834238BF002205EBC10105EBC00036
:1048700006F096FB204603B030BD00BFD81B0020D9
:104880000A46822302F8033B04480368C1F8033058
:104890004368536083689360704700BFE11B00204A
:1048A00002481622002106F035BC00BFE11B0020A3
:1048B00082B002AB03E903000B48437D93B153067A
:1048C00010D50A880280D1F83022B1F888304260D1
:1048D000D1F8342205498260438002220C3002B0B4
:1048E000FFF7C2BA02B07047E11B00208148000008
:1048F00038B5074D044600F15101286809F04CFC19
:1049000094F850102868BDE8384009F053BC00BF47
:10491000F81B0020F8B504460E466588407F15F068
:10492000040508BF2946134618BF04F15F0132464B
:10493000FEF7DEFEC20705460BD5012384F8503092
:10494000607FFEF739FF0368C4F851308388A4F80C
:104950005530AB070CD5094E0127306884F85E70DE
:1049600004F15F0109F01FFC3068394609F02BFCA7
:1049700085F00400C0F38000F8BD00BFF81B0020E4
:1049800038B5C38D0E4D0133C385AB7C04462BB1C6
:1049900002F07AFC01F014FE0023AB7400232B71AB
:1049A00094F879302BB101212046BDE8384008F059
:1049B0006DBA637C13B1E28D9A42F4D20021F3E721
:1049C000F81B002010B5094C2379012B02D0237964
:1049D000022B05D1A37C1BB102F056FC01F0F0FDC7
:1049E000E069BDE81040FFF7CBBF00BFF81B002017
:1049F00070B5294C2379012B07D02379022B04D0E1
:104A000040F63C412D20FBF783FFA0B90125A37C94
:104A10001BB102F039FC01F0D3FD002D3AD0E06962
:104A200008F0ACF9002830D002F01EFB236ABDE884
:104A300070409B6818472168E26911F8095B02F130
:104A40005103E80992F8502009F010FA0028DDD04F
:104A50002068002109F0DCFB0028D7D02379E06929
:104A6000012B05D02379022B02D040F61541C9E76E
:104A70002379226A03F180435269013B05F00F015B
:104A800052F8233098470546C1E7E069BDE8704019
:104A9000FFF776BF70BD00BFF81B0020074A034632
:104AA000D06903B909B9FFF76BBF1379126A03F133
:104AB00080431269033B52F823301847F81B00204B
:104AC0002DE9F043032985B0054690467BD090F848
:104AD00078300529DBB202D14288D0075FD5002BA0
:104AE0005DD10127DFF8E89099F81260B6B109F0BE
:104AF000F2F9082888F8000014D002AA0DF1070185
:104B0000FEF7CCFD20B940F685612D20FBF700FFB4
:104B10009DF8070002A90AF0C7F8064698F8003089
:104B2000082B08D1D9F8001011F8030BC0F380103E
:104B30000AF0BAF80646D9F8001095F8572011F88F
:104B4000030B05F15803C0F3801009F08FF9D9F871
:104B50000010044611F8030BC0F3801009F0B1F9FE
:104B60008146FEF73BFE40B1B9F1080F1CD0484624
:104B7000FEF760FD80F00100C0B298F80020082A1E
:104B800016D09CB96B7F991A4B424B416A885207E9
:104B900006D420B99EB9EB7C9BB1BB4211D0002357
:104BA000184605B0BDE8F0830020E6E70123EDE7F5
:104BB00014B180F00104E4B204F00103E6E73346E7
:104BC000EEE70123ECE743889B07E8D5022789E756
:104BD000F81B00202DE9F04F85B008230DF10702E6
:104BE000052104468DF80730FFF76AFF064620B915
:104BF0000026304605B0BDE8F08F7A4F3968FA7C60
:104C000011F8030B07F11403C0F3801009F02EF91B
:104C100080460028ECD13B68216A184691F896201E
:104C200010F8035B02EA551202F0010281F89620A7
:104C3000D3F80320C1F803208288A1F80720194681
:104C4000226A11F81F0BC0F38010907009798DF85B
:104C50000C10D3F80F10D3F81F00D161597D0290CA
:104C6000187D090441EA0021D87C01435162B3F860
:104C7000191040F2E24909FB01F191619D7DC5EBFC
:104C8000451105EB810505EB85056D009585B3F8AC
:104C9000171009FB01F19162B3F81B101184B3F8EE
:104CA0001D10518493F8243003F01F015B0982F832
:104CB000A21082F8B031256A94F912B002A905F168
:104CC000960009F0C1F940F20113A5F868304FF0E1
:104CD000FF0A85F86AA0414605F13000FFF7D0F8D9
:104CE00059462846FEF714FE236A84F883801A8802
:104CF000A4F8842084F8A1A04FF6FF72A4F8A220A3
:104D00009A69B2FBF9F2A4F89A201A8CA4F89C20B4
:104D10005A8CA4F89E2093F8B02184F8A020227F1A
:104D20009DF8070004F18E015AB394F85020012A2F
:104D300027D194F8562002F0C002402A21D1D4F89D
:104D40005120C4F88E20B4F855208A809A7884F8CF
:104D50008720082803F1030504F18802D3F8033003
:104D600004F1940134D0C4F89430AB888B8004F102
:104D70008701FEF793FC40B940F69B312D20FBF7ED
:104D8000C7FD0022C4F88E20DFE794F8873043F097
:104D9000020384F88730144904F17A0009F0A1FB7A
:104DA000236A12491A88A4F8BB2093F8963084F835
:104DB000BD3004F1B20009F094FB0D4B206A1B6872
:104DC00000223A71002B3FF414AF2146984710E7B8
:104DD000C4F88830AB8893800023C4F894308B806B
:104DE000D9E700BFF81B0020EBEC0000BDEC000091
:104DF00028070020032973B5044604D0052952D0A2
:104E0000012002B070BD08230DF107028DF80730B4
:104E1000FFF756FE0028F3D0237C284D03B39DF8FE
:104E2000070094F8C630DBB9237884F8C730082827
:104E300004F1C90228D004F1C801FEF72FFC20B903
:104E400040F6FB612D20FBF763FD94F8C83043F07A
:104E5000020384F8C8301A4904F1BE0009F041FB8E
:104E60002B68062204265A701E702046FFF740FD6C
:104E700094F84020E16B286809F0BBF928682E718E
:104E800002F092F90020BCE72868034613F8031BE0
:104E9000C1F3801184F8C810D0F80310C4F8C91009
:104EA0009B889380D7E7074B1B6823B1984780F016
:104EB0000100C0B2A5E71846A3E700BFF81B002019
:104EC000D3EC000024070020F8B504460F4619B3C0
:104ED00000F1280528460AF0F3F8A0B963881A07FC
:104EE0002ED528460AF003F9064628460AF0E8F8C7
:104EF000301AC0B20AF00BF9444A93681844906023
:104F000028460AF0B9F828460AF0BBF802F040F843
:104F10002179252001F036FF3C4D94F85E20286869
:104F20000023037043706388103B0D2B5ED8DFE8CD
:104F300003F0595D550C5D405D5D5D5D5D5D5D40FF
:104F40002046BDE8F840FFF71BBD06234370202331
:104F500003702046FFF7CCFC638823F008039BB264
:104F6000152B05D094F83820616B286809F032F9C8
:104F7000286802F019F9032321792B71002002F02F
:104F80000DF8064607B9E86063881B0704D50AF0E8
:104F9000BBF83044C4F8E0006388103B0D2B30D8D8
:104FA000DFE803F0322F29292F292F2F2F2F2F2F22
:104FB0002F290C2343702123037042B104F15F01B8
:104FC00009F0F1F80121286809F0FDF8C1E704F1C2
:104FD000580109F0E8F894F85710F4E70623037035
:104FE0004370B6E7022303700623F9E740F2266117
:104FF0002D20FBF78DFC21790120BDE8F84002F05F
:105000005DB940F6AA41F3E7F8BD00BFF81B0020E8
:1050100038B54388102B044604D1BDE8384001213F
:10502000FFF752BF0B4DAB7C23B101F0AFFA40202C
:1050300002F01EF9286802F0B7F8608810F004004A
:1050400002D1217902F03AF9002002F0EDF80123B3
:105050002B7138BDF81B0020024B0121D869FFF7E6
:1050600033BF00BFF81B002010B5134CA37C1BB14D
:1050700002F00AF901F0A4FAE06907F07FFE70B1CE
:105080002379E069012B0FD12379226A03F1804350
:10509000D268013BBDE8104052F823301847E06960
:1050A000BDE81040FFF76CBC2379022BECD040F632
:1050B00043312D20FBF72CFCF81B002010B50948CC
:1050C000037903F0FF0453B918222146043006F097
:1050D00021F802F0D9F801F073FA204610BD0C2433
:1050E000FBE700BFF81B002010B5094C002323711B
:1050F0002060FFF7E3FF20B140F2F6212D20FBF7FF
:1051000007FC236A13B940F2F921F7E710BD00BF8D
:10511000F81B0020014B024A1A627047F81B00205E
:1051200004540000034B044A1A60044B044A1A60FA
:10513000704700BF24070020D54B0000280700203F
:10514000792800002DE9F041067DB31EDBB2012B6A
:1051500004468CBF4FF000084FF001087EB3B71E25
:1051600018BF0127012B36D800F1580190F85700DD
:1051700008F0A7FE082805462DD0FEF767FA58BBB1
:10518000657784F81C8084F85070FEF781FA054634
:105190000AF079F9174BA5FB0335181845EB010503
:1051A0000022C4E9120584F85E2011462046FFF76C
:1051B000B1FB70B940F293412D20FBF7A9FB3746B4
:1051C000082504F151010020FEF726F90028D7D167
:1051D0000020BDE8F0810825022EF2D0E37E002BEE
:1051E000F6D0D4F81530C4F85130B4F81930A4F81A
:1051F0005530C5E740420F00F0B5464E327987B0D2
:10520000044602F0FF0312B90278FF2A04D140F6E7
:10521000A9112D20FBF77CFB3382B3607371B3714E
:1052200080F879303C4B02933C4B03933C4B049306
:10523000336A02A85B68059301F0AEFF01F0E0FD60
:1052400002F022F801F0BCF9364801F07BFE364846
:1052500001F09CFF04F12800019009F00DFF019876
:1052600009F00FFF01F094FE2179252001F08AFD5D
:1052700094F9120001F060FE04F13401206B07F094
:1052800081FA04F13C010746206B07F0A0FA0546BD
:1052900017B194F82430C3B90DB194F82550237F89
:1052A00013B963885B0709D5D4E912126FF0004384
:1052B0009A4208BFB1F1FF3F09D185B93068033088
:1052C000FEF704FAB07407B0F0BD0125E7E70AF075
:1052D000DAF8D4E91223904271EB0303EDD30122F3
:1052E00005EA02012046FFF715FB68B1FEF7D0F989
:1052F00005460AF0C8F80D4AA5FB0232181842EB21
:105300000102C4E91202D9E7002DD7D040F6DE1120
:105310007FE700BFF81B002069500000F149000042
:105320009D4A0000D6BE898E5555550040420F005B
:10533000F7B50446FFF760FF00212046FFF7C4FDE4
:1053400004F1680008F088FD236F0BB101221A6098
:105350006388DB0721D50023114E256ACDE9003390
:10536000FF23F37405F10A076846FBF717FFA0B99E
:10537000009CA542F8D06A7A607A3B4604F10A01A3
:1053800008F074FD0028EFD0A378F374D4F803007C
:105390007061044BB4F807209A8003B0F0BD00BFE1
:1053A000F81B00200C1C0020024BD8611B6A1B68F4
:1053B000184700BFF81B002043881B0710B50446A0
:1053C00011D5036A0A493C2280F883201B88A0F883
:1053D0008430FF2380F8A1304FF6FF73A0F8A2308D
:1053E0007A3009F07EF8FF2384F8793010BD00BFD1
:1053F000EBEC0000F54D00001150000043ED000003
:105400003DED000031530000C54900005950000037
:1054100000540000F8530000F45300000138022843
:1054200008B503D9C3212F20FBF772FA13290A4BC1
:1054300005D811290CD8102907D0D121F3E7152957
:10544000FBD103EB4003D88801E033F8100008BD1E
:1054500003EB40039889FAE7F8A60200F8B52F4B52
:105460001A88402842EA00021A8005D1042198686F
:10547000BDE8F840FDF72EB9802801D10521F6E7F7
:1054800000F00302032A04D140F6CA113120FBF7D1
:105490003FFA10F0020418BFD960C50705D5CA78D5
:1054A0001961062A0DD00B2A18D02CB1DA68D278EF
:1054B000052A1FD00B2A2AD0820644BF08221A755B
:1054C000F8BD9A6892F88F101829EED100260027AF
:1054D0000121C2E93C6782F89310E6E79A6892F8E6
:1054E0008F10122901BF002182F89310012182F848
:1054F000D210DAE79A6892F88F101629DCD10024CE
:105500000025C2E93E45012182F89410D4E79A684B
:1055100092F88F101129CFD10021F5E71C1C002033
:1055200013B5044601A8FDF701FF20B940F2CA7186
:105530003120FBF7EDF922220021019805F0EAFD68
:105540000198032108F0B2FE0198037823F01003BC
:1055500003702146FEF754FA019906482246FEF7E9
:10556000DDFDFDF7F7FE10B940F2D471E0E702B0BF
:1055700010BD00BF201C002070B5274CA36893F815
:10558000566293F85752002E3FD193F86810002DC1
:105590003DD193F8692083F8681083F86920FF22D1
:1055A00083F86A201D4B1B680BB1A0689847A3685D
:1055B00093F83431012B02D056EA050303D0184882
:1055C0000021FDF757FEA068303009F00CF80546C1
:1055D000A06800F24511FEF769FCA0680621FDF7FE
:1055E00079F8A068303008F0FEFF8542044610D2FA
:1055F00002F08CFD0146601B322838BF322004F0D7
:10560000FBFDB0FA80F0400970BD3146BFE72A4685
:10561000C1E70120F8E700BF1C1C00203007002074
:10562000201C0020002908BF1F21172810B50346A1
:105630000BD80D280DD90E3809280AD8DFE800F05C
:105640000B0909090B090B09110BA0F12303022B0C
:1056500023D9002010BDBDE810400021184609F0F4
:105660005ABD114CA36893F88E20212A09D1201D20
:10567000FDF700FEA368002283F88E2083F8CC207B
:10568000E7E72E2AE5D193F88F30A3F12002062A0E
:10569000F0D92E2BEED02A21E9E7044B1B68002B12
:1056A000D7D0BDE8104018471C1C00202C07002054
:1056B000114B09790246986890F88E30212B11D051
:1056C0002E2B0FD0282B0FD0042B0FD00F2B0FD049
:1056D0001D2B0FD090F88F30232B14BFFE201720E6
:1056E000FFF7A0BF1620FBE72320F9E70E20F7E71E
:1056F0001220F5E71420F3E71C1C002008B50C4B22
:105700009B6893F81E21FE2A04D040F2D971312003
:10571000FBF7FEF883F81E0111B9A3F8CE1008BDFF
:105720000022A3F8C820012283F8CC20F7E700BFAD
:105730001C1C00200D4B1A7D9AB940B99B68B3F828
:1057400058109A8F91420FD81846FCF7B5BF1A88A7
:10575000120708D59B6893F89000073818BF0120FE
:105760007047002070470120704700BF1C1C0020BC
:1057700070B54368D3F8803013F0300F86B004461C
:105780000D4655D1084608F022FE30B9294620467C
:1057900006B0BDE8704008F0DDBF2846666808F036
:1057A00012FE0590284608F00AFE0490284608F0EC
:1057B0000CFE0390284608F004FE3036DDE9033283
:1057C00000900599304608F020FF1A4B1A8892077E
:1057D00010D5DA68D278142A0CD16268D2F88030F9
:1057E00043F01003C2F88030204608F085FF002007
:1057F00006B070BD626892F88E101D29EDD092F847
:105800002B21002AE9D1626892F82A21002AE4D1EA
:105810006168D1F8802042F02002C1F880209A68A7
:10582000114602F5A77231F8300BFEF78DFBDBE76E
:105830000120DDE71C1C002010B5164BDB68197930
:10584000436893F88E20092A09D193F819218A42D6
:1058500005D1002283F88E2083F8CC2010BDD3F828
:10586000802012F0080407D022F00802BDE81040A2
:10587000C3F8802008F04ABFFF2905D1332283F8FE
:105880008E2083F84C42E9E740F2DE413120FBF7FD
:105890003FF800BF1C1C002010B50B794268172B85
:1058A00092F88E2004460CD80D2B0CD9A3F10E01D2
:1058B000092908D8DFE801F00907070709070907E0
:1058C0001009232B26D0002010BD22460121BDE85F
:1058D0001040184609F01FBC212A01D02E2AF2D10F
:1058E000204608F000FF636893F88F20222AEAD050
:1058F00093F8E32022F0010283F8E320626892F833
:10590000E33023F0080382F8E3301A212046FDF744
:10591000B1FCD8E7282AD6D1024B1B68002BD2D085
:105920009847D0E7340700207FB5844C054600280F
:1059300040F0B88023881B0735D5A36893F81E2153
:10594000FE2A04D14FF4AA613120FAF7E1FFFE22CA
:1059500083F81E2193F88F201A2A07D183F8D100EB
:10596000201D08F0D3FEA36883F88F50A36893F836
:105970008E20332A42D03F2A49D0202A0AD193F8D8
:105980008F20A2F12001062901D92E2A34D12E22FE
:1059900083F88E20A36893F89020072A02BF022282
:1059A000627583F81E212388DE0734D423885807C4
:1059B00000F1A680990713D5E368DE780D2E00F07C
:1059C000A780112E00F0A680072E00F0A58030469B
:1059D000FEF75EFC0346002800F0A0805848984778
:1059E0002388DA065ED5A36893F88F200A2A59D156
:1059F0000B2283F88F2055E02122C9E7012283F88A
:105A00004D22002283F88E2083F8CC20C2E74C4838
:105A100008F069FEBEE7A368216993F88F30113B57
:105A20000B2B0CD8CB78023BDBB2092B00F2828027
:105A3000012202FA03F340F2333213427AD00846CD
:105A40000191FDF7CBFF019918B93D4808F082FE9E
:105A50004BE0CE78012E01D9162E11D1A368019109
:105A600093F88E0008F067FE019948B1A36893F897
:105A70008E20202A04D0212A10D12E2283F88E20B5
:105A8000112E37D028D8072E36D00D2E36D03046DE
:105A90000191FEF7F3FB0199034621E0162E0CBF9E
:105AA00020250225237D1B0713D5A36893F88F308B
:105AB000113B0B2B40D9002603A903200396FBF7CB
:105AC000D3FF039B2BB11E720C22A1680398FEF733
:105AD00087F9284604B070BD142ED8D1194B1B6825
:105AE000002BB2D021691648984700283FF45EAFDA
:105AF0000546D7E7144BF5E7144BF3E7144BF1E7F2
:105B0000A26892F89020062A04BF0122627551E72C
:105B1000104B63E7104B61E7104B5FE7FF2E06D198
:105B2000A268332182F88E1082F84C0258E740F2C6
:105B3000445109E70825B5E70825CAE71C1C0020E1
:105B4000201C00203C0700202BF200009958000088
:105B5000B1560000BBF10000D9F100003958000037
:105B60002DE9F041A54CB4F800800E46A16818F468
:105B7000007F0ABFB1F8C2200023013201F1800585
:105B800007461ABFA1F8C23081F8C731A1F8C22078
:105B9000284609F039FB28B1434601F59E72284694
:105BA000FEF72EFD238803F4C06333B1A06890F89C
:105BB0009230002B4AD0032B4ED0A168238891F855
:105BC0009220012A04D11D0544BF022281F89220AF
:105BD000002F40F0AD8058065DBFB1F8E0210132E2
:105BE00092B23A46A1F8E02103F00A020A2A0DD146
:105BF000E268D278022A09D123F0080330462380D4
:105C0000FFF792FE08233043C6B223803046FFF7E9
:105C10008BFEA36893F81E213043FE2AC6B24FD1F3
:105C2000002E4DD193F89020063A012A48D993F8D6
:105C30002831B3B1A36893F82921A3F8C66083F88B
:105C4000202101210220FFF759FD39E0012180F8D0
:105C50009210FCF73FFDB0E7022380F8923001215B
:105C6000F7E7A06890F88F30A3F11005EDB20C2D86
:105C700011D8113B0B2B00F25681DFE813F00C0119
:105C80005401540154010F011701540154015401EE
:105C9000540154014201D0F88030D90702D5314671
:105CA0000920D0E79A0740F19A8031460C20FFF78F
:105CB00025FDA26892F8D33043F0010382F8D33077
:105CC000A568B5F8C03195F8C4810133A5F8C03195
:105CD000B8F1000F00F0E581FBF7B8FE10B100232A
:105CE000A5F8C031A16891F89280B8F1010F40F297
:105CF0000E8291F89030072B40F0EB81B1F8C23062
:105D0000022B40F20482B1F8C4500135ADB2B1F8B3
:105D100088302B44A1F8B83191F8C531002B00F040
:105D2000FF810123A268B2F888100B44A2F8BC31AD
:105D30002288A36855065BBFB3F8CC21B3F8BE1127
:105D400000225218A3F8CC2193F828312BB9A3686C
:105D500093F89030063B012B07D8A368B3F8C62010
:105D6000B3F8BE110A44A3F8C620A36893F8CC0088
:105D700030B1B3F8C820B3F8BE110A44A3F8C82064
:105D800093F9D0100029C1BFB3F8CE20B3F8BE51AB
:105D90005219A3F8CE2093F8B1205AB9002F40F041
:105DA0005982627D022A40F00E8293F82021062A51
:105DB00018BF1622A36893F8B0302BB9A368104817
:105DC00083F8B120FEF76EFAA06809F06EFAA368B6
:105DD000002283F8C321BDE8F041FDF7E1BA59077D
:105DE00002D5314613202EE71A070BD590F818314B
:105DF00080F820313146072025E700BF1C1C002019
:105E0000201C002013F0300F3FD090F82B31002BD6
:105E100040F02682A36893F82A31F3B1A06890F885
:105E20008F30252B00F5957100F256222BD090F87B
:105E30008E30A3F1250CDCF1000343EB0C0308F0DA
:105E4000D6FBA268D2F8803023F0200343F0100381
:105E5000C2F88030002382F82A31A068D0F8803060
:105E6000DA0640F1FD8100F24511FEF71FF8A36844
:105E7000B3F85220A3F82021B3F85620A3F822212A
:105E800000211520DFE60123D9E75B0640F1E88118
:105E900000212420D7E600210B20D4E6FEF774FA77
:105EA00000283FF40DAF00210420CCE690F84832E2
:105EB000012B08D100210520FFF720FCA368002258
:105EC00083F84822FCE6A36893F84832022BD8B244
:105ED0007FF4F6AEA36893F8D25006221DB183F882
:105EE00020210021E8E78C48032108F01EFCA3686C
:105EF00093F8E23013F0040F294614BF11200D204F
:105F0000DAE7002106209EE693F83421022A02D126
:105F10000021172097E693F83421012A03D193F842
:105F20003531002BF4D0A36893F88E206AB993F82A
:105F30008F20103A0C2A40F2A38193F8C020002A47
:105F400000F09E81012112207DE6092A40F0948113
:105F500093F8192183F8202101214CE7A36893F8D5
:105F60003A319BB1A36893F8D33013F003050DD1F8
:105F700001210C20FFF7C2FBA36893F8D32042F065
:105F8000010283F8D32083F83A519BE7A36893F882
:105F90002A3153B3A36893F82B3133BBA06890F830
:105FA0008F30252B00F5957100F256221BD090F80A
:105FB0008E30A3F1250CDCF1000343EB0C0308F059
:105FC00016FBA368002283F82A2101211420FFF781
:105FD00095FBA368B3F85220A3F82021B3F856200C
:105FE000A3F822216CE60123E9E7A36893F83421A2
:105FF000012A4CD193F83531002B48D1A16891F892
:106000008F30A3F12002062A41D92E2B3FD091F8E0
:106010006850012D06D0022D04D040F21731062021
:10602000FAF776FC91F86900012801D00228F4D132
:10603000022D91F836210AD0012A14BF0022012234
:106040003AB90A3B042B12D901211620FBE5022A9A
:10605000F3E7022891F8372117D0012A14BF002254
:106060000122002AEDD02C480021FDF703F9A36896
:1060700093F88E20002A7FF423AE93F84C32002B45
:106080003FF41EAE0121FF20DDE5022AE6E7234BA7
:106090001B68002BEBD020489847FE28E7D0012151
:1060A000D1E5FBF7CDFC08B1A5F8C081FBF7D6FC24
:1060B00000283FF417AE95F8C7310133DBB2022B4D
:1060C00085F8C73182BF0023A5F8C03185F8C731F4
:1060D00008E691F8C0301BB191F88E300F2B16D125
:1060E000B1F8C450B1F8C23001F18000ED1A033D9F
:1060F00009F08AF868B1D1F8B830D1F8B420033B80
:106100009B1A9D42A8BF1D46012D3FF7FFAD0125FB
:10611000FDE52B46F5E700BF201C002038070020D6
:10612000012D7FF6FEAD91F88F3013B10B2B7FF46C
:10613000F8AD91F88E30002B7FF4F3AD91F89030EC
:10614000002B7FF4EEADB8F1020F7FF4EAAD91F8C9
:10615000C731002B7FF4E5AD086906F094F90028FB
:106160003FF4DFADA26892F81E31FE2B7FF4D9AD6B
:10617000B2F8BA31012B7FF6D4ADB2F8C011138C4E
:106180009942BFF4CEAD5B1A013DADB29BB29D42C8
:1061900028BF1D466B1C9BB292F8772072B9A1688C
:1061A0000A6F5AB1B1F8BE20B1F88810521A91B2F4
:1061B00012B2002A02DD9342A8BF0B46A268012159
:1061C00082F8C211AEE5012A09D193F89120002A84
:1061D0007FF4F0ADA0680021FCF77CFAF7E55EB132
:1061E000F00635D4310735D4B20635D4B30735D1EE
:1061F00040F64C11312013E738B1B3F8C800B3F8BA
:10620000CA20904201D32222D4E5002905DDB3F84B
:10621000CE10B3F8CA209142F5D2B3F8C610B3F845
:10622000C42091420BD2A36893F89210B3F8C22015
:1062300051B1B3F8C4309342CCD80822BAE593F8F0
:106240002831002BDFD1EEE7052AC3D93E22B1E584
:106250001E22AFE53D22ADE52322ABE52A22A9E5CA
:10626000A36893F88F20222A3FF44EAE312A7FF4A0
:106270005AAE00211120E6E40C2D3FF6F8AE1FE5E2
:106280000C2D7FF61DAD93F83B31002B3FF466AE2D
:1062900001210E20FFF732FAA368002283F83B2188
:1062A00010E600BF73B5664D002401262E71A8606C
:1062B0002C802C756C75FF2380F8C331AB6818886F
:1062C000FDF72EF8AB681888FDF754F8AB68B3F803
:1062D000BA21EAB193F81E21FE2A19D193F8283188
:1062E000B3B1AB6893F89020063AB24210D993F854
:1062F0002921A3F8C64083F8202102203146FFF768
:10630000FDF9AB68022083F8C241FFF709F904E008
:10631000AB6893F81E01FE28F7D1AC68B4F8BE3123
:10632000B4F8C021013B12FA83F2A4F8C021B4F8FA
:10633000C22099B212FA83F3A4F8C23004F18000AB
:1063400008F062FF20B1D4F8B4300B44C4F8B43084
:10635000B4F8BA31012B9CBF0133A4F8BA3100263E
:1063600009B184F8C76194F88F3084F8C261A3F151
:106370000A02012A1FD8B4F88830B4F854229B1AB4
:10638000190432D404F2562104F1960007F05CFEA1
:10639000AB6883F88F60FF2283F8EA20A968B1F820
:1063A000BE2101F1800007F095FEA0B340F6D701B1
:1063B0003120FAF7ADFA252B17D1B4F85422B4F8EE
:1063C00088309B1A1A0410D484F88F60FFF7D4F831
:1063D000AB68014630B983F8340102B0BDE87040C3
:1063E000FFF7BEBB83F83461D8E794F88E3003F032
:1063F000FD03252BD2D1B4F88830B4F854229B1A6F
:106400001B04CBD4002384F88E30FFF7B5F8014687
:106410000028C3D1E1E70B4B0B49009303C90B4B99
:106420000B4AFBF7DFF9AB6893F88F30113B0B2B6E
:1064300004D802B0BDE87040FBF7CCB902B070BD23
:106440001C1C0020615B0000201C00203557000050
:106450005D54000038B50446084694F8483213B13C
:106460000C25284638BD94F88F30153B012BF7D802
:1064700094F86C3203F0FF05002BF1D1A1B194F830
:10648000DE3123B940F6A1113120FAF741FA074B6A
:106490009968052301F5807201F5E77104F068FB46
:1064A000012384F84832DCE70223FAE71C1C0020B1
:1064B000D0F85C328269934210B5044604D1D0F81A
:1064C0006012026A914215D02288A4F89A2140F203
:1064D000E242B3FBF2F3A4F89C31B4F86032A4F8C2
:1064E0009E31B4F862320949A4F8A03104F5C870AD
:1064F00008F000F802212046FDF7A8F9002384F8EF
:106500008F30032384F8923010BD00BFA1E8000053
:1065100008B5FDF7D7FD024B024A1A6008BD00BF5F
:106520003C07002071570000064BD3F8000138B13A
:10653000D3F8040120B1D3F80801B0FA80F0400983
:10654000704700BF00F00040034B00221A705A70E1
:1065500010229A70704700BF341C002070B50646A8
:10656000022014460D4600F08BF9064B01221A70EA
:10657000054B033CC3F81045C3F80865C3F8045540
:1065800070BD00BF341C002000F0004008B50220A0
:1065900000F076F9084B01221A70084B0022C3F86C
:1065A0000021C3F80421C3F8082103F580334FF418
:1065B0000002C3F8042508BD341C002000F0004090
:1065C0000D4A08B513787BB10C4B4FF40001C3F8AA
:1065D0000815FFF7A9FF60B101235370084BD3F8EA
:1065E0000034937000231370BDE80840002000F0D1
:1065F00047B950701023F4E7341C002000F001402C
:1066000000F000400A4B1A786AB10A4BD3F8002117
:106610005AB1D3F8040120B1D3F80801B0FA80F0E0
:106620004009C0B27047587870470220704700BFD9
:10663000341C002000F0004008B5074B1A783AB12E
:10664000FFF772FF30B1054BD3F80004C0B208BDAC
:106650009878FCE71020FAE7341C002000F0004096
:10666000024B00221A705A709A707047371C002033
:106670002DE9F04104461C4D01201E468846174670
:1066800000F0FEF804F003002E7140EA0643174EB6
:1066900043F08073C6F80435C6F8088504F054FB4F
:1066A00030B9D6F8183523F0FF033B43C6F8183548
:1066B0000F4B104AC3F8082514F0FB0F01BF0E4A18
:1066C000C3F89825FC3AC3F89C250122022C6A7075
:1066D000EC7007D8054B2A700021C3F80011C3F8ED
:1066E00000121A60BDE8F081371C002000F0004065
:1066F00000F001400000020200F10040214A5378FE
:1067000070B523B94FF404713C20FAF701F91E4B20
:10671000C3F80C15C3F81005D57801249470C5B9D9
:1067200012780AB9E121EFE7184AC3F804514FF48F
:106730000035C2F80455D3F8006116B15C60C2F8A8
:1067400008550B7803704B78043343708B78837053
:1067500070BD042D4FF0000106D11470C3F8041170
:10676000C3F800421C60F3E7127812B940F20D1131
:10677000CAE7C3F80411054B4FF00072C3F80425B3
:10678000E6E700BF371C002000F0004000F00140A9
:10679000084B1A784AB10849084AC1F8082500226E
:1067A000C1F89825C1F89C251A7000225A709A7079
:1067B000704700BF371C002000F0014000000202BB
:1067C000194B1B7870B523B940F27F213C20FAF7B2
:1067D0009FF8164CD4F80431BBB90223C4F8043333
:1067E000134B144E1D691A6942F0100205F0100592
:1067F0001A61D4F804317BB125B90D4A136923F02D
:10680000100313610223C4F80833084BD3F80004C3
:10681000003818BF012070BD4FF40043C6F8803126
:1068200008F05FFEE5E700BF371C002000F00040E5
:1068300000ED00E000E100E0014B01229A607047AA
:1068400000F0004008B50B4B4FF40042C3F8802025
:10685000BFF34F8FBFF36F8F074B0022C3F80025A4
:10686000C3F80025FFF794FF044B4FF40002C3F870
:10687000082508BD00E100E000F0004000F0014004
:1068800038B5144C0023C4F80035C4F8003505466B
:10689000FFF77EFF104B4FF40002012DC3F80825CF
:1068A00003D0022D08D085B938BD0223C4F80035C5
:1068B0000A4BC4F81435F7E70321C4F8001507495B
:1068C000C4F81415C3F80425EEE782213D20FAF739
:1068D0001FF800BF00F0004000F001403C1C002009
:1068E000024B00221A809A701A717047481D0020CE
:1068F00038B5144D95F841200346084622B940F6B4
:106900004F013E20FAF704F86BB9012AEC6B95F8B9
:10691000401005D100F05CFE2044AB6AC01A38BDBF
:1069200008F0EFFCF8E7012B0AD1012AEC6B95F88F
:10693000401002D100F03EFEEEE708F0EDFCEBE780
:106940000020EAE7481D002008B5094B012883F81C
:106950002000084B06D0022808D040F675513E2092
:10696000F9F7D6FF0322C3F8102508BD0422FAE781
:10697000481D00200010004008B5144B93F84D301E
:10698000D90721D59A0711D5114BD3F8002242F02F
:106990000102C3F80022D3F8503503F0F603022BAE
:1069A00012D140F20D613E20F9F7B2FF5B070BD523
:1069B000084B094AC3F8AC25A3F5B833D3F84031E6
:1069C00013B140F21461EEE708BD00BF481D00207E
:1069D0000010004000F001400810004007B50B4ACD
:1069E00001AB92F9212000F037FE9DF9040000F080
:1069F000D9FD9DF8050000F0A3FE20B140F2DE5164
:106A00003E20F9F785FF03B05DF804FB481D002028
:106A100008B503460F4863B92831C1600E4900F03C
:106A200077FE0130012814D940F235713E20F9F784
:106A30006FFF012B0AD12931C160074900F06EFEBA
:106A40000130012805D940F23F71EFE740F2437170
:106A5000ECE708BDE804002018A7020008B50C4BBD
:106A60009B78012B09D100F05FFE013001280ED97F
:106A70004FF40A613E20F9F74BFF022B07D100F0DB
:106A800059FE0130012802D940F6A601F2E708BDFF
:106A9000481D0020044B03441A7E044BC3F808250C
:106AA000C3F85405704700BF18A70200001000404B
:106AB00038B50D460446FFF747FF2846FFF7EAFFC3
:106AC00029462046FFF78AFF04F06AF990B10A4987
:106AD0004FF08053D1F88825D3F82033022C0CBF17
:106AE000C3F30663C3F3062322F4FE4242EA032300
:106AF000C1F8883538BD00BF0010004010B50C4605
:106B0000FFF722FF2046FFF7C5FF0E4B5A78012AF8
:106B100003D1D8782146FFF761FF0B4CD4F800323F
:106B200043F48873C4F8003204F03AF940B904F031
:106B300047F928B9D4F8683543F4C023C4F8683558
:106B400010BD00BF481D002000100040F8B53A4CB1
:106B50000D461646074600284ED1104694F82210DE
:106B6000FFF7A6FF22780123A3709A42334B4FEA26
:106B700046061E4430D1B6F840304FF47A7203F521
:106B8000FA73B3FBF2F3ED1AA16A2D4A2D4E2E4B88
:106B90000D44C6F84055C2F8A835636C43F4002391
:106BA00063644FF40023C2F804352378002B3AD1F4
:106BB00094F84D3043F0020384F84D300124FFF780
:106BC000DBFEF464D6F84C359D4233D9384629466D
:106BD000FFF71EFF2046F8BDB6F846304FF47A7135
:106BE00003F5FA73B3FBF1F3ED1A002ACCD1144B81
:106BF000164AC3F8AC25C7E701280FD194F8221034
:106C00001046FFF77BFF0223A3702378012BBBD034
:106C1000293D002BB8D10A4B0D4AEAE74FF4FB613E
:106C20003E20F9F775FE012BC8D194F84D3043F0A2
:106C30000403C1E70020CEE7481D002018A702008A
:106C400000F0014000800040408100400010004002
:106C50000410004010B560220021194804F05AFACF
:106C6000FFF73EFE04F052F860B124221548FF21E0
:106C700004F050FA4FF080430022C3F8082EC3F806
:106C8000102E10BD04F04CF80028EED104F052F89C
:106C90000028EAD104F06EF808B14022E6E704F0DB
:106CA0005FF804460028F8D106483822FF2104F096
:106CB00031FA4FF08043C3F8084EC3F8104EE0E7B6
:106CC000481D0020000E0040024B1844007E00F5D5
:106CD0001660704718A70200014B93F840007047F8
:106CE000481D0020024BD86B9B6AC01A704700BF3A
:106CF000481D0020094A936A906B92F84010C01A10
:106D0000074B03EB8103DA6C9B6D801A03F2F313DC
:106D10004FF47A72B3FBF2F3C01A7047481D00209B
:106D200018A7020008B5FFF7E5FF034AD2E90C31C6
:106D3000C01841F1000108BD481D002008B50F4AE8
:106D400092F84010012906D0022914D04FF42A717C
:106D50003E20F9F7DDFD40F6B830936B926A9B1A3E
:106D6000074A02EB8102D26C9B1A4FF47A72B0FB95
:106D7000F2F0184408BD4FF4FA60EEE7481D002019
:106D800018A7020008B5134B012983F84C0006D060
:106D900002291BD040F2E6213E20F9F7B9FD00237D
:106DA0000D4A43F4801340F0007043F4847340F4C0
:106DB0004030C2F81435C2F81805D2F8503503F047
:106DC000F703032B05D140F2FD21E5E74FF0807377
:106DD000E6E708BD481D00200010004008B503F09C
:106DE000DFFF50B1054AD2F8743723F0807323F0E7
:106DF000010343F08073C2F8743708BD00100040EF
:106E0000464B022270B5C3F88020BFF34F8FBFF30B
:106E10006F8F434C0023C4F8FC3F0123C4F8FC3FB0
:106E200003F0CEFF28B1D4F83C3743F48063C4F8B4
:106E30003C3703F089FF58B1D4F83C3723F00043C6
:106E400023F0FF0343F0004343F09603C4F83C37BC
:106E500003F0A6FF324C38B1D4F8403723F47F4317
:106E600043F4B053C4F840372E4BC4F8783700F0E1
:106E700077FC38B14FF08053D3F83033591C18BF2A
:106E8000C4F84C374FF01023254C1B6E5A1C09D008
:106E9000D4F88C251B0403F47F0322F47F021343F0
:106EA000C4F88C3540F20313C4F834351E4D40F25B
:106EB0005B63C4F838350123C4F8303585F82030D9
:106EC0000323C4F8103540F20123C4F850360226DB
:106ED000164BC4F80062187C00F048FC144B154AAD
:106EE000C3F804250023A5F84030EB6385F84D3046
:106EF00002F0B0FBC5E90C0102F0BAFB074BA86237
:106F00001022C3F88061C4F804231E602B6E03B105
:106F10009847BDE8704000F0EFBB00BF00E100E023
:106F2000001000402C000089481D0020E8040020CB
:106F300000F001400000020C014B83F82100704773
:106F4000481D0020034B020E0002C3F82425C3F89D
:106F50001C0570470010004038B5044600680A4D13
:106F6000FFF7F0FF094B6268C3F83C25237A85F8E8
:106F70002230617AA07AFFF705FF607AFFF7E4FC20
:106F8000E37A85F8213038BD481D0020001000400C
:106F9000014B83F822007047481D0020F8B5244EAD
:106FA00096F84D30DA0705460F4604D44FF4ED61EC
:106FB0003E20F9F7ADFC1F4CD4F8002243F0020349
:106FC00042F00102C4F8002286F84D3000BB96F86A
:106FD00022103846FFF76CFD174A0123B370D364C3
:106FE0002360154BD3F84C4528462146FFF710FD8A
:106FF000B06A241ACDB9114901EB47074FF47A71F1
:10700000B7F8460000F5FA70B0FBF1F02044F8BD87
:107010000128E6D196F822103846FFF76FFD0223CB
:10702000B370054BDD646560DBE704F12900EEE732
:10703000481D0020001000400080004018A70200FA
:1070400008B5FFF783FD58B9064BC3F84005A3F513
:10705000E04301221A610220BDE80840FCF7E0BECF
:1070600008BD00BF00800040244B13B51022244906
:10707000D3F80443C3F808230222C1F88021214930
:10708000C3F80022002281F84D201F49C1F8402595
:1070900001F5B8314FF46020C1F80805D3F8501558
:1070A000C9B204F01004D9B1FF218DF80710C3F85C
:1070B000102101221A619DF8072012B1D3F8102186
:1070C0003AB19DF807305BB940F68F013E20F9F7E1
:1070D0001FFC9DF80720013AD2B28DF80720EAE79D
:1070E000FFF7BCFC05490023C1F81031FFF7F8FB9E
:1070F00014B11023C1F8043302B010BD00100040D9
:1071000000E100E0481D00200080004038B51B4D24
:107110000024C5F84845C5F84445C5F84045C5F8BC
:107120004C45FFF7A1FF00F0EDFA154B15495A6CDD
:107130005C6442F0446242F40032C1F80825C3E9BD
:107140000E441C76104BC5F848450222C5F844454C
:10715000C5F84045C5F84C45C5F84841C5F8444117
:10716000C5F84041C5F84C41C3F88020BFF34F8FAC
:10717000BFF36F8FC3F8802138BD00BF008000408F
:10718000481D002000F0014000E100E0014BC3F881
:107190003C0570470010004010B50FC8014C84E852
:1071A0000F0010BDAC1D0020064BC3F80405064BB4
:1071B00093F84D20986442F0010283F84D20FFF7C8
:1071C000DBBB00BF00100040481D002008B5134B7A
:1071D0009A6A1044DA6B824204D340F606113E20CC
:1071E000F9F796FB0E4AD861012119765164D2F85D
:1071F0004415884202D840F60F11F0E70021C2F88A
:107200004411C2F844055A6C42F480025A64054B9A
:107210004FF48002C3F8042508BD00BF481D0020BC
:107220000080004000F0014010B50F4C034694F878
:10723000410094F840100222012822764FF0960077
:1072400094F820200CD100F0D1F9084AE061002325
:10725000C2F84431E36BE1690B44C2F8443510BD18
:1072600000F0DEF9F1E700BF481D0020008000407B
:10727000044BC3F86005D3F8002242F04002C3F883
:107280000022704700100040054BD3F8002222F086
:107290004002C3F800220022C3F86025704700BFF7
:1072A00000100040044BD3F8483503F07F035B42E5
:1072B00003700120704700BF0010004008B50D4B5F
:1072C0000A46D9700021197088B90121597099783E
:1072D00002290ED193F822101046FFF77FFB064AD1
:1072E000D2F8003243F48873C2F8003201E002227F
:1072F0005A7008BD481D002000100040024B0022BB
:10730000C3F84025704700BF00800040044B30B5F3
:10731000D3E914459B6DC0E900450B6030BD00BF4B
:10732000481D00202DE9F843924D934C0123EB6456
:10733000A36AD5F84C7594F84C90FF1A02F006FF3A
:107340000026C4E91406A765FFF788FB8B4B626C27
:10735000C3F808258A4A6664D2F8003223F48E7393
:1073600023F00103C2F80032237E84F84D6023B17C
:10737000D5F844319B1B18BF0123A178012938D1CE
:10738000D2F80C31002B0CBF0025082515F00B0F8F
:107390007B4B04D1D3F810210AB145F0100500222F
:1073A000C3F80021C3F80C21C3F81021C3F804214D
:1073B000C3F8082105F01803102B03D1012908BFD9
:1073C00045F020056B4B6678D3F84825E263D3F887
:1073D0004435A36394F8203084F8403084F8411099
:1073E000EEB9FFF77DFA2676EF0761D5636E984711
:1073F0008EE0022911D1624AD2F80C01D2F80024A1
:1074000000280CBF00250225D20758BF45F004050F
:10741000002BBBD045F00105B8E70025B6E715F015
:10742000110F21D12379B6F1010818BF4FF00108DF
:10743000012B26781CD0022B2FD09BBB96214046D7
:10744000FFF756FA0146FFF74BFA012E07D13B37FB
:107450008F422AD8474B26700022C3F84021E27899
:107460004046FFF7EDFD01E0FFF7FEFD0026BBE71C
:107470004448FFF771FD94F8413023B940F25F7141
:107480003E20F9F745FA012B04D1FFF757FC61695B
:107490000144D8E7FFF72EFCF9E73A48FFF75CFD17
:1074A0006169D0E740F67F21EAE7354B1E619BE733
:1074B000A80745D503F074FCE8B903F081FCD0B906
:1074C0002F4BD3F85034D90115D51A0705D013F036
:1074D000F00F02D013F4706F0DD1294AC3F30441A9
:1074E0000129D2F8542406D1012A04D0C3F342530F
:1074F000022B7FF67BAFA36C5B784B4588BF45F0D2
:10750000040585F00400A36E3146C0F3800098475F
:10751000A378022B12D1237E83B1022B154A1DD1F1
:10752000E36BE1690B44C2F84435636C43F48003B8
:107530006364124B4FF48002C3F80425BDE8F8835E
:1075400015F0280F06D085F02001E36EC1F340113D
:107550003046DCE7EB06DBD5236F48E7012B02D092
:1075600040F65F418CE7E369E16B8B42DBD84FF477
:10757000466185E700800040481D002000F0014082
:1075800000100040501D0020024B03EB8000C06C37
:10759000704700BF18A70200014B53F82000704746
:1075A00070A70200024BC0B2C3F80C05704700BFC1
:1075B00000100040054B33F8113002384FF47A7256
:1075C00003F2E733B3FBF2F31844704788A70200D5
:1075D000054B33F811304FF47A7203F57A73B3FB2D
:1075E000F2F31844704700BF88A7020038B51D4663
:1075F0000A4B33F8111003EB820305359C682144D4
:107600004FF47A7301F6B73103FB00141046B4FB54
:10761000F3F4FFF7B9FF2C44204438BD88A70200DB
:1076200070B5064608461546FFF7B6FF094A02EB55
:10763000850291684FF47A7201F6B73102FB0613A6
:10764000181AB0FBF2F42846FFF79EFF05302044DD
:1076500070BD00BF88A702002DE9F74F244C0746F4
:1076600098460D46164600F0A3F82378BB428146A3
:1076700011D16378AB420ED194F90230B3420AD1F2
:10768000E378834207D1A388A8F8003094F9060074
:1076900003B0BDE8F08F781EC0B203280ED8DFF823
:1076A00054C00DF107031CF800003246294600F0D3
:1076B00085F8824638B13D21752002E040F26B41E9
:1076C0000620F9F725F928469DF907B0FFF7FCFADF
:1076D000534602464146584600F038F8B8F80030A4
:1076E000A071A38027706570A67084F80390CDE721
:1076F000000500209CA70200014B1B685B6818472F
:1077000040070020014B1B689B681847400700207A
:10771000014B1B681B69184740070020014B1B6881
:107720005B69184740070020014B1B689B6918479D
:1077300040070020014B1B68DB6918474007002009
:10774000014B1B68DB6A18474007002010B4034C4C
:107750002468E468A4465DF8044B604740070020B5
:10776000014B1878704700BF9822002000220F4973
:1077700038B50446134644FA02F0C007D5B248BFF4
:10778000581C02F1010244BFCD54C3B2042AF2D105
:10779000064DC3F10402042BD2B24FF0FF0188BFA3
:1077A0000022E81803F0B6FC2C7138BDA42200209A
:1077B000014B187D704700BFC01D0020042810B584
:1077C00011D883B104280CBF10242824A1420AD266
:1077D000064C54F8200018B141568A42A8BF0A4608
:1077E0001A70002010BD6FF01500FBE7C01D0020CF
:1077F00030B50246114890F91C3093421ADD90F9D9
:107800002430934218DAD31A856A0D4CE85C23566B
:1078100093420ED00E3400290CBF0346431CA542F0
:10782000D8B206D129B1013AD2B2012A01D8013029
:10783000C0B230BD0D20FCE70020FAE7C01D0020DB
:10784000A0A7020008B5054B93F91C30984203DA53
:10785000FFF7CEFF024B1B56184608BDC01D002087
:10786000A0A7020010B51C4C94F82C3073B901236A
:1078700084F82C3003F05EFA48B1184BA362D82389
:10788000236284F824300823A361237710BD03F01A
:1078900067FA0028F1D103F06DFA0028EDD103F06A
:1078A0002BFA38B10E4BA362D823236284F824301C
:1078B0000423E9E703F02AFA0028F3D103F030FAB1
:1078C0000028EFD103F040FA0028EBD14FF4DF712C
:1078D000742002F0D7FF00BFC01D0020DBA702000C
:1078E000AEA702004FF08042012353600023C2F88C
:1078F0000031014A13707047ED1D0020014B012239
:107900001A707047ED1D00204FF08043D3F800310E
:1079100023B9034B187800F0010070470120FAE703
:10792000ED1D002070B50A4D012604462E70FFF7AC
:10793000EBFF30B94FF080436E706C60C3F80463A6
:1079400070BD002CFCD0A04700236B60F8E700BF9F
:10795000F01D0020024B00221A705A705A607047C6
:10796000F01D002010B5034C208100F095FB6081D4
:1079700010BD00BFF01D0020014B9889704700BF6B
:10798000F01D0020014B1889704700BFF01D00203A
:10799000014B5889704700BFF01D002008B509B39E
:1079A000F8B14FF0FF331A46E0FB01320E498A422C
:1079B00004D940F2D3116D2002F064FF180D40EAA3
:1079C0000230C3F30F134FF22441B0FBF1F203EB8B
:1079D0000040064B03FB1200B0FBF1F040EA02400E
:1079E000013008BD0846FCE73F420F00000024F4C8
:1079F00010B5EFF3108472B6064A937B0133DBB205
:107A00009373937B012B01D107F0D3FC04B962B6C9
:107A100010BD00BFF01D002038B5FFF7E9FFFFF7EC
:107A200073FF094C4FF0804540B107F0EDFC012396
:107A30002B610423E3730023237438BD0323E37312
:107A40000123C5F80433F6E7F01D002010B5EFF36D
:107A5000108472B6094A937B23B94FF4F8716D20F4
:107A600002F010FF937B013BDBB29373937B0BB966
:107A7000FFF738FF04B962B610BD00BFF01D00204B
:107A8000024BD87B003818BF01207047F01D002042
:107A900073B51B4D6B7C63B9E86900F0030007F018
:107AA000A2FC30B1EFF3108372B6EA7B1AB103B9CE
:107AB00062B602B070BD0122EA7303B962B64FF03C
:107AC00080430822C3F808234FF42073ADF8063032
:107AD000BDF80640A4B2631E9BB2ADF80630002C80
:107AE000F6D14FF080460748C6F80C4107F0DBFCA2
:107AF00085F82140FFF790FF0823C6F80433D8E744
:107B0000F01D0020101E00202DE9F041384C94F8A3
:107B10002230002B69D04FF08043D3F80071D3F8A6
:107B2000046157B10122C3F8082363782BB163685D
:107B3000002565700BB1984765604EB14FF08043EA
:107B40000022C3F804210222C3F80823FFF7A0FF94
:107B50004FF080462748D6F80C8194F82150EDB2BA
:107B600007F0A5FC20B14FF423716D2002F08AFECE
:107B700047B1E37B032B05D10423E37307F044FCF7
:107B800001233361B8F1000F16D04FF0804300227B
:107B9000C3F80C21E37B042B02D040F2AA21E4E7D6
:107BA00003F0F2F8C0B14FF080430022C3F8342C48
:107BB0000223E373FFF74AFF4DB1002384F821301D
:107BC000E37B022B01D1FFF727FFFFF73FFFBDE863
:107BD000F041084807F07ABC03F0B6F80028E2D17B
:107BE00003F0C8F80028DED1E2E7BDE8F08100BF6D
:107BF000F01D0020101E002010B5044CE06900F0BC
:107C0000030007F0F0FB0028F8D010BDF01D0020A5
:107C1000F8B5054650B10278042A07D8437842B92E
:107C2000013B1F2B02D88378212B07D96FF0150059
:107C300077E0002BFAD18378002BF7D1814B012715
:107C4000C3F88070BFF34F8FBFF36F8F4FF0804644
:107C5000C3F880717C4C4FF0FF33C6F80833002323
:107C6000C6F80031C6F80431C6F80C31A373AB88EE
:107C7000A38107F0A3FB08B12770A773D6F80C24E3
:107C8000D6F80C34D20303D5DF0701D5FFF736FE53
:107C90004FF4AF60FFF766FE2B78A978637400227B
:107CA000E261A1742274042B4ED8DFE803F00503CF
:107CB0003B494B000123E36107F087FB00284ED0CE
:107CC00007F08AFBE36903F00303984247D1AB79DD
:107CD000002B3ED1FFF790FFA37C6BB12B785BB9F3
:107CE000FFF712FE054602F04DFF6FF00043002D36
:107CF00000F0A580C4E905034FF08043D3F80C24BD
:107D0000D3F80C34D20303D5DB0701D5FFF7F6FD1A
:107D10004C4A01230020E07384F82230C2F88031FD
:107D20001360F8BDFFF764FE4FF08043D3F80C14E6
:107D3000D3F80C24CE03F9D5D007F7D50223BAE740
:107D4000424BB8E7424BB6E74FF47F716D2002F02B
:107D500099FD4FF080430222C3F80423BCE74FF0A3
:107D600080430122DA600022C3F80421E269C3F8EB
:107D7000182502F0C1FF10B34FF080534FF080423E
:107D8000D3F84432C3F34233C2F83C3502F0B4FFB7
:107D900010B34FF080430122C3F84C254FF08043CD
:107DA00001229A600222C3F80423AA79002A93D1FF
:107DB000D3F8042391071CD440F2B331C6E702F094
:107DC000A5FF0028D8D102F0ABFF0028D4D102F0E3
:107DD000BBFF0028D0D1D9E702F098FF0028D8D106
:107DE00002F09EFF0028D4D102F0AEFF0028D0D1CF
:107DF000D4E7184A1669116941F010011161D3F8EE
:107E0000043106F010060BB907F06DFB4FF0804708
:107E1000D7F8043183B1FFF7EFFE26B90D4A136995
:107E200023F0100313614FF080430222C3F80823AC
:107E30000022C3F804214FE707F053FBE8E7C4E949
:107E4000053059E700E100E0F01D002001000200CC
:107E50000100030000ED00E010B50D4C04F120001E
:107E600007F025FB48B9E37B022B01D1FFF7D4FDD6
:107E7000BDE81040074807F029BB074A012384F8F2
:107E80002130BDE81040C2F80031FFF7B1BD00BF9E
:107E9000F01D0020101E002000E100E0074B07B598
:107EA0001A783AB9012201901A70FFF7A1FD0198E2
:107EB000FFF738FD002003B05DF804FB131E00201F
:107EC00010B5054C23782BB1FFF744FD0023237038
:107ED000FFF7BCFD002010BD131E0020014B1879D8
:107EE000704700BF181E0020054B1A79824283BFDD
:107EF0001B6800EB400003EB00100020704700BF40
:107F0000181E002043F60952C0F3080302FB03F3D6
:107F1000400A03F5807302FB00F000EB532070472A
:107F200043F6095CC0F3080210B50CFB02F2C0F383
:107F30004E24030E43EA01230CFB04F0090E02F564
:107F400080724FEA411C00EB52205A01B2EB030E43
:107F50004CEAD36C6CEB01044FEA841C4FEA8E129E
:107F6000B2EB0E024CEA9E6C6CEB040C4FEACC0CAC
:107F70004CEA527CD200D31841EB0C01DA03C9035E
:107F8000801841EA534141F1000110BD430B48F212
:107F9000376C0CFB03F34FEA134C00B5104B43F660
:107FA000095E0EFB1C0000FB03F35B0D0EFB03FEE2
:107FB00003EB4C230EF5745C0CF1080CB0EB5C2F5A
:107FC00008D80EF5807EA0EB5E20C0B20B6010706A
:107FD0005DF804FB013300200B6010705DF804FBBA
:107FE0006F0C0100F8B5274DA94246D8264E274F01
:107FF000450F45EAC105A6FB0514C0F34F31A40B9C
:1080000001EB054107FB1411A6FB0151890B41EA65
:1080100004411F4C04FB110448F2376C600B0CFB4D
:1080200000F04FEA104C43F6095E1A480EFB1C455F
:1080300005FB00F0400D0EFB00FE00EB4C200EF5A2
:10804000745C0CF1080CB5EB5C2F12D80EF5807E39
:10805000A5EB5E2E5FFA8EFE069D85F800E00D060C
:1080600028184FEA112141F100011860596014608D
:10807000F8BD01304FF0000EEEE796219B2002F094
:1080800001FC00BFFF7F841E83DE1B43000024F43D
:108090000080841E6F0C0100420B48F2376303FB23
:1080A00002F2120C43F6095C074B0CFB120101FBB8
:1080B0000333013B5B0D0CFB03FC5002B1EB5C2F67
:1080C00088BF0130184470476F0C01001F2810B59D
:1080D0009FBF054B182460431C189DBF1950626058
:1080E0000120002010BD00BF201E002008B5064B57
:1080F00093F80023202A03D12D21022002F0C2FB95
:1081000083F8280308BD00BF201E002008B5064BD9
:1081100093F80023202A03D13321022002F0B2FB7E
:1081200093F8260308BD00BF201E002010B5094AA1
:1081300092F80033202B03D13E21022002F0A2FB53
:1081400018214B43D018BDE81040D3584068032194
:10815000184700BF201E00200C4B0D491B78012B37
:1081600014BF4FF4E0224FF4C022C1F8482318BFD7
:108170000023C1F80823074A99000A440021012B73
:1081800042F8041B00D170470123F8E75821002072
:1081900000B0004040B1004070B5EFF3108472B6FB
:1081A000094A0A4B0025D2F80415D2F804612EB111
:1081B000596801315960C2F80451F4E75B6804B9A9
:1081C00062B6C0E9001370BD00B000405821002025
:1081D000094BD3F80435C01A20F07F4323F0010384
:1081E0003BB120F07F40B0F5000F8CBF0220002093
:1081F00070470120704700BF00B0004008B5124B27
:10820000D3F8042522F00302C3F80425D3F8082587
:1082100042F00302C3F80825102292FAA2F2B2FA41
:1082200082F2092A04DD094840F2913102F020FB74
:10823000C3F810250122DA60054B4FF48072C3F8B1
:1082400080211A6008BD00BF00800040F0E00200FD
:1082500000E100E0114B4FF40062C3F88020BFF34F
:108260004F8FBFF36F8FC3F880210D4B01225A60EF
:108270009A60D3F80425002AFBD10A49C3F80813F1
:108280004FF4E021C3F84813C3F84021C3F8442158
:10829000C3F84821C3F80421704700BF00E100E0A3
:1082A00000B00040020007000D4B4FF48072C3F88D
:1082B0008020BFF34F8FBFF36F8FC3F88021094B2E
:1082C00001214FF0FF325960C3F808230022C3F8A0
:1082D0004025C3F840211961034B1A72704700BF53
:1082E00000E100E000800040582100202448FF23E6
:1082F00010B54FF0FF32002443724FF0FF33C0E956
:10830000042304704460FFF7CFFFFFF7A3FF1D4A6B
:108310001D4BC2F800424FF40061196080691B498F
:1083200030B901230B60194B0222C3F8042310BD9E
:10833000174B184CC3F8A845C3F8AC05C3F85C1933
:108340004FF40021C3F804150521C2F8401501219E
:108350001160D2F840110029FBD04FF40021C3F87E
:10836000081501215160D1600021C2F84011C2F806
:108370004015C3F8A815C3F8AC15C3F8AC15D2E77F
:10838000582100200080004000E100E000B00040E3
:1083900000F0014040810040014BD3E904017047E7
:1083A00058210020014BD3F80405704700B000406D
:1083B00013B56846FFF7F0FEDDE90004FFF7A2FD04
:1083C000024B0021E4FB030102B010BD0080841EBB
:1083D000B1F1FF3F08BFB0F1FF3F2DE9F041404C44
:1083E00005460E4638D13F4DD5F800317BB33E4EA1
:1083F0003E4BC6F808354FF00008FFF7ADFE84F895
:108400000980FFF751FFFFF7F9FE394BC5F80081EE
:10841000384FC6F8A8354FF40023C6F8AC75C6F837
:10842000043507F032F8D5F800312BB10123C5F837
:1084300000817B60FB60F4E7013041F10001022321
:10844000C4E904012370FF236370BDE8F08107F0E5
:108450001CF8C51C41F10006D4E90473B34208BFFF
:10846000AF42F2D0204B214AC3F80825FFF774FE33
:108470001C4A4FF4803125F07F480023C2F80813CE
:108480004046C2F84813C2F84031FFF7A1FE20B1C0
:108490004FF43F716C2002F0F5F9C2F84085C2F844
:1084A00044132378012B06D127F07F473846FFF786
:1084B0008FFE0128FAD000236372FFF7F5FEFFF765
:1084C0009DFE094A01234FF000412370C2F80415B4
:1084D00004226270034AC4E90456C2F84833B4E780
:1084E0005821002000B0004000F00140000008804A
:1084F00000B100400080004037B540B1041FE4B235
:10850000022C13D940F295316C2002F0BBF9214BBB
:108510004FF48032C3F80823C3F84005C3F8400184
:10852000D3F840310093009B03B030BD1A4D2B7837
:1085300093B16A7882420FD1184A1949C2F80815D6
:10854000012B01D1FFF7B0FE00232B704FF0FF325B
:108550004FF0FF33C5E90423124A4FF48033A340A0
:10856000C2F80833C2F8483304F5A87352F8230060
:10857000FFF72EFE012818BF0B4B22B24FEA8404EE
:108580001CBF00211951084B53F822300193019B65
:10859000CAE700BF008000405821002000F00140E1
:1085A0000000088000B0004040B1004070B52C4B86
:1085B00030B1041FE4B2022C2AD94FF454710BE0FD
:1085C000D3E90401B1F1FF3F08BFB0F1FF3F06D18D
:1085D0001B7A23B94FF44A716C2002F053F912B997
:1085E0004FF44B71F8E71F4B4FF480310120C3F873
:1085F0000413C3F840255864D3F8441500248A4274
:10860000C3F8444503D82046FFF776FF204670BDE7
:10861000197829B15B78834202D14FF45371DBE7BB
:10862000114B124E22F07F41A20013444FF48035CB
:10863000A5400022C6F808530846C6F848531A60F9
:10864000FFF7C6FD48B904F5A874012046F82410C8
:10865000C6F80453C6F84453D9E71046D7E700BF1D
:10866000582100200080004040B1004000B0004090
:1086700008B5FFF771FD054B4FF0FF32C3F8082333
:108680000022C3F84025C3F8402108BD0080004007
:1086900008B50122084B10B1C3F8442308BDC3F844
:1086A0004823FFF701FE054B4FF0FF3118704FF0E4
:1086B000FF30C3E90401F1E700B000405821002079
:1086C000F8B5164D164E00244FF48037D5F8043314
:1086D00007FA04F21A4212D056F824307BB1002374
:1086E00046F8243004F5A87355F82300FFF770FD11
:1086F00028B1201DC5F80823C0B201F007FC0134E1
:10870000032CE3D1054BD3F8042132B10022C3F886
:108710000421044A536801335360F8BD00B000409F
:1087200040B100405821002010B51C4C637AFF2B4B
:108730002DD0237883B10122022B227221D1184B34
:108740004FF40022C3F80825002323704FF0FF32B6
:108750004FF0FF33C4E90423124BD3F80423D203B0
:108760001BD5D3F84021C2B14FF480320020C3F8AA
:108770000823C3F84001FF236372BDE8104001F0F5
:10878000C5BB022360782370FFF7B6FEE4E7054B14
:10879000D3F804330BB10720EFE710BD58210020B8
:1087A00000F00140008000402DE9F04F93B01C46DE
:1087B0000492CDE90201FFF7EFFD1823019106466F
:1087C000B849082004EB440213FB0404631801EBCE
:1087D000C202083265581F7BD3F8048093F80D90CD
:1087E00005970FCA0CAC25F07F4A84E80F0050466D
:1087F000FFF788FBAC4B7C1C9842044400F2888154
:108800009C4200F39380002C55DBFFF77DF8B9F113
:10881000010F834608D0A54FD7E90223B3F1FF3FEC
:1088200008BFB2F1FF3F4BD006F00FFE019B069050
:10883000B3F1FF3F08BFB6F1FF3F03D0B54278EB7D
:10884000030378D2029B0322EB1A934269DBBBF14C
:10885000000F00F0E88000230793029BB5EB030BA9
:10886000039B68EB030706F0F0FD0930C217834550
:1088700077EB020380F0DB80049B012B00F0E180AA
:10888000079B002B5AD1019BB3F1FF3F08BFB6F104
:10889000FF3F53D0721B63EB0803042A73F10001FE
:1088A00080F22881012A73F100033ADADDF81CB066
:1088B00026F07F4A52E004F1F45404F59024A4E732
:1088C0000028B1D106F0C1FD019B0690B3F1FF3F36
:1088D00008BFB6F1FF3F00F0A380B54278EB030379
:1088E000C0F09E803B7C002B069B14BF00221A46E2
:1088F0003346EB1A9A4214DC01230793D7E902327C
:10890000B2F1FF3F08BFB3F1FF3FA6D00699EB1AC3
:1089100068EB02028B4272F100039ED2B9F1010FA3
:108920009BD00024204613B0BDE8F08F04F16144D1
:1089300004F5F70469E73346002285E728464146F7
:10894000FFF746FD4FF0000BB8F1FF3F08BFB5F150
:10895000FF3F00F0E2802E46CDF804805046FFF73E
:10896000D1FA534B221A9A420DD3001B98427CD362
:108970004D4B9A4200F2B380984240F2D880C0F149
:10898000614202F5F702D3170020FFF70FFE0446FD
:108990000028C6D0454FB9F1010FD7E9022366D0B0
:1089A000BBF1000F40F08880B3F1FF3F08BFB2F188
:1089B000FF3F00F0A6800120FFF76AFE3B7C002B02
:1089C00040F092806A1E68F100030620FFF7EEFD7A
:1089D000002842D0B9694FF0804200230B60C2F8F2
:1089E0000835059B8DF83C3000238DF84030089306
:1089F0004FF0FF324FF0FF33CDE90C58CDE90A2399
:108A00008DF83D9008AE0FCE2A4D0FC50FCE0FC585
:108A100096E8030085E80300204613B0BDE8F08F18
:108A2000029BC21C65E7214FCDF81CB066E7B9F187
:108A3000010B2846414618BF4FF0010BFFF7C8FC59
:108A400082E7019BB3F1FF3F08BFB6F1FF3F73D050
:108A500026F07F4A4FF0000B80E7BA694FF0804163
:108A60000123C1F808351360BBE742428BE7B3F13D
:108A7000FF3F08BFB2F1FF3F24D1BBF1000F9DD0F3
:108A8000069BF21A019B4FF0050063F10003FFF70C
:108A90008DFD002846D03B7C002B93D101233B74F5
:108AA00090E700BF201E0020FF7F841E7821002059
:108AB0000040420F28210020B3F1FF3F08BFB2F170
:108AC000FF3FDDD006F0B7FC4FF0FF324FF0FF3331
:108AD000C7E90223BBF1000F3FF470AFD0E702F10A
:108AE000F45202F590224EE70520FFF705FD002322
:108AF0003B7467E728464146DDF81CB0FFF768FC89
:108B000022E706F096FC06F0C0FCC7E9020152E736
:108B100040F20F41702001F0B5FE40F21B71702051
:108B200001F0B0FE40F22121702001F0ABFE40F2D6
:108B3000D471702001F0A6FE40F27F61702001F038
:108B4000A1FE00BF2DE9F04F8D4F7C7C04EB440368
:108B50003B4483B05D78202D48D08A4BE6B2640058
:108B6000002B00F08980884BDFF82492002B5FD027
:108B700005EB461207EB420A4FEA46189AF81C30FA
:108B8000013BDBB2052B34D8804A12F803B0BBF1AD
:108B9000080F2ED0AFF30080EFF3108372B6344489
:108BA0003C449AF81D206270A278AA4204BF202299
:108BB000A27013B9AFF3008062B6A84405EB450577
:108BC00009EBC50207EB4808506859F83530012217
:108BD000594688F81C2098477C7C04EB44033B44AE
:108BE000E6B25D78202D4FEA4404C1D103B0BDE860
:108BF000F08F40F24A61702001F044FE62B6A84452
:108C000005EB450509EBC50207EB4808506859F824
:108C100035300122594688F81C2098477C7C04EBAB
:108C200044033B44E6B25D78202D4FEA4404DDD096
:108C300005EB461207EB420A4FEA46189AF81C3039
:108C4000013BDBB2052BD4D8504A12F803B0BBF17C
:108C5000080FCED0AFF30080EFF3108372B6344428
:108C60003C449AF81D206270A278954204BF2022ED
:108C7000A270002BC3D1C1E7434BDFF810B1DFF87E
:108C800010A14FF02009002B4FD005EB461207EB47
:108C900042024FEA4618137F013BDBB2052BA8D8EE
:108CA0001BF803100829A4D0EFF3108372B63444E4
:108CB0003C44527F6270A278954208BF84F80290CB
:108CC000002B52D0A84407EB480805EB45050AEBFA
:108CD000C5025AF835305068012288F81C209847A0
:108CE0007C7C04EB44033B44E6B25D78202D4FEAE4
:108CF0004404CAD17AE762B6A84405EB45050AEBFD
:108D0000C50207EB480850685AF83530012288F848
:108D10001C2098477C7C04EB44033B44E6B25D781E
:108D2000202D4FEA44043FF461AF05EB461207EBF8
:108D300042024FEA4618137F013BDBB2052B3FF698
:108D400058AF1BF8031008293FF453AFEFF310831B
:108D500072B634443C44527F6270A278954208BF98
:108D600084F80290002BC7D1C5E70191AFF30080D2
:108D700062B6A844019905EB450507EB4808A6E74C
:108D80007821002000000000000000000CA8020074
:108D9000201E00202DE9F04F85B0DFF80C810193F3
:108DA00001EB41034FF0200C18F803400391644598
:108DB000924682F800C073D04B01DFF8F09006466F
:108DC0009B4610E0727B012A02D0427D012A57D0D7
:108DD0000BEB040308EB43038AF800405B7F202B76
:108DE000A4465DD01C4604EB440009EBC000D0E96A
:108DF000032387683568716813EB070E42F10002A0
:108E0000754571EB02024FEA4403DBD21D46019B1C
:108E100083F800C0039B4FEA431B281909EBC000ED
:108E20003768B368D0F808A07268C168DB1942F1EE
:108E300000029A4571EB020310D3437D012B02D04F
:108E4000737B012B03D0012005B0BDE8F08F06F045
:108E5000FCFAAAEB070701308742F4DA019A2544AD
:108E600009EBC5051470A97DB27B0BEB040391429D
:108E700008EB430310D95C7F202CE4D06500CCE7DD
:108E8000029306F0E2FAED1B01308542A0DA029B64
:108E90009AF800C01D46BAE7002005B0BDE8F08F83
:108EA000019B1C70CFE700BF78210020201E00200E
:108EB0002DE9F04F83B00D4616461F469DF83090C1
:108EC000FFF7EAF82A686B68861947F100079642AF
:108ED00077EB030342D3DFF88C8005E05E4577EB48
:108EE00004033BD3C5E900B40DF107030DF10602FD
:108EF00049462846FFF74EFF88BB9DF8073003EB35
:108F0000430308EBC303D3E902A41A691AF1030B64
:108F100044F1000412EB0B0B6A7B44F10004012ABC
:108F2000DCD05B7D012BD9D106F08FFAABEB0A03C5
:108F300001308342D2DA9DF8073003EB430308EB9C
:108F4000C303D3E9024A06F080FA013010EB040BA8
:108F50004AEBE0745E4577EB0403C3D2002003B014
:108F6000BDE8F08F201E00202DE9F04715461C4675
:108F700012782F7A95F809C088B00023E360C4E91D
:108F80000033A7739DF8408084F80DC00646A360A7
:108F9000E2730F46002A3AD1FEF7C2FFD5E9042C4E
:108FA0003C4BC31841F1000E9A427CEB0E030AD3EE
:108FB000013E47F1FF37C4E900674FF47A73A360BD
:108FC00008B0BDE8F087263041F1000182427CEB19
:108FD0000103EDD3501E04F10C036CF1000100936A
:108FE00004AA06ABFEF7FEFF049B686802330DF18E
:108FF0000F0205A91844FEF7C9FFDDE905320799FC
:109000009B1A23F07F43C4E90021A360D8E72248DC
:1090100004F10C0206A9FEF7B9FF204B1B78202BA8
:1090200024D01F490B69D1E90521083342F1000A18
:1090300013EB01094AF1000A6B68207B18440230E7
:1090400005AA04F10801C4E9009AFEF79FFF286908
:10905000CDF8008032463B462146FFF729FF002825
:10906000AED1C4E9006708B0BDE8F087637B16F1B4
:10907000080947F1000A012BDED0FEF745FC002865
:10908000DAD106F0E2F910EB090399464AF1000A39
:10909000D2E700BF0040420FFF7F841E2021002046
:1090A000282100202DE9F04700EB4003344DDFF884
:1090B000D480EC5C06464700FFF774F94FF0200CB3
:1090C0004FEA461E04EB440108EBC1010EEB04031A
:1090D000D1F808A00A69AAEB000929F07F49B9F57F
:1090E000000F05EB43030DD812EB0A02121A22F00F
:1090F0007F42B2F5000F05D8BCF1200F0AD12046FF
:10910000BDE8F0875B7F202BA4461C46DAD1BCF17A
:10911000200FF4D00CEB4613BA1905EB430315F8F6
:1091200002805B7FAB54710144464FF0040E0B1973
:1091300005EB430322469445204683F81CE05C7F00
:10914000F5D1BB192B440A4493F802E0BEF1200F7D
:109150005FFA8EFC18BF8C443E4418BF05EB4C0CE4
:1091600005EB4202354408BF83F801804FF020032D
:1091700018BF8CF81D80A87053772046BDE8F08793
:1091800078210020201E00202DE9F04101EB410351
:109190004A4DEE5C202E82B00C4680464FEA4107D5
:1091A00040D1474B0BB1AFF3008006F06EF9AB7CBA
:1091B0000191202B0AD0434BD3E904E210F1020CB9
:1091C00041F10003E64572EB030330D3202E0AD0B1
:1091D00042463346FFF7E8FA00283DD00220AE743D
:1091E00002B0BDE8F081D5E90223B3F1FF3F08BF2B
:1091F000B2F1FF3F1FD12B7C43BB0420FFF77CF96A
:10920000FFF736FA0020FFF743FAA9694FF08042D2
:109210002020A874002301200B60C2F8083502B09A
:10922000BDE8F0810846FFF73DFF8642B9D0002037
:1092300002B0BDE8F08106F0FEF84FF0FF334FF0CA
:10924000FF32C5E902232B7C002BD6D00520FFF787
:1092500053F900232B74D0E73A1906EB441305EBBE
:10926000430315F802C05B7FAB54610162460420E2
:1092700013468A1805EB42029E421077527FF7D1BF
:109280003A192A443C449678F0B2202E18BF401870
:10929000194418BF05EB400005EB4101254418BFF8
:1092A00080F81DC0AB704FF000004FF0200308BFE6
:1092B00082F801C04B7702B0BDE8F0817821002030
:1092C000000000002821002038B5164A164D4FF046
:1092D000FF304FF0FF310023C2E90201C5E902016E
:1092E000202142F22000A970136082F82030A97476
:1092F0001C4628806B742B7405F11C0202F8143094
:109300000134202CFAD1094801F07AFC084B094AB3
:109310001C70107001F064FDA861FEF7E7FF0123E7
:10932000EB7438BD2821002078210020458B0000F7
:1093300020210020502100202DE9F04F83B006F0BD
:10934000A4F8DFF87C8206460C46FFF791F94FF04F
:10935000FF334FF0FF32C8E9022398F82030D3B929
:10936000D8F81030D8F81820D8F814108F480233E5
:1093700041F100019B1802F5DF62A0FB02024FEAF7
:10938000922241F100019B1841F100019E4274EBD1
:10939000010380F0FB804FF0FF304FF0FF31FFF70B
:1093A00017F8834A92F800B0BBF1200F00F0E98073
:1093B000804D20231370AB746B7C0022C8F8002012
:1093C00003EB43025FFA83F9AF5C5B00202F00934D
:1093D0000AD0DFF8E8A107EB47030AEBC3037A00E2
:1093E000D97D012900F0A880009BDFF8D8A103EB0C
:1093F00009062E444FEA49173478202C04D04846F9
:10940000FFF750FE8442F7D1BAF1000F01D0AFF35D
:10941000008006F03AF8AB7C202B09D0D8E9042371
:1094200010F1020E41F1000C724573EB0C03E3D313
:10943000202C34D023460122FFF7B6F9002852D061
:10944000AC7407EB0B0305EB43031A7F022A1BD115
:10945000009A4A442A44062119779178CBB22029F0
:109460001CBFDB1905EB43035F4418BF83F81DB035
:10947000009B08BF82F801B04B442B4405EB470723
:1094800083F802B020237B77FF23AB71009B4B4412
:109490001D446B78202B60D103B0BDE8F08FD5E977
:1094A0000223B3F1FF3F08BFB2F1FF3F07D005F041
:1094B000C2FF4FF0FF324FF0FF33C5E902232B7C90
:1094C000A3BB0420FFF718F8FFF7D2F80020FFF73E
:1094D000DFF8A9694FF0804200232020A8740B60B8
:1094E000C2F80835ADE73B1905EB430330785B7FE5
:1094F0003370024604211346BA1805EB42029C421F
:109500001177527FF7D1B178B370CAB220291CBF4E
:10951000D21905EB42023B4405EB430318BF5077D9
:109520004FF0200208BF70705A7765E70520FEF7FC
:10953000E3FF00232B74C4E75B7D012B14D10336BA
:1095400044F1000417440AEBC70ADAE90223B242E5
:10955000A34128BFCAE9026446E7174B187803B055
:10956000BDE8F04F01F078BB0192FEF7CDF9019A0A
:109570000028E4D105F069FF8619019A44F100043E
:10958000E0E740F2B121702001F07CF9084B0B4A72
:109590001B78182101FB03F3D01807214068D3582A
:1095A000984740F2A621702001F06CF99300DC92FC
:1095B000202100207821002050210020201E0020A2
:1095C000282100200000000038B50C46054605F0B3
:1095D00042FF11494B7C01F11C0C5FFA83FE0CEB3E
:1095E000831C002302E00133202B13D01CF813202E
:1095F000D8B2002AF7D1094A03EB4E1E03EB43030E
:1096000001EB4E0142F8335002EBC30301220A770B
:109610005C6038BD184638BD78210020201E00202F
:109620001F2808D80A494B7C00EB431301EB430386
:109630001A7F012A01D0002070474B7C00EB4313B6
:1096400001EB43034FF0000C104683F81CC0704739
:109650007821002010B5054CD4E90401FEF760FC28
:10966000237F0133181841F1000110BD282100208B
:10967000014BD3F840057047008000400378002B71
:1096800040F0D7802DE9F04F6F4A5368C3F30803C9
:1096900089B08146002B40F0B8806C4E6C4FDFF8EB
:1096A000BCB106F11C0A27B1002140F23C40AFF3E7
:1096B0000080757CEDB24FF00003B37127B100213B
:1096C00040F24140AFF300800AEB851EBEE80F0078
:1096D0006C1C04F001080AEB881CACE80F00BEE823
:1096E0000F00ACE80F00BEE80F00ACE80F009EE8EA
:1096F0000F0044468CE80F002DB227B100214FF433
:109700007370AFF3008005EB450504EB4404731957
:10971000725B9B7832533444A37057B100214FF4ED
:109720007470AFF3008027B1002140F24640AFF3E0
:10973000008005F0AAFECDF8008004AB4A4604463E
:109740000D46FFF711FC27B1002140F24D40AFF369
:109750000080404B1B78202B3FD0DBF81030DBF82B
:109760001420DBF81810083342F100025B1842F1B4
:109770000002DDE90401984271EB020CCDF8008093
:1097800022D3354822462B4604A9FFF791FB98B116
:10979000DDE90401FEF7C4FB9DF81C300133181805
:1097A00041F10001C9F81000C9F8141027B10021D7
:1097B0004FF48C60AFF30080B379002B7FF473AF6C
:1097C000012009B0BDE8F08FCDE9043204A922469A
:1097D0002B462148FFF76CFBDAE79DF81D1014F1CA
:1097E000080345F100020129C3D0CDE90232FEF79A
:1097F0008BF8DDE902320028BBD105F026FE029B82
:10980000039AC31842F10002B3E7103B59B2002992
:1098100011DB01F1604101F5614191F8000340095C
:109820000028CED0094E0A4FDFF830B006F11C0AEE
:1098300039E70020704703F00F03043B1344187E00
:1098400040090028EED1BCE700ED00E078210020BF
:1098500000000000202100200040420F28210020AD
:109860002DE9F04FAC4A53688FB0C3F30803834629
:109870000491002B40F0628108230393049B1B7822
:10988000012B00F23D82A54E26B1002140F22E5060
:10989000AFF300800023A24C05934FF0010926B1DD
:1098A000002140F23B50AFF30080B9F1000F04D12A
:1098B0009C4B0BB1AFF3008062B6657CEDB24FF00C
:1098C0000003A371039B002B40F09880A84626B1AB
:1098D000002140F24F50AFF3008005F0D6FD049A0E
:1098E00000950AAB8246FFF73FFB26B1002140F20C
:1098F0005750AFF300800BEB481904EB49094FEACE
:10990000481799F81C30013B012B75D80A992AF0A9
:109910007F4AA1EB0A0222F07F4323F00103002BD0
:1099200040F0BD8008EB4802224407EB0B0390781F
:1099300004EB43030421202819774FEA4803C1B2FE
:1099400000F09681394404EB410181F81DB0434495
:1099500023445F4404EB470783F802B020237B775E
:1099600000230593012726B1002140F25C50AFF39C
:1099700000806D4B0BB1AFF30080EFF31088C14650
:1099800072B6A379002B8AD1684B0BEB4B0C03EB1F
:10999000CC0C0AAB0FCB0CF1080C8CE80F008FB18C
:1099A000039B002B00F0EA80059B23B1604B1B78E2
:1099B000202B00F06081637CDB4303F001036374C0
:1099C000FF23A371B8F1000F04D1564B0BB1AFF3D5
:1099D000008062B626B1002140F29350AFF30080C0
:1099E000002F4AD126B1002140F29F50AFF30080F2
:1099F00038460FB0BDE8F08F0027B4E74D4B05F1B6
:109A0000010A0AF0010A03EB851E03EB8A1CBEE87B
:109A10000F00ACE80F00BEE80F00ACE80F00BEE896
:109A20000F00ACE80F009EE80F002DB28CE80F008D
:109A3000D0460FFA8AF726B100214FF47370AFF3C6
:109A4000008005EB450507EB47076319625B9B78D0
:109A5000E2532744BB7056B100214FF47470AFF34A
:109A6000008026B1002140F24550AFF30080A37979
:109A7000002B7FF414AF554629E7637C03EB4303C7
:109A80001C446378202BADD026B1002140F29A50BF
:109A9000AFF30080284B187801F0DEF8A2E722F03F
:109AA0007F42B2F5000F3FF63DAF0C9B5B18A3EB76
:109AB0000A0323F07F43B3F5000F3FF633AF0DF1F8
:109AC00027030DF1260229460AA8FFF763F905903E
:109AD00000285AD108EB480222440423907889F8E0
:109AE0001C304FEA48032028C1B2434418BFC919AB
:109AF00023445F4404EB470718BF04EB410183F89C
:109B000002B04FF0200314BF81F81DB082F801B0FD
:109B10007B77012727E700BF00ED00E00000000091
:109B2000782100200000000000000000201E00201E
:109B3000202100209421002050210020103B59B208
:109B40000029C0F28D8001F1604101F5614191F879
:109B500000335B090393002B7FF490AE704B1B78AE
:109B6000202B00F0D280049B1B780393002B3FF442
:109B70008AAE40F22751702000F084FEFF23A371CB
:109B8000B8F1000F7FF426AF1FE79DF826C09DF8BF
:109B900027E0F44518D1BCF1200F00F09E8007EBC0
:109BA0000C0304EB43035B7F89F81D30BC4404EBDA
:109BB0004C0C00228CF81DB05F4404EB4703059F5A
:109BC000059203221A77CEE6BEF1200F00F0A280A4
:109BD00007EB0E0304EB4303BCF1200F597F00F0A9
:109BE000878007EB0C0204EB42024FEA4803507FE8
:109BF000069051774FF0050A3A1804EB42020146ED
:109C00008E45814682F81CA0507FF5D103EB0802F7
:109C10002244079192F802A0BAF1200F5FFA8AFE5F
:109C200063D0BE4404EB4E0E069A8EF81D2003EB63
:109C300008022244079982F80290394407EB0B028C
:109C40004FF0200E04EB410104EB4202F44581F891
:109C50001DE05077AAD14344059A04F803B0ABE75E
:109C600003F00F03043B13441B7E5B09039372E76D
:109C700082F801B06BE629460220FFF785FA00283A
:109C80007FF499AE637C03EB430020440BEB43125B
:109C900004EB420285780421DFB211775A015B00A0
:109CA000202DE9B23B4418BF891823445A4418BFF9
:109CB00004EB410104EB420283F802B04FF02003B1
:109CC00018BF81F81DB0059F08BF80F801B0537719
:109CD000B8F1000F7FF47EAE77E608EB4803E35C53
:109CE00089F81D304FEA4803B5E7069951709EE7A1
:109CF00008EB48024FEA4803A05C0690A15479E7BC
:109D000040F22B51702000F0BDFD40F22451702034
:109D100000F0B8FD40F2CB11702000F0B3FD00BFA1
:109D2000202100202DE9F84F734CDFF8DC81054637
:109D30004FF0010A04F11C0BB8F1000F04D0002110
:109D400040F2B150AFF30080BAF1000F04D16B4B79
:109D50000BB1AFF3008062B64FF00003A371B8F10E
:109D6000000F04D0002140F2B650AFF30080667CB3
:109D70000BEB861EBEE80F0006F1010909F0010792
:109D80000BEB871CACE80F00BEE80F00ACE80F003F
:109D9000BEE80F00ACE80F009EE80F00B9468CE863
:109DA0000F00B8F1000F04D000214FF47370AFF32F
:109DB000008006EB460607EB4707A319A25B9B78DA
:109DC000E2532744BB70B8F1000F04D000214FF4D8
:109DD0007470AFF30080A37903F0FF01002B7CD1F6
:109DE000B8F1000F03D04FF4B860AFF3008005EB7B
:109DF000491304EB43034FEA49161A7F032A6AD139
:109E000009EB4902A75CBD4271D0202F63D03B46CD
:109E100001E0202B5FD0F21804EB42021946537F79
:109E20009D42F6D1202D56D07319314404EB4303E3
:109E300004EB41015B7F4B77B8F1000F0CD00021A0
:109E400040F23E30AFF30080B8F1000F04D00021A3
:109E500040F2C550AFF300802E4404EB46060123C8
:109E60003377B8F1000F04D0002140F2CE50AFF3A9
:109E70000080234B0BB1AFF30080EFF3108A72B672
:109E8000A379002B7FF458AFBD4203D11D4B1B7843
:109E9000202B1AD0637CDB4303F001036374FF23A0
:109EA000A3710124BAF1000F04D1144B0BB1AFF32D
:109EB000008062B6B8F1000F04D000214FF4BE60FC
:109EC000AFF300802046BDE8F88F49460220FFF737
:109ED0005BF90028DED10024E4E7B8F1000F3FF47D
:109EE00033AF002140F2BC50AFF3008024E7202DB7
:109EF000F1D05B7FA3549FE7782100200000000091
:109F000000000000202100200000000070B586B095
:109F100007280DD8DFE800F0310C0C0C0C1D040EE6
:109F20005F4B4FF080419A690123C1F808351360F7
:109F300006B070BD5B4B5C4A1B7803EB430302EB3E
:109F4000C30052F833304068042106B0BDE87040C9
:109F50001847534C237C002B48D0D4E90223B3F19B
:109F6000FF3F08BFB2F1FF3F00F084800120FEF701
:109F70008FFB0023237406B070BD494CD4E9022343
:109F8000B3F1FF3F08BFB2F1FF3F55D0454E01206E
:109F9000FEF77EFB3378202B55D0444D6A7F012A93
:109FA0003BD0FDF7B1FC0346002835D194F89C2046
:109FB0000132D2B2312A84F89C206CD84FF47A72E4
:109FC00030786946CDE90032CDE90233CDE904337A
:109FD000FFF746FC002859D095F82040012385F86A
:109FE0002030FFF7A9F985F82040A1E72D4B2E4A34
:109FF0001B782E4903EB43034FF0FF344FF0FF353E
:10A00000C1E9024502EBC30152F83330486805212B
:10A0100006B0BDE8704018473378234A03EB43038A
:10A0200002EBC30052F833304068002184F89C10E2
:10A0300006B0BDE87040184705F0FBF905F025FAB9
:10A04000C4E90201A2E7637C03EB4301DAB2635C7B
:10A05000202B16D003EB421204EB4202507F6054D7
:10A06000FF21A171114D337002211177002285F873
:10A07000202093E705F0DDF905F007FAC4E90201B5
:10A0800074E740F24221702000F0FCFB40F21961BD
:10A09000702000F0F7FB40F21561702000F0F2FB39
:10A0A0007821002020210020201E002028210020CF
:10A0B00070B5234B1A78202A86B036D0214CD4E9CB
:10A0C0000213B3F1FF3F08BFB1F1FF3F32D11E4E83
:10A0D00002EB420206EBC2060546D6E90201FDF795
:10A0E0001FFF327D53194FF000025241013342F1FC
:10A0F0000002181842EB01010DF10B0204AB0092B3
:10A1000003AAFDF76FFF9DF80B20DDE904130F2A6A
:10A1100094BF00220122521843F100030520C4E934
:10A120000223FEF743FA06B070BD40F2AF71702013
:10A1300000F0A8FB4FF4F661702000F0A3FB00BF15
:10A140002021002028210020201E0020FEF72AB90F
:10A1500038B5254B93F800E0BEF1200F3FD0234DDA
:10A160006B7C95F811C003EB43035FFA8CFCEB5C4E
:10A17000202B25D01E4C4FEA4C1C05E0634405EB18
:10A1800043035B7F202B1BD003EB430204EBC20293
:10A19000917D8142F2D80EEB4E0E04EBCE04D4E951
:10A1A0000213206940189168D26843F10003C41C6F
:10A1B00043F10003A14272EB030304D2002038BD37
:10A1C0004FF0FF3038BD0B4B081A03381C68FDF701
:10A1D00099FE04F132038342F0D8001B38BD40F2EF
:10A1E000E471702000F04EFB202100207821002037
:10A1F000201E0020282100202DE9F04F8C4B1D78D7
:10A2000087B0202D019000F00D81DFF83092DFF84B
:10A21000308299F8113003EB43030646D8F800006A
:10A2200019F80340D8F8103003930DF11302D8F851
:10A23000183002938B46304405A9FDF7A7FE7D4BED
:10A24000A6F132029A426AD8DFF8F8A1059BD8F845
:10A25000146005EB45050AEBC505A8681B182869BD
:10A26000D8F810501818401B20F07F43B3F5000FAA
:10A2700055D899F81120C8F81800202C88F81EB07D
:10A28000D2B200F0C2805201DC462021934604EB9A
:10A29000440240190AEBC20246F1000ED2E9026301
:10A2A000864273EB0E034FEA440746D3537D012BDE
:10A2B00003D098F81D30012B35D005200091FEF712
:10A2C0001BF9009999F811004FF0FF324FF0FF335E
:10A2D0002029C8E90223C0B240F0958000EB40007D
:10A2E000202419F80030524A99F81110127802EB24
:10A2F000411209EB42025377D8F80030019A134417
:10A30000C8F80030FF2389F80630202C35D04A4B9E
:10A31000187800F0A1FC002007B0BDE8F08F012004
:10A3200007B0BDE8F08F009105F08FF8751B013084
:10A3300085420099C1DA98F81EC027440AEBC70786
:10A34000BB7D63450DD90BEB040309EB43035B7F36
:10A35000202B16D02146D8E90456D8F818001C4600
:10A3600095E7DDE90231D8F810205B189B1A02202E
:10A37000C8F8183007B0BDE8F08F002007B0BDE87E
:10A38000F08F0520FEF7B8F84FF0FF324FF0FF33A3
:10A3900099F81100C8E90223C0B204EB401309EB9D
:10A3A000430346005A7F00EB4003410119F803A024
:10A3B00009F803204FF0050C5346CF1809EB470767
:10A3C0001A4694421D4687F81CC07B7FF5D137188A
:10A3D0004F440A4497F802E0BEF1200F5FFA8EFC6A
:10A3E00018BF8C44304418BF09EB4C0C09EB4202F7
:10A3F00048444FF0200114BF8CF81DA087F801A03D
:10A40000857051776FE70C46C7E70520FEF774F8B3
:10A4100099F811004FF0FF324FF0FF33C8E90223E3
:10A42000C0B25BE740F60D01702000F02BFA00BFD0
:10A4300020210020CE3F420F502100207821002013
:10A4400028210020201E00202DE9F84F9A4C637C23
:10A4500000EB431304EB43031B7F002B00F0278129
:10A46000677CDFF860820546FFB2B8F1000F04D0C8
:10A47000002140F64C00AFF300807E0105EB47174A
:10A4800004EB4707B8F1000F40F0D980771904EBCF
:10A4900047073B7F012B08D0043B022B40F2C580CD
:10A4A00005F01FF83B7F012BF6D1DFF81CA24FF01F
:10A4B000010BB8F1000F04D0002140F66300AFF3A8
:10A4C0000080BBF1000F04D17C4B0BB1AFF30080D7
:10A4D00062B64FF00003A371B8F1000F04D0002161
:10A4E00040F66800AFF30080667C0AEB861EBEE88B
:10A4F0000F0006F1010909F001070AEB871CACE81F
:10A500000F00BEE80F00ACE80F00BEE80F00ACE89B
:10A510000F009EE80F00B9468CE80F00B8F1000F5D
:10A5200004D000214FF47370AFF3008006EB4606B1
:10A5300007EB4707A319A25B9B78E2532744BB7044
:10A54000B8F1000F04D000214FF47470AFF3008015
:10A55000A37903F0FF01002B40F08580B8F1000FD4
:10A5600003D040F67200AFF3008009EB49032344A7
:10A570004FEA490B5E78B54200F08F80202E2CD038
:10A580004FEA491101E0202E27D08B1904EB430339
:10A59000324637465E7FB542F5D1202D1DD00A44A4
:10A5A000294404EB410104EB42024B7F5377B8F19D
:10A5B000000F04D0002140F23630AFF300800BEBE7
:10A5C000090323449B789E425AD0B8F1000F0CD067
:10A5D000002140F23E30AFF30080B8F1000F04D00C
:10A5E000002140F67600AFF30080354B0BB1AFF39E
:10A5F0000080EFF310839B4672B6A279002A7FF4A5
:10A6000058AF84F81190FF22A27123B92B4B0BB1E4
:10A61000AFF3008062B6B8F1000F04D0002140F61D
:10A620008800AFF30080BDE8F88F731904EB430393
:10A630000122DFF894A01A774FF0010B39E73B7F36
:10A64000012B3FF432AF043B022B16D9002140F618
:10A650005800AFF3008004F044FF002140F65C0096
:10A66000AFF300800EE7B8F1000F3FF42AAF0021EE
:10A6700040F66E00AFF300801BE701233B77ECE769
:10A68000B8F1000F04D0002140F23930AFF3008060
:10A690000BEB090323449F7097E7202D9DD005EB1A
:10A6A000491204EB42022027527F5A707FE740F69E
:10A6B0004301702000F0E6F878210020000000003F
:10A6C00000000000000000009421002070B586B05A
:10A6D00063BB064610460D46FDF714FC0DF10B0357
:10A6E00004460093304604AB294603AAFDF77AFCE2
:10A6F00003981349231A8B420BD3001B88420ED3B5
:10A70000104A93420DD8904215D9C0F1614303F528
:10A71000F7030A9AA2F10F00C01A06B070BD4342B7
:10A72000F7E703F1F45303F59023F2E740F68E01C7
:10A73000702000F0A7F840F2D471702000F0A2F869
:10A740000040420FFF7F841EBFF34F8F0549064B29
:10A75000CA6802F4E0621343CB60BFF34F8F00BFBF
:10A76000FDE700BF00ED00E00400FA05094B0122FF
:10A770005A604FF0FF32C3F80823074B4FF4804272
:10A78000C3F88020BFF34F8FBFF36F8FC3F88021D2
:10A79000704700BF00E0004000E100E0094B0122EB
:10A7A0005A604FF0FF32C3F80823074B4FF4805232
:10A7B000C3F88020BFF34F8FBFF36F8FC3F88021A2
:10A7C000704700BF00C0004000E100E0084B0022DD
:10A7D000C3F8FC2F0122C3F8FC2F064B0222C3F85A
:10A7E0008020BFF34F8FBFF36F8FC3F88021704776
:10A7F0000010004000E100E0F8B51B4E337805463C
:10A800000C4617466BBB00F06BFAFDF72BF8174BA5
:10A810007760002D08BF1D4628463472FFF7D6FF2B
:10A82000FFF7BCFFFFF7A2FF04F011FE0546B0B929
:10A83000FEF74AFD04F00DFE04F014FE002C0CDBC4
:10A8400004F01F026409A40004F1604404F56144AB
:10A8500001239340C4F880312360012333702846DC
:10A86000F8BD4FF0FF35FAE71822002012A80200C9
:10A8700008B572B6024B5B6803B19847FFF764FFF7
:10A88000182200201FB572B6134B5D688DB9FFF713
:10A890005BFFB2FBF6F2DCB20133002AF9D104F11E
:10A8A00010036B4403F80C2C0A2234B901A8A84702
:10A8B000EDE7024600230A26EDE7631E04AEDCB294
:10A8C00056FA83F3B0FBF2F602FB1600303003F8C1
:10A8D0000C0C3046E9E700BF18220020074B93F923
:10A8E0000830002B09DB5A09012103F01F0301FA8C
:10A8F00003F34032024941F8223070471822002009
:10A9000000E100E0014B1878704700BF18220020DA
:10A910002DE9F84FDFF8CCA0304C314DDFF8C8906E
:10A92000074601269AF800805FFA88F8FF238AF824
:10A930000030B8F1000F01D08AF80130EFF3108237
:10A9400072B600236660C4F80031C4F80431C4F85C
:10A95000047526603AB962B605E0D4F8043133B91B
:10A960002B69DB0620D4D4F80031002BF5D0D4F8C5
:10A970000431002BE2D1B8F1000F13D19AF8013065
:10A98000DBB28AF8018003214FF48042C4F8081337
:10A99000C4F80481C4F80081C9F880218AF80080D5
:10A9A000002BBFD1BDE8F88F4FF48043C9F8803148
:10A9B000EFF3108B72B60323C4F80433D4F80031DC
:10A9C00013B9D4F804311BB1BBF1000FCBD1C2E7EE
:10A9D00004F087FDBBF1000FC5D1BCE700E00040EB
:10A9E00000ED00E02422002000E100E070B51646F2
:10A9F000DA078CB01D4686468C4640F1A280C37BA8
:10AA00008DF80030837B8DF80130437B8DF8023068
:10AA1000037B8DF80330C37A8DF80430837A8DF888
:10AA20000530437A8DF80630037A8DF80730C37904
:10AA30008DF8083083798DF8093043798DF80A3024
:10AA400003798DF80B30C3788DF80C308378427819
:10AA50008DF80D3003788DF80F308DF80E20CA7BFD
:10AA60008B7B8DF810208DF811304A7B0B7B8DF895
:10AA700012208DF81330CA7A8B7A8DF814208DF855
:10AA800015304A7A0B7A8DF816208DF81730CA796E
:10AA90008B798DF818208DF819304A790B798DF85B
:10AAA0001A208DF81B30CA788B788DF81C208DF811
:10AAB0001D304A780B788DF81E208DF81F306C46BB
:10AAC0002046FFF725FFAB0731D59DF82F009DF8F5
:10AAD0002E109DF82D209DF82C30307071709DF84F
:10AAE0002B009DF82A10B270F3709DF829209DF874
:10AAF0002830307171719DF827009DF82610B271D1
:10AB0000F3719DF825209DF82430307271729DF804
:10AB100023009DF82210B272F3729DF821209DF857
:10AB2000203030737173B273F3730CB070BD0DF1DC
:10AB3000200CBCE80F0030607160B260F3600CB0B4
:10AB400070BDDEF80410DEF80820DEF80C30006876
:10AB50006C46A646AEE80F00DCF80000DCF80410F6
:10AB6000DCF80820DCF80C30AEE80F00A8E700BFE6
:10AB700010B5002482B0CDE90044FFF737FF02B0E2
:10AB800010BD00BF1B4B4FF4805270B5C3F880203E
:10AB9000BFF34F8FBFF36F8F174D184C0021C5F8CF
:10ABA0000011C3F880212669236943F01003236153
:10ABB0000123C5F8043306F010062B60D5F80031E8
:10ABC000A3B11EB9236923F0100323610A4B0122AC
:10ABD000D3F808055A60C3F808230022C3F80021FF
:10ABE000044B4FF48052C3F8802170BD04F079FC0F
:10ABF000E4E700BF00E100E000C0004000ED00E03D
:10AC000038B50C4902460520431ED8B2FF2803D1AF
:10AC100048216920FFF736FE01EBC0031D7905F0DE
:10AC2000FF04002DF0D141F8302001225C719C71AD
:10AC30001A7138BD28220020042808B503D94F21F5
:10AC40006920FFF71FFE034B03EBC00000230371D5
:10AC500008BD00BF28220020042808B503D95821C8
:10AC60006920FFF70FFE094B03EBC0000379012BAE
:10AC700001D05921F4E7437982790133DBB29A425A
:10AC800018BF4371BDE80840FFF728BE2822002006
:10AC900070B5124C06250026013D15F0FF0500D1C8
:10ACA00070BD94F8281004EBC1031A79012A09D168
:10ACB00058799A79904205D05A79D2B29A7154F85B
:10ACC0003130984794F828300133DBB2042B94BF1D
:10ACD00084F8283084F82860DEE700BF28220020AE
:10ACE0004FF08052034BD2F830111960D2F8342162
:10ACF0005A60704754220020034B1868A0F10F03DC
:10AD000058425841704700BF54220020034B186836
:10AD1000A0F10A0358425841704700BF5422002056
:10AD2000034B1868A0F10E0358425841704700BF0A
:10AD300054220020034B1868A0F1100358425841D8
:10AD4000704700BF54220020044B1868062803D027
:10AD5000431C58425841704701207047542200203C
:10AD6000034B1868A0F10D0358425841704700BFCB
:10AD700054220020034B1868A0F1080358425841A0
:10AD8000704700BF5422002008B5FFF7BFFF20B175
:10AD9000024B5868B0FA80F0400908BD54220020E8
:10ADA00008B5FFF7D1FF38B1044B5868063810F1E9
:10ADB000080F94BF0020012008BD00BF54220020CE
:10ADC00008B5FFF7C1FF38B1044B5868063810F1D9
:10ADD000080F8CBF0020012008BD00BF54220020B6
:10ADE00008B5FFF789FF70B9FFF790FF58B9FFF773
:10ADF00097FF40B9FFF7A8FF044A054B002808BF9A
:10AE00001346184608BD024BFBE700BF00E70140B0
:10AE10000C05004008B5FFF797FF08B3EFF310806B
:10AE200072B6104A1369116941F010011161A2F55F
:10AE3000406203F01003D2F80011D2F804210A4353
:10AE400000D040BF20BF00BF00BF00BF00BF23B97C
:10AE5000044A136923F01003136100B962B608BDF8
:10AE600020BFFCE700ED00E0914270B53BD2B2FAA2
:10AE700082F33BB1C3F1200420FA04F4994021434A
:10AE800098409A40160CB1FBF6FC06FB1C142404F7
:10AE90001FFA82FE030C85B204EB10400CFB0EF48B
:10AEA000844206D9201A90428CBF02200120ACEBCC
:10AEB000000C03EB01410CFB1211B1FBF6F006FB99
:10AEC000101105EB014100FB0EFE8E454FEA0C4CC4
:10AED00006D9AEEB010E96458CBF02220122801AE4
:10AEE00040EA0C0070BD73219620FFF7CBFC00BF39
:10AEF0002DE9F8431C4652EA040349D0074615469B
:10AF00000E467CB9914208D321463046FFF7ACFF8C
:10AF100004462A46384604FB1561FFF7A5FF214683
:10AF2000BDE8F883B4FA84F9B9F11F0F34DC4FF0AF
:10AF3000010808FA09F2A2FB051320FA08F002FB47
:10AF4000043226FA08F140EAC670FFF78DFFC9F116
:10AF50001F03D8404FF0000118D0431E8C4661EB10
:10AF6000010105FB01F203FB042280461846A5FB04
:10AF7000033EFB1A724466EB02061F46AF4276EBB5
:10AF8000040324BF40466146BDE8F8838446F5E7E4
:10AF9000CA219620FFF776FCE7219620FFF772FC86
:10AFA00030B5441A944229D33AB34B1CC31A022B2E
:10AFB0002FD9531E072B2CD922F003058C46864629
:10AFC0000D445CF8044B4EF8044BAC45F9D122F02B
:10AFD00003039A4202F0030400EB030501EB030CA8
:10AFE0000BD0CA5CC254012C07D09CF801306B70A6
:10AFF000022C02D09CF80230AB7030BD002AFCD08D
:10B000008B18024413F801CD02F801CD8B42F9D11F
:10B0100030BD4B1E0244014613F8014F01F8014BAD
:10B020009142F9D130BD00BF81EA000370B59E079F
:10B030005DD185075FD0002A58D0034601E0002A81
:10B0400054D011F801CB03F801CB9C0702F1FF3279
:10B05000F5D1032A29D941EA0305141F6E074FEAE7
:10B06000940E4AD12B2C48D90EF101064FEA560C0A
:10B0700003EBCC0CA1F108051C4695ED027BA4EC7A
:10B08000027B644505F10805F7D1F50726F00104B8
:10B0900003D551F8245043F824500EF1010402F076
:10B0A000030203EB840301EB8401FAB1541E022C6A
:10B0B0001FD922F003058C460D449E465CF8044BD4
:10B0C0004EF8044BAC45F9D122F00304A2422344CC
:10B0D000214402F0030509D00A781A70012D05D029
:10B0E0004A785A70022D1CBF8A789A7070BD034648
:10B0F000DBE71546F0E70346ABE70EF1010C01EB89
:10B100008C0C1D1F0C4654F8046B45F8046F644505
:10B11000F9D1C2E72DE9F04184075FFA81FE5FD0E3
:10B12000002A59D0034601E0002A55D003F801EB6C
:10B13000990702F1FF32F7D14EEA0E24032A44EABE
:10B1400004443ED9151FAE08172D06F10106C3F3BE
:10B15000800147D99846002940D048F8044B771A17
:10B1600003EB810C79080CEBC101CCE900440CF134
:10B17000080C6145F9D127F0010C08EB8C016745FB
:10B18000CCEB8C7805EB880517D02F1F032F0C60B4
:10B1900013D9A5F10807032F4C600ED9A5F10C07B0
:10B1A000032F8C6009D9A5F11007032FCC6004D9B7
:10B1B000143D032D0C6188BF4C6102F0030203EBC8
:10B1C00086034AB1013A83F800E005D0012A83F8EA
:10B1D00001E018BF83F802E0BDE8F0811546BEE744
:10B1E0000346A9E719461546CFE700BF81F00041A5
:10B1F00002E000BF83F0004330B54FEA41044FEA5C
:10B20000430594EA050F08BF90EA020F1FBF54EAF6
:10B21000000C55EA020C7FEA645C7FEA655C00F092
:10B22000E2804FEA5454D4EB5555B8BF6D420CDD63
:10B230002C4480EA020281EA030382EA000083EAE6
:10B24000010180EA020281EA0303362D88BF30BD86
:10B2500011F0004F4FEA01314FF4801C4CEA1131DC
:10B2600002D0404261EB410113F0004F4FEA03333B
:10B270004CEA133302D0524263EB430394EA050FC6
:10B2800000F0A780A4F10104D5F1200E0DDB02FA35
:10B290000EFC22FA05F2801841F1000103FA0EF2C9
:10B2A000801843FA05F359410EE0A5F120050EF18F
:10B2B000200E012A03FA0EFC28BF4CF0020C43FAC0
:10B2C00005F3C01851EBE37101F0004507D54FF0CD
:10B2D000000EDCF1000C7EEB00006EEB0101B1F51D
:10B2E000801F1BD3B1F5001F0CD349085FEA300063
:10B2F0004FEA3C0C04F101044FEA445212F5800F6E
:10B3000080F09A80BCF1004F08BF5FEA500C50F10A
:10B31000000041EB045141EA050130BD5FEA4C0CED
:10B32000404141EB0101013C28BFB1F5801FE9D24A
:10B3300091F0000F04BF01460020B1FA81F308BF6D
:10B340002033A3F10B03B3F120020CDA0C3208DD39
:10B3500002F1140CC2F10C0201FA0CF021FA02F114
:10B360000CE002F11402D8BFC2F1200C01FA02F184
:10B3700020FA0CFCDCBF41EA0C019040E41AA2BFA9
:10B3800001EB0451294330BD6FEA04041F3C1CDA71
:10B390000C340EDC04F11404C4F1200220FA04F091
:10B3A00001FA02F340EA030021FA04F345EA03013B
:10B3B00030BDC4F10C04C4F1200220FA02F001FAFD
:10B3C00004F340EA0300294630BD21FA04F029467F
:10B3D00030BD94F0000F83F4801306BF81F4801118
:10B3E0000134013D4EE77FEA645C18BF7FEA655C8B
:10B3F00029D094EA050F08BF90EA020F05D054EA5D
:10B40000000C04BF1946104630BD91EA030F1EBF61
:10B410000021002030BD5FEA545C05D14000494165
:10B4200028BF41F0004130BD14F580043CBF01F558
:10B43000801130BD01F0004545F0FE4141F470013E
:10B440004FF0000030BD7FEA645C1ABF1946104619
:10B450007FEA655C1CBF0B46024650EA013406BF1A
:10B4600052EA033591EA030F41F4002130BD00BFD9
:10B4700090F0000F04BF0021704730B54FF4806496
:10B4800004F132044FF000054FF0000150E700BF17
:10B4900090F0000F04BF0021704730B54FF4806476
:10B4A00004F1320410F0004548BF40424FF0000163
:10B4B0003EE700BF42004FEAE2014FEA31014FEAA6
:10B4C00002701FBF12F07F4393F07F4F81F06051F5
:10B4D000704732F07F4208BF704793F07F4F04BF40
:10B4E00041F40021704730B54FF4607401F000451D
:10B4F00021F000411CE700BF50EA010208BF70477D
:10B5000030B54FF000050AE050EA010208BF70476D
:10B5100030B511F0004502D5404261EB41014FF4D6
:10B52000806404F132045FEA915C3FF4D8AE4FF0DE
:10B5300003025FEADC0C18BF03325FEADC0C18BFC1
:10B54000033202EBDC02C2F1200300FA03FC20FA12
:10B5500002F001FA03FE40EA0E0021FA02F114445F
:10B56000BDE600BF70B54FF0FF0C4CF4E06C1CEA78
:10B5700011541DBF1CEA135594EA0C0F95EA0C0FE9
:10B5800000F0DEF82C4481EA030621EA4C5123EA5C
:10B590004C5350EA013518BF52EA033541F480118B
:10B5A00043F4801338D0A0FB02CE4FF00005E1FB3E
:10B5B00002E506F00042E0FB03E54FF00006E1FB88
:10B5C00003569CF0000F18BF4EF0010EA4F1FF04CB
:10B5D000B6F5007F64F5407404D25FEA4E0E6D410B
:10B5E00046EB060642EAC62141EA55514FEAC5201C
:10B5F00040EA5E504FEACE2EB4F1FD0C88BFBCF598
:10B60000E06F1ED8BEF1004F08BF5FEA500E50F148
:10B61000000041EB045170BD06F0004646EA01010E
:10B6200040EA020081EA0301B4EB5C04C2BFD4EB40
:10B630000C0541EA045170BD41F480114FF0000E39
:10B64000013C00F3AB8014F1360FDEBF002001F0A7
:10B65000004170BDC4F10004203C35DA0C341BDC21
:10B6600004F11404C4F1200500FA05F320FA04F0F3
:10B6700001FA05F240EA020001F0004221F0004127
:10B6800010EBD37021FA04F642EB06015EEA430E9A
:10B6900008BF20EAD37070BDC4F10C04C4F12005CA
:10B6A00000FA04F320FA05F001FA04F240EA02007D
:10B6B00001F0004110EBD37041F100015EEA430E4E
:10B6C00008BF20EAD37070BDC4F1200500FA05F26E
:10B6D0004EEA020E20FA04F301FA05F243EA0203ED
:10B6E00021FA04F001F0004121FA04F220EA0200FC
:10B6F00000EBD3705EEA430E08BF20EAD37070BD42
:10B7000094F0000F0FD101F00046400041EB010121
:10B7100011F4801F08BF013CF7D041EA060195F003
:10B72000000F18BF704703F00046520043EB0303BD
:10B7300013F4801F08BF013DF7D043EA06037047AA
:10B7400094EA0C0F0CEA135518BF95EA0C0F0CD0B5
:10B7500050EA410618BF52EA4306D1D181EA0301FB
:10B7600001F000414FF0000070BD50EA410606BFF5
:10B770001046194652EA430619D094EA0C0F02D13A
:10B7800050EA013613D195EA0C0F05D152EA03367F
:10B790001CBF104619460AD181EA030101F000419D
:10B7A00041F0FE4141F470014FF0000070BD41F0E6
:10B7B000FE4141F4780170BD70B54FF0FF0C4CF4C0
:10B7C000E06C1CEA11541DBF1CEA135594EA0C0FDF
:10B7D00095EA0C0F00F0A7F8A4EB050481EA030E2C
:10B7E00052EA03354FEA013100F088804FEA033313
:10B7F0004FF0805545EA131343EA12634FEA0222E1
:10B8000045EA111545EA10654FEA00260EF00041A1
:10B810009D4208BF964244F1FD0404F5407402D2F3
:10B820005B084FEA3202B61A65EB03055B084FEA84
:10B8300032024FF480104FF4002CB6EB020E75EB81
:10B84000030E22BFB61A754640EA0C005B084FEAA9
:10B850003202B6EB020E75EB030E22BFB61A754626
:10B8600040EA5C005B084FEA3202B6EB020E75EB71
:10B87000030E22BFB61A754640EA9C005B084FEAE9
:10B880003202B6EB020E75EB030E22BFB61A7546F6
:10B8900040EADC0055EA060E18D04FEA051545EAE5
:10B8A00016754FEA06164FEAC30343EA52734FEA8E
:10B8B000C2025FEA1C1CC0D111F4801F0BD141EA07
:10B8C00000014FF000004FF0004CB6E711F4801F6C
:10B8D00004BF01430020B4F1FD0C88BFBCF5E06F4C
:10B8E0003FF6AFAEB5EB030C04BFB6EB020C5FEA5C
:10B8F000500C50F1000041EB045170BD0EF0004EB1
:10B900004EEA113114EB5C04C2BFD4EB0C0541EAE2
:10B91000045170BD41F480114FF0000E013C90E6DF
:10B9200045EA060E8DE60CEA135594EA0C0F08BFA3
:10B9300095EA0C0F3FF43BAF94EA0C0F0AD150EAA2
:10B9400001347FF434AF95EA0C0F7FF425AF104635
:10B9500019462CE795EA0C0F06D152EA03353FF45D
:10B96000FDAE1046194622E750EA410618BF52EADA
:10B9700043067FF4C5AE50EA41047FF40DAF52EAAE
:10B9800043057FF4EBAE12E74FF0FF3C06E000BF4B
:10B990004FF0010C02E000BF4FF0010C4DF804CD58
:10B9A0004FEA410C7FEA6C5C4FEA430C18BF7FEA18
:10B9B0006C5C1BD001B050EA410C0CBF52EA430C46
:10B9C00091EA030F02BF90EA020F0020704710F1C6
:10B9D000000F91EA030F58BF994208BF90422CBF55
:10B9E000D8176FEAE37040F0010070474FEA410C4E
:10B9F0007FEA6C5C02D150EA013C07D14FEA430C6C
:10BA00007FEA6C5CD6D152EA033CD3D05DF8040BDC
:10BA1000704700BF8446104662468C46194663460E
:10BA200000E000BF01B5FFF7B7FF002848BF10F1E5
:10BA3000000F01BD4DF808EDFFF7F4FF0CBF01202A
:10BA400000205DF808FB00BF4DF808EDFFF7EAFFA6
:10BA500034BF012000205DF808FB00BF4DF808ED61
:10BA6000FFF7E0FF94BF012000205DF808FB00BF56
:10BA70004DF808EDFFF7CEFF94BF012000205DF8E0
:10BA800008FB00BF4DF808EDFFF7C4FF34BF0120ED
:10BA900000205DF808FB00BF4FEA410C7FEA6C5CB8
:10BAA00002D150EA013C0AD14FEA430C7FEA6C5CB8
:10BAB00002D152EA033C02D14FF0000070474FF030
:10BAC000010070474FEA410212F5001215D211D55C
:10BAD0006FF47873B3EB625212D94FEAC12343F08B
:10BAE000004343EA505311F0004F23FA02F018BF0D
:10BAF000404270474FF00000704750EA013005D1D6
:10BB000011F0004008BF6FF0004070474FF0000098
:10BB1000704700BF4FEA4102B2F1E04324BFB3F5E2
:10BB2000001CDCF1FE5C0DD901F0004C4FEAC002B4
:10BB30004CEA5070B2F1004F40EB830008BF20F098
:10BB40000100704711F0804F21D113F13872BCBF52
:10BB500001F00040704741F480114FEA5252C2F1A7
:10BB60001802C2F1200C10FA0CF320FA02F018BFF0
:10BB700040F001004FEAC1234FEAD32303FA0CFC43
:10BB800040EA0C0023FA02F34FEA4303CCE77FEAD2
:10BB9000625307D150EA01331EBF4FF0FE4040F41C
:10BBA0004000704701F0004040F0FE4040F40000CB
:10BBB000704700BF7BB972B90029BEBF00204FF0AB
:10BBC000004106E008BF00281CBF6FF000414FF0A5
:10BBD000FF3000F057B8ADF1080C6DE904CE002934
:10BBE00009DB002B1ADB03F098FCDDF804E0DDE94B
:10BBF000022304B07047404261EB4101002B1BDB84
:10BC000003F08BFCDDF804E0DDE9022304B04042E0
:10BC100061EB4101524263EB43037047524263EBD5
:10BC2000430303F07AFCDDF804E0DDE9022304B00D
:10BC3000404261EB41017047524263EB430303F022
:10BC40006CFCDDF804E0DDE9022304B0524263EB52
:10BC50004303704753B94AB9002908BF00281CBFE5
:10BC60004FF0FF314FF0FF3000F00CB8ADF1080C91
:10BC70006DE904CE03F051FCDDF804E0DDE90223B8
:10BC800004B07047704700BF1FB5014601A800F01F
:10BC900006F801A802F0EBFB05B05DF804FB0B8889
:10BCA000C3F30B0383804B88C380002242724B781E
:10BCB000C3F30113012B02D0022B18BF134604312A
:10BCC00003720160704710B58B880370437803F0EE
:10BCD000F00343708A88C2F3032213434370CA8877
:10BCE0008270CA8803F0CF03120A4370C2700A7AC6
:10BCF000120102F03002134303F03F0343704A7A0B
:10BD000043EA821343700C4609680430814205D02F
:10BD1000E288FB2A28BFFB22FFF786F9E08804307F
:10BD2000C0B210BD10B48B880370437803F0F003E9
:10BD300043708A88C2F3032213434370CA88827017
:10BD4000C27802F0C002C270CC88C4F3052422433A
:10BD500003F0CF034370C2700C7A240104F0300466
:10BD6000234303F0BF0343704C7A43EA841303F088
:10BD70007F0302F03F024370C2700B6804308342BD
:10BD800005D0CA885DF8044B1946FFF74DB95DF838
:10BD9000044B704770B50B78192B05460C461ED81E
:10BDA0002BB3013B182B22D8DFE813F03A003E00FA
:10BDB0002100B100B700BD00C300C900CD00CF0015
:10BDC000DF00E5002400210021004200D300D9005B
:10BDD000E900EF00F500FB00010107010D01822BD6
:10BDE0004FF0FF0200F0F580832B00F0F68040F268
:10BDF000322112E00E23B1F803200B7042F28303CC
:10BE00009A4209D10623637066780236324621468B
:10BE10002846FFF709F951E03121C720F4F778FDF2
:10BE20000C230B700823EEE71A230B700123EAE7BB
:10BE30002920F4F7AFFF30B13E2323702223637033
:10BE40002923A370E0E70A20F4F7A4FF3E2305F1BD
:10BE5000080204F108012B7090B30A23AB70E37859
:10BE6000EB70A3882B71A3881B0A6B71A379AB714C
:10BE7000E379EB71A368AB608B889380D4F80E30C4
:10BE8000C5F80E30638A6B8263696B61238B2B83E9
:10BE9000638BAB76638B1B0AEB76A38B2B77A38B21
:10BEA0001B0A6B77E38BAB77E38B1B0AEB7794F87A
:10BEB000203085F820301F266E700236304670BD67
:10BEC0000123AB70E378EB70A3882B71A3881B0A66
:10BED0006B71A379AB71E37903F00103EB71A36894
:10BEE000AB608B889380638BAB73638B1B0AEB73A4
:10BEF000A38B2B74A38B1B0A6B74E38BAB74E38B48
:10BF00001B0AEB7494F820302B751326D4E73E23DC
:10BF10000B7004234B70142393E73E230B700C2308
:10BF20004B7004238DE73E230B700A234B700323D1
:10BF300087E73E230B700D234B70052381E7052314
:10BF4000237004235FE70823FAE730230B700323F1
:10BF500059E73E230B700B234B70072371E73E23F9
:10BF60000B7006234B700C236BE713230B708B783D
:10BF70009B00013347E757230B70022343E73E231F
:10BF80000B7006234B7012235BE73E230B700923D3
:10BF90004B70132355E73E230B7005234B70202372
:10BFA0004FE73E230B7009234B70212349E7FF2302
:10BFB0000B700B234B70A22343E7FF230B70052369
:10BFC0004B70A3233DE7FF230B700D234B708023A1
:10BFD00037E70A700D22627033E70A700222FAE72F
:10BFE00008B510B1FFF750FE10B96FF0150008BD8D
:10BFF0000020FCE710B50C4648B141B1F4F71EFE35
:10C000000028207014BF00206FF0220010BD6FF0D8
:10C010001500FBE708B5F4F79BFE002008BD01F012
:10C0200074B908B5F4F7A6FE002008BD01F03EBCC7
:10C0300001F04CBC022202708270792242716FF0D2
:10C040005C0282711022C2716FF0410202726FF0C5
:10C05000190242726FF07F02002382726FF0480271
:10C060004370C3700371C2721846704701F09DB9E6
:10C0700038B54FF080530446D3F8A020D3F8A4106D
:10C08000013106D1D3F8A8304FF6FF719BB28B4235
:10C090003ED0D3073CD54FF08055D5F8A420D5F835
:10C0A000A830A4F80530C3F3072363F03F03C4F8B6
:10C0B0000120A371D5F89030013323D0D5F8943006
:10C0C00001331FD0D5F8983001331BD0D5F89C3000
:10C0D000013317D00020F7F7B7F998B9D5F89000D9
:10C0E000D5F89410D5F89820D5F89C30C4F81330C2
:10C0F000C4F80700C4F80B10C4F80F200123237004
:10C10000002038BD10220021E01DFFF703F8F5E7FD
:10C110000023F4E770B54FF080551022002104464B
:10C12000D5F8A060FEF7F6FF10220021A018FEF758
:10C13000F1FFD5F8803001330BD1D5F884300133CD
:10C1400007D1D5F88830013303D1D5F88C300133CD
:10C150000BD0D5F88000D5F88410D5F88820D5F814
:10C160008C30E36120616161A2610020F7F76CF916
:10C1700008B9F3071DD44FF08053D3F89020013253
:10C180000BD1D3F89420013207D1D3F89820013293
:10C1900003D1D3F89C2001320BD0D3F89000D3F810
:10C1A0009410D3F89820D3F89C30E360206061604D
:10C1B000A260002070BD10B50446FEF7E3FCB0F5A8
:10C1C000007F09DA10F5007F08DD031EB8BF0333D6
:10C1D0009B102370002010BD7F23FAE76FF07E03D1
:10C1E000F7E7012070470120704701F0CFBB0078CE
:10C1F000003818BF012001F0CFB9F6F75DBF817894
:10C20000008801F08EBB01F0AABB37B505460C468D
:10C2100000880DF1060101F0C4F92B882380BDF8D8
:10C220000630638003B030BDF6F74EBF01F0C9BBE6
:10C2300001F054B801F0AEB808B5F4F7A3FD002042
:10C2400008BDF6F72DBD01F0C5B8F6F7BBBE01F08D
:10C250008DB801F0C9BA01F093BA01F0DABA01F071
:10C2600001B801F006B801F012B801F024B801F0ED
:10C27000C2B801F0A3B901F084B801F040B8038856
:10C280000B8001F0F8BA03880B8001F002BB01F0CB
:10C29000D9B8F6F75BBDF6F741BD01F001B901F081
:10C2A0000FB9F6F75DBD01F04CB901F04EB801F0E1
:10C2B00076BBF6F7FFBCF6F781BDF8B5941C0C44CD
:10C2C0006343B3F5004FA8BF4FF0FF330E4610F0A5
:10C2D0000301054617469CB203D0AD211420F4F7A4
:10C2E00017FBB4F5004F01D9AE21F7E71022043057
:10C2F000FEF710FFEF746C802E80F8BD70B50688D5
:10C30000C58803898E42C5F30E02C3F30E0403D21F
:10C31000CF211420F4F7FCFA5D40C5F30E030BB9EE
:10C320002D0409D4A24209D2C37CA41A0233E41A10
:10C33000A14203DD00238374184604E01432012374
:10C3400081528374104470BD023101444A43B2F5F6
:10C35000004FA8BF4FF0FF3290B2173020F003001B
:10C36000B0F5004F34BF00B24FF0FF307047408847
:10C37000173020F00300B0F5004F34BF00B24FF08B
:10C38000FF3080B2704738B503888B4204D240F248
:10C3900007111420F4F7BCFA857C65B1C388C3F398
:10C3A0000E031433C25A8A4207D3C152811DF4F7D7
:10C3B00017FD00238374284638BD0025FBE703469C
:10C3C000F0B59C88A5B2C4F30E06DC88AC4200F13F
:10C3D000140002D10020D881F0BD5F89DC7C855B30
:10C3E0003C4402343444ED1B20440C88ADB2AC42D2
:10C3F00088BF0D805C89B4FA84F4640914700A88DB
:10C40000DA81E9E7F8B58288C389002604460D463B
:10C4100092B20E60CBB1C2F30E024189143287187A
:10C420000B44825A9BB29342438104D94FF4AA71C0
:10C430001420F4F76DFA04D1011DF4F7D1FC468104
:10C440002F600023E3810120F8BD1846FCE770B59A
:10C45000044604F11406A38822899BB29A42084636
:10C46000C2F30E050DD021B1A91CE27C3144FEF7C8
:10C47000DBFD04F108012046755BF4F7B1FC2846AA
:10C4800070BD0025FBE78388C0889BB2C31A584261
:10C4900058417047828873B5C48895B2AC42C2F3E4
:10C4A0000E0202F1140212D04189C689835A314426
:10C4B00099420EDB0DF10601ADF80650F4F790FC41
:10C4C000BDF80600001B18BF012002B070BD00209F
:10C4D000FBE70120F9E770B50589C488C4F30E06AF
:10C4E0006C40C5F30E02C4F30E050346143025B9A3
:10C4F000240402D50020188270BDB2421C8806D9DF
:10C50000DD7C921B0235521B9442A8BF14469D89C4
:10C510000DB1825BA41AA142ECDCDA7C19820232F2
:10C5200035442A441044E7E738B5038ACBB18B423F
:10C5300017D3C3888489C3F30E031433C5180CB909
:10C54000C4546C700C448481C45A2144C15222B139
:10C55000811DF4F745FC0023838100230382012021
:10C5600038BD0020FCE78388C2889BB29A4206D07F
:10C57000428922B9C3F30E031433184470470020D4
:10C580007047C37C088802330B4413607047023045
:10C59000704738B58388C2889BB29A4209D04389D4
:10C5A0003BB9C5893DB9011DF4F71AFCC5810120CD
:10C5B00038BD0020FCE71846FAE703881380C388DB
:10C5C000C3F30E03143303440B6080897047036880
:10C5D000002223B9C0E90132031D03607047596886
:10C5E0001B680A44F5E7072938B5034604D84FF419
:10C5F000EC711520F4F78CF90068A8B1D0E900249B
:10C600008C4212D02AB901F10805AC4204D210467E
:10C610000AE003461046F1E742501A6845181268CE
:10C62000641A6C6042501D6038BD1A60FCE700233C
:10C63000C1E9003203680B600160704730B590B10A
:10C640008478B1FBF4F304FB131300EB430252892B
:10C650008A4201D1D8B230BDC27822B900F10A03B2
:10C66000D0B2844201D8FF20F5E733F8025BA9423B
:10C6700002F10102F4D1EEE78278038805325943D2
:10C6800001EB42010844704713B50023CDE90033A4
:10C6900004468DF806006846F4F780FD08B102B044
:10C6A00010BDBDF804002146F4F754FD0028F2D077
:10C6B00040F215211720F4F72BF970B50D4609212A
:10C6C0001E46FFF741FE3246044609212846FFF781
:10C6D0003BFE002C03DB002801DB204470BD4FF043
:10C6E000FF30FBE7012303707047F8B505460846A5
:10C6F000002811461E4614BF00240224FF23AB70FD
:10C700002B191B7D012B04D001342B191B7D012B10
:10C7100019D105EB44073B8B3A8C9819904204DD04
:10C720002C44002038832075F8BD05EB8404324684
:10C7300060681844FEF778FC3A8B16443E83002369
:10C74000AB700120F0E70020EEE7002910B514BF20
:10C7500000230223FF218170C1180C7D012C07D119
:10C760000C3320F8132002230B750023837010BDB7
:10C770000133C1180C7D012CF2D04FF48C710920CB
:10C78000F4F7C6F830B5827802F0FF03EAB9027D0B
:10C79000022A18D0427D022A17D11A46012381B1FC
:10C7A00085180C3200242C7520F81240C21803247E
:10C7B000147500EB83020C33526830F813300A60B2
:10C7C0008B80012002E00122E9E7002030BD30B576
:10C7D0008378E3B9837D022B17D0C47D022C16D158
:10C7E000032381B105190C3400222A7520F8142086
:10C7F000C2180324147500EB83020C33526830F81E
:10C8000013300A608B80012002E00324E9E7002056
:10C8100030BD037D012B01D1008B7047437D012B7F
:10C820000CBF408B00207047837D012B01D1808B92
:10C830007047C37D012B0CBFC08B00207047038B5A
:10C8400023B9408B003818BF012070470120704782
:10C85000838B23B9C08B003818BF0120704701209B
:10C860007047027D022A01D1008B7047437D022B65
:10C8700001D1408B7047032AF6D0032BF9D000205A
:10C880007047827D022A01D1808B7047C37D022BC5
:10C8900001D1C08B7047032AF6D0032BF9D00020BA
:10C8A0007047F4F7E1BD012808B506D0022806D08C
:10C8B00040F22B410620F4F72BF8002008BD0120A0
:10C8C000FCE7F4F71DBE70B50D460646FAF764FEA8
:10C8D00004463046FAF758FE743504F523432844DD
:10C8E0004FF47A72A133B3FBF2F3184470BD10B564
:10C8F000044690F86900FAF74FFE00F55F414131B8
:10C900004FF47A70B1FBF0F1204601F58771BDE874
:10C91000104001F0C5BE7FB5044618B9A6213020ED
:10C92000F3F7F6FF072900F2FB80DFE811F00800BB
:10C930003E003E003900F900E500ED00F70090F8F8
:10C9400008321BB3B0F80632B0F88820934217D1F2
:10C95000B0F8BC21A0F88820D31AA0F8BE31D4E9E1
:10C9600088232046C4E98A23F9F79CFC94F8C33154
:10C97000002B00F0AC8004B0BDE8704002F093BC26
:10C980009A1AA0F8BE21A4F88830E8E7B0F804327B
:10C99000B0F888209B1AA0F8BE31B0F80432F2E754
:10C9A00004B0BDE87040FAF7BDBC02F06CFDD4E9FC
:10C9B0008A23801A61EB0301012871F1000302DA76
:10C9C00040F20661ABE76FF0010383424FF00003D2
:10C9D0008B4102DA40F20761A1E7A3690BB1B0FB1A
:10C9E000F3F394F88F10B4F806220D2934D10132F4
:10C9F000A4F80622B4F84232B4F888500133A4F8FF
:10CA00004232B4F8C4301D44B4F8C230013DED1ACE
:10CA1000ADB202AEB4F806126B1A1B0436D594F808
:10CA200092300394002B0CBF3E23082384F8B130CE
:10CA3000304601238DF80830F7F734FC204602F029
:10CA400034FC002384F8F43194F80B02FCF7E8FD81
:10CA5000202384F80B323AE0B4F888100B449BB2E0
:10CA6000D11A090454BF531C01339BB2A4F80632F7
:10CA700094F80932002BBDD1B4F8BC31B4F80622C9
:10CA8000934204BF0133A4F80632B3E700230096B3
:10CA90001A462046F5F792FAB8B1012812D1B4F837
:10CAA0000622B4F8B811BDF808301344521A120423
:10CAB0009BB204D5EA1A12F4004F18BF0B46A4F833
:10CAC0000632A7E740F2546129E7236F0BB904B09F
:10CAD00070BDB4F8BE10B4F806325B1A1BB2002B5E
:10CAE000F5DDB4F874201344013BB3FBF2F313FB00
:10CAF0000213A4F8BE30EAE70120FBF7F7FA04B00E
:10CB0000BDE87040FFF7DDBE90F8F431042B01D092
:10CB1000C52104E7002380F8F431D8E7CB21FEE6F5
:10CB2000CF21FCE613B5002380F8F431A0F84032A1
:10CB30001A46009319460446F5F740FA20B140F230
:10CB4000F3113020F3F7E4FE012284F8F421C4F855
:10CB5000F001C4F8E801A4F80602A4F8040284F87D
:10CB60000902B4F88820A4F84202013AA4F8882007
:10CB700002B010BD70B5044690F8203103F0FF01FB
:10CB8000E3B9D0E946526FF000439A4208BFB5F1CD
:10CB9000FF3F01D1002070BDD0E9445602F01EF9DC
:10CBA000D4E94632DB305B1B62EB06021B1A62F1F2
:10CBB0000002002AEEDA2046F8F7FEFB0120EAE741
:10CBC000F8B5044618B9D7213020F3F7A1FE07299C
:10CBD00000F2AA80DFE801F0043E3E3AA82E9EA6AD
:10CBE000F8F7E2FBD4F80401CB38FDF761FA10B98D
:10CBF00040F25121E8E7204602F0CBF90546F0B9B2
:10CC00000146204602F0EAF800F1DB06D4F8040100
:10CC1000B04209D2301A322838BF32200321FDF742
:10CC2000EBFA051E18BF0125C4F80461204602F086
:10CC3000CAF935B12046BDE8F84002F0C5B9002573
:10CC4000F4E7D4E94423C4E93C23F8BDBDE8F84047
:10CC5000FAF768BB02F0CDF8002384F8003184F8BD
:10CC60000931D4F8D43005460E46EBB150EA010341
:10CC70001AD00721A5FB012301FB0633D4E93C10A0
:10CC8000521843EB0003D4E9440182428B410BD29A
:10CC9000012304F5807784F808313846FCF7EEFC70
:10CCA00020B940F292618FE70223F2E72046FFF7B6
:10CCB00061FF034694F8D00033B93946FCF7D0FD44
:10CCC00038B940F296617FE7FCF7AAFC002384F8AC
:10CCD000F830D4E94401D4E93A32834272EB0107D7
:10CCE000B3D255EA0607B0D0C01A61EB0201334651
:10CCF0002A46FEF7FDF805FB01F200FB0621A5FB25
:10CD00000053D4E93A020B44451943EB0203C4E94A
:10CD10003A539AE790F8D000FCF782FC002384F89D
:10CD2000F83092E7F4214FE7F8214DE7D0F8D4002E
:10CD3000704710B5044690F8F830EBB1FF2380F847
:10CD40002031012102F042F994F8F830A3B194F8AF
:10CD5000D000FCF7E7FF94F8D000FDF775FB94F8DE
:10CD6000D000FCF75DFC20B940F2DF113020F3F772
:10CD7000CFFD002384F8F830002010BD10B590F8E6
:10CD8000202142B990F8D82042B1D0E937319942F8
:10CD900002D9F8F711FB0022104610BD0122FBE773
:10CDA00008B540F28D2101F083FC40F6480398421B
:10CDB00028BF184680B208BD7FB5044690F8C3313D
:10CDC00003F0FF05002B45D190F8F431032B41D13E
:10CDD00002F059FBD4E98A23801A61EB0301012890
:10CDE00071F1000336DB6FF00103834275EB010341
:10CDF00004DA40F2AF513020F3F78AFDA269B4F8AB
:10CE000088300AB1B0FBF2F2013313449BB2A4F8AC
:10CE10000432B4F80422B4F8BC319B1A1BB2002BC4
:10CE200018DD94F80B02FCF77DFF98B1FF2384F81E
:10CE30000932B4F8C430B4F888501D44B4F8C23094
:10CE4000013DED1AADB20DF10E06B4F80432EB1A45
:10CE50001B0401D504B070BDB4F804120096002381
:10CE6000012289B22046F5F7A9F80028F2D001285E
:10CE700009D1B4F80432BDF80E2012FA83F39BB244
:10CE8000A4F80432E1E740F2F651B4E7F8B50446FD
:10CE900021B1012930D040F29F712AE0C68C36B111
:10CEA000F7F766F8E68CB0FBF6F303FB16062046B0
:10CEB000D4E93A5701F09DFF281847EB0101002300
:10CEC000801941F1000184F800310223C4E94401D2
:10CED000C4E93A01A4F808312046FFF74BFE70B9C7
:10CEE00094F8D00004F58071FCF7BAFC38B940F230
:10CEF000E9613020F3F70CFD002380F8D830FAF711
:10CF000005F9BDE8F840FCF717BA90F8F8000038CA
:10CF100018BF0120704713B50023CDE9003301236A
:10CF20008DF806306846F4F739F908B100200AE0B8
:10CF3000009C2046FFF7E9FF0028F3D0204601F0CF
:10CF40005BFF0028EED002B010BD07B50023CDE98D
:10CF5000003301238DF806306846F4F71FF908B155
:10CF6000002004E00098FFF7D0FF0028F4D003B0C1
:10CF70005DF804FB07B5002340F6881201A9FAF713
:10CF8000E5FB03B05DF804FB10B5044638B1F6F7D5
:10CF90004FF934EA00030CBF0120002010BD01202E
:10CFA000FCE738B5054601F014FFF0B12846FFF75D
:10CFB000ACFF08B9002038BD2846FFF7B7FE04468D
:10CFC0002846FFF7B6FE054688B9002CF2D0208827
:10CFD000F6F798F920882946F4F7BCF80028E9D03C
:10CFE00041F6C9113920F3F793FC4220E3E70C2006
:10CFF000E1E72DE9F843B0F85A60B0F85C5080469C
:10D0000030300F46FFF7CCFE0221044600F0ABFFA4
:10D0100002218146204600F0A6FF4E4528BF4E461D
:10D02000B6B21B2E38BF1B26FB2E28BFFB26A842FC
:10D0300028BF284680B21B2838BF1B20FB28B8F821
:10D0400000303B8028BFFB20B4F5A47F38BF4FF4ED
:10D05000A47440F648039C4228BF1C467E80F8809A
:10D06000BC803C81BDE8F8832DE9F04186B00546DF
:10D0700001A9008800F039FF0446002873D1029A04
:10D0800092F85631003B18BF01238DF80230D2F8D8
:10D09000803099064ABF9DF80230034683F00103B1
:10D0A00003F001038DF8033092F8E2309B0603D4BD
:10D0B0009DF80330002B5CD0EB881B3B9BB2E02B30
:10D0C00059D82989A1F5A4739BB244F24810834230
:10D0D00051D86B881B3B9BB2E02B4CD8AA88A2F599
:10D0E000A4739BB2834246D840F64807B94244D85D
:10D0F000BA4242D8029E4FF0FF0886F82B819DF875
:10D100000230A3BB03A93046FFF773FF6A88BDF85E
:10D110001230E888934228BF1346A6F83031BDF894
:10D120001430AA88BB4228BF3B461946BDF80E30D2
:10D13000834228BF0346A6F82C31BDF81030288959
:10D14000BB4228BF3B46834228BF03468A42A6F81B
:10D150002E31134628BF0B46A6F8323186F82A81B5
:10D16000002386F82B31204606B0BDE8F0813A2432
:10D17000F6E71A24F7E71224F5E71124F3E710B5D0
:10D18000F5F752FC044601F000FF40B9204601F0DB
:10D19000F8FE80F00100C0B200F0010010BD0020D8
:10D1A000FAE72DE9FF4107468846008802A900F00A
:10D1B0009CFE054618BB039C94F8693103F0FF05FB
:10D1C0001BB1B8F1020518BF012594F88F30222B4E
:10D1D00094F8E33043EAD3030CBFC5F10102002207
:10D1E00003F00103134333D0BE7816B9F6F720F8E5
:10D1F0000646F87870BBF6F71BF826B909252846CD
:10D2000004B0BDE8F0810028F8D0FF2384F8353160
:10D21000E5B994F8343103F0FF05BBB984F8370160
:10D2200084F8348184F836613B797A798DF8050089
:10D2300043EA022301A920468DF80460ADF80630C8
:10D2400000F0B5FE002384F83531D8E73A25F9E738
:10D250001A25D4E7002ED8D1D0E708B5F5F7C2FFDC
:10D26000002008BD10B50446F7F7B2FA2070002080
:10D2700010BD10B5FFF74FFE044630B9F7F7A2FA1C
:10D280002046F6F7FFF9204610BD0C20FCE710B54C
:10D290000446FFF740FE50B92078012809D8611CE8
:10D2A000F7F79CFA002814BF0020072010BD0C20BF
:10D2B000FCE71220FAE738B50546FFF72CFE0446D6
:10D2C00040B92878012803D8691CF7F7B5FA18B9CE
:10D2D000122038BD0C20FCE72046FAE710B50E24DA
:10D2E000047000236FF065011022C470592441704E
:10D2F0008270047143718171C271184610BD08B506
:10D300000821F3F78DFC002008BD73B506460C46D6
:10D310000088694600F0E9FD0546A0B9B3786BB90D
:10D32000019B93F86C30A370338894F9020023803A
:10D33000F6F7F8FAA070284602B070BD7F20FFF71C
:10D3400019FEA070F0E70225F5E710B504466FF06E
:10D350007F00FFF70FFEF6F7E5FA20707F20FFF75A
:10D3600009FEF6F7DFFA6070002010BD10B5044624
:10D37000F5F75AFB01F002FEF6F7D4FA2070002010
:10D3800010BD08B50A46072300F11001FDF7F0FBB8
:10D39000002008BD10B5014604460020F6F73CF811
:10D3A00008B92060A080002010BD10B50446F5F734
:10D3B00013FF28B900202146F6F716F8002010BD0B
:10D3C000FFF7C3FD0028F5D0FFF7D9FE0028F1D103
:10D3D0000C20F4E710B50446FFF7B7FD28B901208B
:10D3E0002146F6F701F8002010BDFFF7C8FE00281F
:10D3F000F5D10C20F8E7F7B50C46054669460088DC
:10D4000000F073FDA21C98B9019B03F1970783F804
:10D41000EA0039681160397911712988218093F8FF
:10D42000EA6006F0FF01002EF1D1084603B0F0BD1E
:10D430000023C4F802300221137123706370F4E7F3
:10D44000FFF712BE1FB5838844F29022934217D88B
:10D4500040F64802934228BF13460288ADF80420E4
:10D460004088ADF80600ADF80A000A8001A8ADF8C2
:10D470000830ADF80C30FFF7F7FD05B05DF804FBA0
:10D480001220FAE737B50D46694600F02EFD044636
:10D4900018B901982946FFF7ACFD204603B030BD0E
:10D4A00010B500236FF00404482108220470437073
:10D4B0008170C270047143718171C271184610BDD0
:10D4C00037B505460C460088694600F00EFDF0B9F8
:10D4D000019B014683F86A1093F86820012A06D060
:10D4E000022A04D040F217310620F3F711FAA27095
:10D4F00093F86920012A01D0022AF3D1E27093F84F
:10D500006A2002F0FF00002AE4D12B88238003B0B8
:10D5100030BD10B58388022B044610D8C078FFF7C1
:10D5200033FD08B9112010BDA078FFF72DFD0028AC
:10D53000F8D020460121BDE81040FFF732BE12208E
:10D54000F1E713B58378C178027903F0010451EA59
:10D55000040C03F002031DD052EA030C1AD0002C75
:10D5600018BF0021002B18BF00228DF8032003787C
:10D5700042788DF8021043EA0223ADF80030437977
:10D580008279684643EA0223ADF80430FFF7C1FF11
:10D5900002B010BD1120FBE708B5F4F74BFA0020EC
:10D5A00008BD13B50C46694600F09FFC20B9019BED
:10D5B000B3F888300133238002B010BD07B500886E
:10D5C000694600F092FC48B99DF80020019B012AB1
:10D5D00007D093F83B2102F0FF016AB103B05DF878
:10D5E00004FB93F8F421D2B293F8B01011B912F001
:10D5F000FB0FEED10220F1E7FF2283F83B21084622
:10D60000ECE72DE9F3410546477800780121F3F76F
:10D610008BFD044600285FD001F0A1FCEB78984216
:10D6200028BF1846042F86B23DD0206BFFF7F1F8D3
:10D63000304480B21F2803D9122002B0BDE8F08127
:10D64000FB1E012B2CD8204601F0ADFC6B78032B80
:10D650002CD107F0FD08B8F1010F39D1204601F0B7
:10D66000A2FC002831D1012F08BF4FF00208216B26
:10D6700042466846F3F78EFE6A68206B3346012106
:10D68000FFF733F850B36B78023B012B22D8206BA5
:10D69000FFF7BFF801210246206BFFF756F819E0AB
:10D6A000002ED0D1C8E7002ECDD0C5E70028C3D1C9
:10D6B000042BCED12046FFF728FC0028BCD0206BDD
:10D6C000FFF7BDF80028C4D1B6E74FF00008CEE759
:10D6D000042FD1D10020B0E74220AEE70720ACE70D
:10D6E0002DE9F74380464578C77800780121F3F7A4
:10D6F0001BFD0446D0B101F048FC0028206B08BF98
:10D700000027FFF791F8C619B6B21F2E1FFA87F946
:10D7100010D8042D0ED0032D12D05FB12046FFF794
:10D72000F4FB58B10C2002E0042212E0422003B0C6
:10D73000BDE8F0831220FAE70720F8E7012D0CD1AD
:10D74000204601F030FC0028EED1012D0CBF06224E
:10D750000522216B6846F3F71DFED8F80420206BE4
:10D760004B460021FEF7C1FF0028E5D0023D012D08
:10D7700004D8206B32460021FEF7E7FF0020D6E7F1
:10D7800013B50446F5F750F94FF44073ADF8003087
:10D7900000238DF80230684614F8013B8DF8033001
:10D7A0000194FFF79DFF02B010BD38B50121054679
:10D7B0000078F3F7B9FC0446A0B1FFF7A6FB28B93F
:10D7C0002046691C01F01DFB002038BD204601F0F9
:10D7D000DCFB08B10C20F8E7204601F0D2FB002862
:10D7E000F8D1EDE74220F0E713B50446F5F71CF950
:10D7F00014F8013B8DF803304FF44073ADF800305E
:10D80000684600238DF802300194FFF7FAFE02B05B
:10D8100010BD73B50546F5F707F92B78044663B1DB
:10D8200000230DF1010101208DF80030F5F7F4FD22
:10D8300018B16846FFF7B9FFA0B9002620468DF859
:10D84000006001F0A6FBB04214BF80233346ADF860
:10D8500001302B788DF80360012B05D169462046F5
:10D86000F5F79EF902B070BD1BB92046FFF799FB92
:10D87000F8E71220F6E710B5002104460088F3F718
:10D8800053FC20B1A11CBDE81040F8F7E3BD022015
:10D8900010BD08B500880021F3F746FC20B1BDE8B3
:10D8A00008400021F8F7D6BD022008BD37B505466F
:10D8B0000C460088694600F018FB28B92B882380A5
:10D8C000019BB3F8BC30638003B030BD37B503882B
:10D8D0000B80044698B2638813B9122003B030BDA0
:10D8E000694600F002FB0028F8D16488019A42F2F0
:10D8F0001071A3B24B43158C916905FB01118B424A
:10D90000EBD395699169A942FBD10025013B0B44FA
:10D91000C2F8B450B3FBF1F3A2F8BC40C2F8B8307F
:10D92000DCE710B50C460021F3F7FEFB88B1022CB2
:10D9300011D804F00103C4F3400480F8C53180F825
:10D94000C44123B190F8C2313BB1FFF735FA002052
:10D9500010BD0220FCE71220FAE71846F8E710B5E0
:10D9600004460078FF280AD00121F3F7DDFB58B107
:10D970006378A27843EA0223C384002010BDB4F880
:10D980000100F4F7B7FFF8E74220F7E708B50078A1
:10D99000003818BF0120F4F789FE002008BD10B53B
:10D9A0000446F5F741F86178C1F3400201F0010146
:10D9B00001F00FFB002010BD0820F5F725BC01F099
:10D9C00081BC1220704710B5044604B910BD23680D
:10D9D00098476468F9E703680BB9016070471A4615
:10D9E0005B6813B18A42FAD170478A4218BF51600E
:10D9F000704708B50020FEF747FEF3F759FCF5F72E
:10DA000075FCF3F7BBFE20B14FF485710120F2F7EE
:10DA10007FFF08BD08B5F4F7F5FDF7F74FFB20B120
:10DA20004FF495710120F2F773FFBDE80840012023
:10DA3000FEF72ABE08B5FFF7EDFF01F02BFC20B181
:10DA400040F23F110120F2F763FF08BD01F0F9BC7D
:10DA50000B46122203F8032BD0F80920C1F803204B
:10DA6000427B1A71704730B585B004460D46F6F713
:10DA700029F880B36FF4B0731C4402A92088ADF874
:10DA8000000000F032FA18B12E217E20F2F740FF9C
:10DA9000039B93F864208DF80220022193F86520FF
:10DAA000B3F866308DF803206846ADF80430FFF710
:10DAB00078FB08B14421E8E78DF808009DF80830AC
:10DAC0008DF80900002063F307009DF8093063F327
:10DAD0000F2005B030BD18232B70D4F80930C5F8DD
:10DAE000033004238DF80830E8E708B5436893F85D
:10DAF0008E201AB185217E20F2F70AFF202283F8BA
:10DB00008E2008BD10F0010304D1830754BF00F03C
:10DB100004030223184670472DE9F84F07460846CC
:10DB20009246884600F072FC8146404600F070FC48
:10DB30008346FFF7E7FF05464846FFF7E3FF45EA60
:10DB40000006F6B2003E044618BF0126F5F770FB4A
:10DB500000EA0B00C3B2002B08BF0025F5F768FBF5
:10DB600000EA090097F86830C0B2002808BF002416
:10DB7000AB4208BF00258AF8005097F86930A342ED
:10DB800008BF002455EA04038AF801400CD140463E
:10DB900000F040FCB7F88830DB43184480B247F609
:10DBA000FD73984288BF00263046BDE8F88FF8B56F
:10DBB000446894F88F50A5F12003062B06460F46C3
:10DBC0003ED92E2D3CD0CDBB94F88E30252B37D0AE
:10DBD000084600F00FFC28B939463046BDE8F84049
:10DBE00000F0B8BD7B7903F0070384F861303B791E
:10DBF00003F0070384F8603094F8353193B994F852
:10DC00003431012B0ED094F8602094F869309A4298
:10DC100010D194F8612094F868309A420AD1022316
:10DC200084F83431222384F88F30304600F064FDCC
:10DC30002846F8BD3046F5F745FBF3E70125F7E741
:10DC40002025F5E72DE9F743456895F88F3095F8DD
:10DC50008E80232B04460F462DD18F35384600F099
:10DC6000DBFB00284DD0384600F0D0FB814638461B
:10DC700000F0CEFB0146FFF745FF6668034648B358
:10DC800096F86820904225D096F8340101280CBF00
:10DC900096F8360196F86400014232D0B8F1210FAF
:10DCA00018D096F86100014214D152B940F2032114
:10DCB0000620F2F72DFEB8F1210F40F0B2808E352C
:10DCC000CCE7032A01D0032B31D1934294BF002328
:10DCD0000123B3B94846FFF715FF002849D096F84D
:10DCE0006930834245D096F83431012B0CBF96F849
:10DCF000373196F8653019EA030F14BF012300236A
:10DD0000BBBB636893F83421012A19D11E21204638
:10DD1000F5F7B0FAB8F1210F1FD1FA786368182A25
:10DD200083F8192110D040F269217E20C1E7042A2E
:10DD3000CBD0042BC9D093422CBF00230123C8E7CA
:10DD4000002283F83421E5E7092283F88E2093F836
:10DD5000CC3093BB40F27121E7E7002320462B70C3
:10DD600000F0D4FC3946204603B0BDE8F04300F093
:10DD7000F1BC304601AA3946FFF7CEFED4F8048044
:10DD80000646F8B998F83431012B18D101462046DF
:10DD9000F5F770FA2E70636803F18F02954202D195
:10DDA000002283F88F20636803F18F0295424FF0C1
:10DDB000000533D1204600F0A9FC002032E088F8AD
:10DDC0003401E8E7384600F025FB6368A8F8540200
:10DDD000B3F85422B3F88810013A521A92B247F6B7
:10DDE000FD718A4206D9282283F8B1202046F6F731
:10DDF00059FAD8E793F88F200D2A02D00A3A012A5F
:10DE000001D82A22F0E79DF8042083F856229DF8D5
:10DE1000052083F8572225232B70C4E783F8CC50C4
:10DE2000CBE7022003B0BDE8F08308B5436893F860
:10DE30008F20222A05D022B14FF461717E20F2F7A3
:10DE400067FD232283F88F2008BDFF234371002341
:10DE5000037103604371704743791BB903680BB1C9
:10DE600001221A607047F5F741BA704730B5424059
:10DE70000C7818785D7844404878684004449D7870
:10DE8000887868400444DD78C878684004441D7987
:10DE900008795B794979684004444B402344D34274
:10DEA0000CBF0120002030BD024600200139C9B25C
:10DEB000FF2900D17047535C83F001030344D8B2BB
:10DEC000F4E708B5F5F7CEFA082803D0BDE8084016
:10DED000F5F7ECBA08BD08B501F001FA18B1BDE8D4
:10DEE0000840F8F7A9BB082008BD10B50C46002172
:10DEF000F3F71AF9606018B101232370002010BDF8
:10DF00000220FCE7F8B5D0E9047605460C46FBF79D
:10DF1000B5FB20B94FF481712920F2F7F9FCF4B177
:10DF2000D5E90431DA1B61EB0603012A73F1000124
:10DF30004FF0000115DB6FF00100904271EB03031D
:10DF400002DA4FF48671E7E7631E1344B3FBF4F380
:10DF50005C43E41946F10006C5E904461C46204628
:10DF6000F8BD0C46FBE7CB1E012B10D8032914BFCC
:10DF70004FF41673962303F5BC7314BF402210228E
:10DF8000984212D9C01A90FBF2F080B27047022971
:10DF900005D13C2809D93C38C0F38F007047702860
:10DFA00003D97038C0F3CF00704700207047034694
:10DFB000086858667047012908B5024606D002294C
:10DFC0000CD040F27D112920F2F7A2FC40F6C413D8
:10DFD00040F2E240002A18BF184608BD40F6C410BF
:10DFE000FBE7C3B293FAA3F3000A90FAA0F01B0E6A
:10DFF000000E43EA002070470131F8B5C9B2821D16
:10E000000023012512F8010B884216D312F8066C82
:10E01000002405FA04F737421CBF01F1FF31C9B2F1
:10E02000E0B269B10134082CF3D10133DBB2052B26
:10E03000E8D199214620F2F76BFC091AC9B2F4E73E
:10E0400000EBC300C0B2F8BD0B6870B5C0F801307A
:10E050000B7903F01F03437100230446C372451C70
:10E06000861D15F8010B00F02DFB2871E37AB542EF
:10E070001844E072F5D170BD70B581EA114189B2E2
:10E08000C57A0446032682EA0100FFF7AAFF013E93
:10E0900000EB00100A1816F0FF0690B2F5D14140CF
:10E0A0002522B1FBF2F302FB1313C3F3C402224493
:10E0B000D8B2567803F00703012202FA03F31E4296
:10E0C00007D169432046C1F30741BDE87040FFF71F
:10E0D00093BF70BDF8B590F821506B1E242B0446F9
:10E0E00056D8002A56D0807D18B1012846D01F206E
:10E0F00019E094F8231094F8223002FB0313252230
:10E10000B3FBF2F102FB1133DBB204EBD30284F870
:10E110002330D17D012603F0070206FA02F21142F4
:10E1200002D084F82430F8BDB3FBF5F205FB1233BE
:10E130000133024604F11C01D8B211F8013B8342BD
:10E1400019D311F8067C002306FA03FC1CEA070F1A
:10E150001CBF00F1FF30C0B2DDB220B905EBC20236
:10E1600084F82420DFE70133082BEDD10132D2B24D
:10E17000052AE2D1BBE7C01AC0B2F7E72289C96914
:10E1800004F11600FFF778FF84F824000020CAE7A6
:10E190001220C8E71046C6E70B68C0F803308B882A
:10E1A000A0F8073070470B68C0F809308B88A0F8DA
:10E1B0000D3070470378890123F0400301F04001DE
:10E1C0000B4303707047037803F07F0343EAC111E8
:10E1D000017070471F2A38B50546144603D9BF2180
:10E1E0002A20F2F795FB09300634FCF71DFF6C700E
:10E1F00038BD1F2A38B50546144603D9E1212A2027
:10E20000F2F786FB09300634FCF70EFF6C7038BD60
:10E2100030B5037803F00F03032B024640D0052BE3
:10E220001FD1C37F90F82000034392F821000343DD
:10E2300092F82200034392F8230020F01F001843B5
:10E240002DD05378222B0CD1B2F81930B2F81740E8
:10E25000907D41B1B3F5506F05D940F607518B421F
:10E260000ED900201BE0991F89B240F67A45A942D9
:10E27000F7D8411E0729F4D88342F2D9A342F0D33C
:10E28000B2F81B30B3F5FA7FEBD2B2F81D000A38B2
:10E2900080B240F6764398428CBF0020012030BD0A
:10E2A0004078A0F10C0358425841F8E7037801F098
:10E2B000030123F003030B4303707047007800F061
:10E2C000030070471B2A08B504D940F252412A20A6
:10E2D000F2F71EFB4270BDE808400330FCF7A4BE15
:10E2E000B0F807007047B0F809007047B0F80B00AD
:10E2F000704770B5B0F80730B0F80950B0F8056055
:10E300000479B0F80B0091B1B3F5506F0FD940F616
:10E310000752934218D8B5F5FA7F15D20A3880B261
:10E3200040F6764398428CBF0020012070BD9A1FB2
:10E3300092B240F67A418A4206D8621E072A03D872
:10E340009C4201D29E42E5E70020EFE743680B6064
:10E35000037A0B717047B0F8090070470079704775
:10E360000B6843604B688360704743680B60836849
:10E370004B60704783890B807047D0F80E300B607C
:10E38000D0F812304B607047D0F816300B607047F1
:10E39000FFF7E6BF0B68C3607047007970470171F3
:10E3A000090A417170478171090AC1717047017290
:10E3B000090A417270478172090AC17270478088E8
:10E3C0007047C0887047008970474089704703894B
:10E3D0001A2B0DD94389B3F5A47F09D383881A2B4F
:10E3E00006D9C088B0F5A47F34BF00200120704753
:10E3F00000207047037913F0070305D0407910F02F
:10E40000070018BF01207047184670470079704711
:10E4100040797047C08870470279437902F007025B
:10E4200003F00703511E0A40591E0B4013430CBF53
:10E4300001200020704701717047007970474171D9
:10E44000704740797047FB2908B504D940F2E6715E
:10E450002A20F2F75DFA417008BD406890F8C23199
:10E4600023B1002380F8C231FEF7A6BC704708B57F
:10E47000017A19B101290DD0002008BD0368C288B6
:10E4800002218088F5F7D0FA0028F6D1F5F7BAFC1A
:10E490000120F2E70368C288F3E702230B7001232F
:10E4A0008B707047F5F72ABC10B521B94FF41C7179
:10E4B0001020F2F72DFA4A600B72EFF3108472B657
:10E4C000031D0B6042681AB1127A012A08BF03606B
:10E4D00003681960016004B962B6BDE81040F5F741
:10E4E00053BC0222F5F77CBC0322F5F779BC042269
:10E4F000F5F776BC0222F5F7B7BC11230B706FF469
:10E50000A27318440388A1F80330838FA1F8053063
:10E51000B0F84030A1F80730C38FA1F80930B0F847
:10E520004230A1F80B307047012908B503D10E30F5
:10E53000C00080B208BD022902D10F308000F8E788
:10E5400040F265210620F2F7E3F930B587B00446C2
:10E550000D46F5F7BFFAA0B300232372A4F5A77404
:10E56000694624882046FEF78DFF18B1D6212C205D
:10E57000F2F7CEF9BDF80630ADF80E30BDF8083030
:10E58000ADF81030BDF80230ADF8123003A8BDF878
:10E590000430ADF80C40ADF81430FEF751FF08B16F
:10E5A000DF21E4E78DF80C009DF80C308DF80D00AC
:10E5B000002063F307009DF80D3063F30F2007B0D0
:10E5C00030BD2B46172203F8032BD4F80920C5F8D9
:10E5D0000320D4F80D205A60B4F811201A810423C6
:10E5E0008DF80C30E0E740687047C08A704710B57E
:10E5F0008A880B89CC884988A0F85010A0F854402C
:10E60000A0F85220A0F8563010BD8383BDF800302A
:10E6100001834283C383704738B5C38B458C04465E
:10E620009D42007A28BF1D46FFF77EFF6389AB42FB
:10E6300028BF2B46984238BF184680B238BDF8B57F
:10E640000646808F17460C46FFF76EFF21460546AB
:10E6500006F13000FFF7E0FF854228BF0546394646
:10E66000B6F84400FFF760FFB6F846309842ADB206
:10E6700028BF184615FA80F09C30F8BD90F8692044
:10E6800090F86810FFF7DBBF38B50D461446FFF76A
:10E69000F5FF96342044A84294BF281A002038BDC4
:10E6A00038B504460D46FFF7E9FF2844606338BDDE
:10E6B000006801F19C02904283BF401A9C384008D8
:10E6C0000020704700F05503400800F05500184442
:10E6D00000F03303800800F03300184400F00F030B
:10E6E00003EB101070474368002283F88E2083F8F4
:10E6F000CC20A3F8C820704743680022A3F8CE209E
:10E7000093F8D020013283F8D020704708B54268D2
:10E7100092F8D030013B5BB2002B82F8D03003DAA4
:10E7200034214A20F2F7F4F808BD436883F81B113E
:10E7300083F81A217047A0F10A03042B08D9A0F12D
:10E740002003062B04D9A0F12E03584258417047EC
:10E75000012070474268D2F8803010B513F00804E9
:10E760000AD143F00803C2F88030CB7882F8183120
:10E77000FFF7C2FF204610BD0120FCE738B50C466C
:10E780000546B1F85410FFF70AFEB4F822112846E6
:10E79000FFF709FEB4F850102846FFF708FEB4F85A
:10E7A00020112846BDE83840FFF705BE37B530F8E0
:10E7B000024C7CB100238DF804308DF805309DF8B3
:10E7C0000430002063F307009DF8053063F30F2049
:10E7D00003B030BD30F8A85CA1F8035008230B70DB
:10E7E0008C70437A4B7150F8940CFDF74CFE18B9BD
:10E7F000B2216320F2F78CF82846F4F783FD214616
:10E800002846F2F7A7FC04238DF804308DF8054064
:10E81000D5E710B5446894F89030063B012B07D932
:10E820000846FFF79BFD062384F8910084F890309A
:10E83000002010BD426892F89030063B012B84BF47
:10E84000072382F890307047F8B5476897F88F60D3
:10E8500004460D4616BB0846FFF77DFD6168A7F824
:10E860005402B1F85432B1F88820013B9B1A9BB294
:10E8700047F6FD72934207D9282381F8B13020462C
:10E88000F5F710FD3046F8BD01F256212846FFF796
:10E890005DFD63680A2283F88F20F3E70126F1E724
:10E8A0000B46062203F8032BD0F80920C1F80320F9
:10E8B000D0F80D205A60427C1A720023CB7070474A
:10E8C000F8B5436893F88F6005460C46002E48D192
:10E8D00031462046FFF70DFD28B921462846BDE800
:10E8E000F840FFF737BF6A68B4F80D30B2F8881007
:10E8F000A2F85432C9430B449BB247F6FD718B42D8
:10E9000007D9282382F8B1302846F5F7CBFC3046EA
:10E91000F8BD2046FFF7E4FC6F6840F2E242504346
:10E92000C7F85C022379C3EB431103EB810303EBCC
:10E9300083035B00A7F85632B4F805305343C7F899
:10E9400058322046FFF7CFFCA7F8600220466F68D8
:10E95000FFF7CCFC6B68A7F862020D2283F88F20CA
:10E96000D5E70126D3E708B5436893F88E201AB19E
:10E9700024214520F1F7CCFF1D2283F88E2008BD0D
:10E9800070B5456895F88E301D3B022B86B0064663
:10E990000C462BD80846FFF71AFD00B32046FFF7B8
:10E9A00012FD05902046FFF70AFD04902046FFF770
:10E9B0000CFD03902046FFF704FDDDE903320599C5
:10E9C000009005F13000FFF720FE7168284601F243
:10E9D0004511F5F76BFA70680621F3F77BFE00200E
:10E9E00085F8CC0085F88E0006B070BD0120FBE7ED
:10E9F0004268D2F88030D90610B5044603D49A2173
:10EA00004520F1F785FF990601D59B21F8E723F012
:10EA10001003C2F88030FFF779FE60680621BDE878
:10EA20001040F3F757BE09230B70D0F80930C1F836
:10EA3000023070470B460A2203F8022BB0F8092077
:10EA40004A80C27A9A70704738B5436893F88F400D
:10EA5000054634B1113C0B2C94BF082401242046F8
:10EA600038BD93F89430002BF9D0FFF745FE6B6862
:10EA7000112283F88F20F2E708B5436893F88F20BE
:10EA8000152A04D040F279111F20F1F741FF01222D
:10EA900083F8D120162283F88F2008BD436893F8AD
:10EAA0008F20122A03BF1322002083F88F20022018
:10EAB000704710B5436893F88F30182B044607D180
:10EAC000FFF724FE63681C2283F88F20002010BD0E
:10EAD0000220FCE708B5436893F88F20112A04D080
:10EAE0004FF4D1711F20F1F713FF012283F8D120D9
:10EAF000122283F88F2008BD08B5436893F88F2051
:10EB0000162A04D04FF4D5711F20F1F701FF182207
:10EB100083F88F2008BD0B46052203F8032BD0F89D
:10EB20000920C1F80320D0F80D205A60B0F8112058
:10EB30001A81C27C9A72704708B5436893F88E2098
:10EB40001AB1BC211C20F1F7E3FE042283F88E20C9
:10EB500008BD4268D2F8801008B5CB0703D4C9219C
:10EB60001C20F1F7D5FE92F8D030013B5BB2002BB0
:10EB700082F8D03001DACB21F2E721F00101C2F8AE
:10EB8000801008BD0C23A0F59E700B7003884B808D
:10EB90007047436893F88E200F2A01BF002283F844
:10EBA000C02083F8CC2083F88E200020704738B531
:10EBB0004568D5F8803013F0040409D1FFF79CFDB7
:10EBC000D5F8803043F00403C5F88030204638BDC6
:10EBD0000120FCE74268D2F8803023F00403C2F839
:10EBE0008030FFF793BD08B5436893F88E201AB1C3
:10EBF00071214B20F1F78CFE0F2283F88E2008BD87
:10EC000010B5D0E90D43A34204D30A8C1B1B053277
:10EC10009A4202D3012380F8403010BD01230B70CB
:10EC200000238B7030F8D43CA1F80330437A4B7149
:10EC30004389CB8083890B81704708B5436893F87B
:10EC4000D32091070ED493F88E201AB1742140205E
:10EC5000F1F75EFE012183F88E1083F8CC10A3F843
:10EC6000C82008BDD3F880108A070DD593F8D020AE
:10EC7000013A52B2002A83F8D02001DA8621E6E771
:10EC800021F00201C3F88010002283F83A21E8E75E
:10EC900010B50B794C790A68012843EA042108BFB2
:10ECA00041F48031104610BD07B5FFF7F1FF0DF1BB
:10ECB0000702F5F731FD03B05DF804FB0B460422B3
:10ECC00003F8032BB0F80920A1F80320C27A9A7048
:10ECD00070470B46142203F8032BD0F80920C1F823
:10ECE0000320D0F80D205A60704738B50B4610222B
:10ECF00003F8032B0C4600F10902293052F8041BDB
:10ED000043F8041B8242F9D112781A70A5880123B6
:10ED1000A37100212846F2F707FA70B1E37863B1D6
:10ED20000088F4F7EFFA00212846F2F713FA20B131
:10ED300040F227212D20F1F7EBFD38BD0121F6F738
:10ED4000C3B8FFF7FBBF90F882300BB101207047CA
:10ED500090F8BA2002F0FF03002AF7D190F8AC2017
:10ED60001846704737B504460D464FF4947200219B
:10ED7000FCF7D0F9FF2323701323638042F2107352
:10ED8000E384F2F7DBFA0022014620636846F2F7DB
:10ED900001FB206B00220121FDF7D7FC216B6846A7
:10EDA0000422F2F7F7FA0022206B1146FDF7CDFCA2
:10EDB00004F12800A57400F044F904F1680003B0E0
:10EDC000BDE83040FFF741B8FF23086B0B70FDF73B
:10EDD00089BC0078FF3818BF0120704710B5044681
:10EDE000283000F084F961882822F6F717FB6D308F
:10EDF00010BDD0E902017047C07C003818BF012067
:10EE000070470B68C0F815308B88A0F819300123C3
:10EE1000C37670472DE9F04F06460D4607460FCEE4
:10EE200091B006AC0FC40FCE0FC496E803000DF1ED
:10EE3000100884E80300404600F003F995F81490A8
:10EE40006E7895F80AA095F800B0B9F1010F06F0B8
:10EE50007F0607D0B9F1020F04D040F22931062015
:10EE6000F1F756FD697A404600F0F2F82B7DAA7E54
:10EE7000022B08BF697D02F1010206BF0131C9B250
:10EE80000121D2B2404600F0E5F816F0080363D144
:10EE90004046019300F02BF928223146F6F7BEFADE
:10EEA0002A79EC78019B44EA02246A7940F27121C4
:10EEB00044EA024400F2D7204C43B0FBF1F048434F
:10EEC000A0420BD9EC79AA7942EA04222C7A42EAD0
:10EED000044201FB02F4A04200D804462A7E0393B8
:10EEE000531E5A425A41A97C386B02910192FDF798
:10EEF000B8FC386BFDF7C5FC039B019A0299ADF88D
:10EF00001A6008948DF828208DF82B108DF82CA00D
:10EF10008DF818B08DF81C90099306AE0FCE3C46C4
:10EF20000FC40FCE0FC496E8030084E8030098E8EE
:10EF30000300B862B985EB7A13F0FD0F14BF01230B
:10EF4000002387F85730EB68BB652B8AA7F85C3045
:10EF5000002011B0BDE8F08F00242346BEE74388AF
:10EF600013F0040F0CBF1F20002070470023C3853F
:10EF700043881D2B08BF00214174704790F912008F
:10EF80007047408800F0010070474088C0F340009F
:10EF900070474088C0F3C000704708B5006BFDF7AC
:10EFA00057FC012008BD012070470120704790F8F0
:10EFB000503001624B72D0F85130C1F80A30B0F8CD
:10EFC0005530CB8170477047F5F7DABC80F8781080
:10EFD000704780F8241080F825207047C0F3400265
:10EFE000C0F38003134400F0010018447047022866
:10EFF00008B507D0042807D0012807D039212E20D2
:10F00000F1F786FC262008BD2720FCE72520FAE73B
:10F01000837813F0010202D0C178C9070DD5990792
:10F0200002D5C27892070AD513F0040205D0C3783E
:10F0300013F0040F14BF002204221046704702226E
:10F04000FBE70023C0F802300123437003707047D0
:10F050008170704710B54270017080781446FFF7D8
:10F06000BDFF10FB01F004FB00F2FE2A03DD5C2172
:10F070002E20F1F74DFC10BD0023C37043710371C6
:10F08000704710B50446FFF7C3FF63796278013318
:10F09000DBB29A4263710FD1E378A1780343DBB20C
:10F0A0009942E37008BF23794FF0000208BF013393
:10F0B000627104BFE2702371BDE81040FFF797BF93
:10F0C00038B501468078FFF789FF0446C8784D7847
:10F0D000FFF784FF0B790A78D21A12FB05F212FBB4
:10F0E00004F34A799B1A00FB1530C0B238BD08B54D
:10F0F00001468078FFF772FF4B780A7813FB02F322
:10F1000013FB00F0C0B208BD40F2EF20704740F2A0
:10F110005A335843704713B50346104652680E3BA6
:10F120000C4692F88E10092B42D8DFE803F0054117
:10F130004141104118414128042905D10190FFF7B0
:10F14000D2FA0198F5F71CFA002002B010BD0F2981
:10F15000FAD1002102B0BDE81040FFF71ABD1D2909
:10F16000F2D10190FFF7BFFA0198002CECD0426871
:10F1700092F8E23023F0200382F8E230E4E792F8DC
:10F180008F30232BE0D1002482F88F400190FFF7CD
:10F19000BDFA0198436893F83431012B03D121461D
:10F1A000F4F768F801984368002283F83421CBE72C
:10F1B0004FF40F713120F1F7ABFB08B5436893F8BA
:10F1C0008F20162A04D040F2E4413120F1F7A0FB51
:10F1D0001A2283F88F2008BD08B5436893F88F2062
:10F1E000312A06D1002283F88F20BDE80840FFF7BE
:10F1F0008DBA162A03D11A2283F88F2008BD40F257
:10F20000F9413120F1F784FB037D63B9C37B90F8AA
:10F210005200A3F11002032A05D928B11C2B8CBF80
:10F220000020012070470120704737B5426892F8EE
:10F23000E23043F0040382F8E230044608460D460B
:10F24000FFF7FFF801902846FFF7F7F801992246EB
:10F2500003B0BDE83040F6F7E5B938B50C460546D1
:10F26000D1E90401F2F710F894F80B0220280BD032
:10F27000FBF7EAF894F80B02FAF7D2F920B940F656
:10F2800039013120F1F744FB28460221BDE838401E
:10F29000F1F760BF0020704708B5F4F7B3FEBDE892
:10F2A0000840F5F763B8F2F7A9BB0022A0F88E205A
:10F2B00080F8922090F8C33113B10221F3F70ABA13
:10F2C0000321FBE7F4F712BF08B5F7F7C3FCF7F724
:10F2D000B9FAF7F739F9BDE80840F7F7C1B908B549
:10F2E000C821F7F78FF9022807D1013911F0FF0182
:10F2F000F7D1F5213B20F1F70BFB431E5842584153
:10F3000008BD10B504460846F8F746F94FF47A737D
:10F31000B0FBF3F0201A10BD10B504460846F8F70C
:10F320003BF9023C4FF47A7300F2E730B0FBF3F0A4
:10F33000201A10BD08B5FBF7D3FCBDE80840F8F76C
:10F3400091BA70B5841A04F307040E4660B259B23C
:10F350001546F8F777FA002330702844737040B2EE
:10F3600070BD0023036070477047002070474FF066
:10F37000FF3070474FF0FF307047704700207047F4
:10F380004FF0FF3070470020704700207047002387
:10F39000037070470022FFF7D4BF002070474FF082
:10F3A000FF3070474FF0FF3070474FF0FF3070472D
:10F3B00070474FF0804301221A6070474FF080433E
:10F3C000D3F8080400F0010070474FF08043D3F8F1
:10F3D000140400F0010070474FF08043D3F81C0480
:10F3E00000F0030070474FF08042D2F81834D2F892
:10F3F000182413F4803305D002F003031B1A58427B
:10F40000584170471846704708B5FBF7BDFC28B156
:10F410004FF080430222C3F8342C08BDFBF794FC64
:10F420000028F5D1FBF7A6FC0028F1D1F5E7F8F7A5
:10F43000B5BAF8F7DDBAF8F709BBF8F721BBF8F76A
:10F440000BBDF8F799BAF8F79DBAF8F7A1BAF8F733
:10F45000DFBBF8F71DBBF8F7CFBB08B5F8F782FAAA
:10F46000002008BD70B5F8F739FD00240546264692
:10F47000E0B2854200D870BDF8F736FD01348684CD
:10F4800080F82660F4E7F8F793BF07B56846F8F709
:10F4900083FEDDE900024FF080730021E2FB0301EF
:10F4A00003B05DF804FB0023037018467047EFF3C8
:10F4B000108272B603780121DBB2017002B962B624
:10F4C000012B0CBF6FF0220000207047EFF3108378
:10F4D00072B60022027003B962B600207047FBF7D3
:10F4E000D7BBFBF797BCFBF795BC00280CBF6FF0B0
:10F4F000150000207047002070470723037000208C
:10F5000070470020704700207047034613F8012B16
:10F51000002AFBD1181A013870472DE9F0478646BA
:10F520008C460846089E154674461946002B40F046
:10F53000C2808542B2FA82F245D94AB1C2F12003B3
:10F5400000FA02FC2EFA03F3954043EA0C0C9440B7
:10F550004FEA154EA8B2BCFBFEF8230C0EFB18CCEC
:10F5600008FB00F943EA0C43994528D9EB1808F148
:10F57000FF3704D2994502D9A8F102072B44A3EB27
:10F580000903A4B2B3FBFEFC0EFB1C330CFB00F022
:10F5900044EA0344A04214D92C190CF1FF3304D2DD
:10F5A000A04202D9ACF102032C44241A43EA0740DA
:10F5B0001EB1D440002334607360BDE8F087474635
:10F5C000DDE76346F1E792BB431B01214FEA154E8D
:10F5D000AFB2B3FBFEFC200C0EFB1C330CFB07F898
:10F5E00040EA0343984562D9EB180CF1FF3004D28E
:10F5F000984502D9ACF102002B44A3EB0803A4B256
:10F60000B3FBFEFC0EFB1C330CFB07F744EA034480
:10F61000A7424ED92C190CF1FF3304D2A74202D9CC
:10F62000ACF102032C44E41B43EA0040C0E7C2F102
:10F63000200320FA03F1954090402EFA03F3034390
:10F640004FEA154EAFB2B1FBFEFC0EFB1C10190CBD
:10F650000CFB07F841EA0041884504FA02F422D97C
:10F6600069180CF1FF3004D2884502D9ACF10200D0
:10F670002944A1EB08019BB2B1FBFEFC0EFB1C115F
:10F680000CFB07F743EA01439F420ED9EB180CF13C
:10F69000FF3104D29F4202D9ACF102012B44DB1BA3
:10F6A00041EA004192E76046E3E76146F7E76046DA
:10F6B000A3E76346B7E7834206D916B90021084697
:10F6C0007BE7C6E900E0F9E7B3FA83F78FB9834235
:10F6D00001D3724508D8BEEB020460EB030301209E
:10F6E0009C461EB9002168E73846FAE7C6E9004C97
:10F6F000F8E7C7F1200CBB4022FA0CF41C432EFAA9
:10F700000CF120FA0CF3B84001434FEA14490EFA09
:10F7100007F5B3FBF9F81FFA84FE09FB18300B0C50
:10F7200008FB0EFA43EA00439A4502FA07F240D971
:10F73000E31808F1FF3004D29A4502D9A8F102007B
:10F740002344A3EB0A0389B2B3FBF9F809FB18338E
:10F7500008FB0EFE41EA03418E452CD9611808F1E1
:10F76000FF3304D28E4502D9A8F10203214443EAB3
:10F770000040A0FB0298A1EB0E014145CE46434656
:10F7800002D306D14D4504D2B9EB020E68EB040357
:10F790000138002EA6D0B5EB0E0261EB030101FA91
:10F7A0000CFC22FA07F34CEA0303F940C6E90031E6
:10F7B00098E74046C5E74346D9E70000000000004F
:10F7C0002DE9F04F9FB08246039117461C46002555
:10F7D000387810B9284600F0A6BD252809D003992D
:10F7E000D0470028C0F29F857B1C01350593059FFB
:10F7F000EEE71822002110A819F055FF7B78252B81
:10F8000000F0BC800023791C98469E469C46184612
:10F810000E4611F8012B2B2A00F0E38000F2DA806B
:10F82000202A00F0E180232A00F0E1802BB19DF82E
:10F83000483043F040038DF84830B8F1000F05D050
:10F840009DF8483043F020038DF84830BEF1000F9A
:10F8500005D09DF8483043F010038DF84830BCF1D6
:10F86000000F05D09DF8483043F008038DF848306C
:10F8700028B19DF8483043F004038DF848309DF8D6
:10F88000483003F04401442903D16FF386138DF807
:10F8900048309DF848300E9643F080032A2A8DF8B0
:10F8A000483040F0A9809DF8493043F001038DF8BD
:10F8B0004930731C1A782E2A9DF849200CBF01216B
:10F8C000002161F341028DF849200CD15A1C0E929F
:10F8D0005A782A2A40F0A0809DF8492042F004027C
:10F8E0008DF8492002331A786C2A00F0C18000F2AA
:10F8F000A380682A00F0A9806A2A00F0C2804C2AFE
:10F9000000F0C78013F8012B0593782A8DF84B205F
:10F9100000F209816D2A00F2C980692A00F2038190
:10F92000572A00F2E280412A04D0A2F14503022BBB
:10F9300000F2F9809DF84A3002F0DF020421A2F1C2
:10F94000410961F30203D9F100029DF849108DF8D5
:10F950004A3042EB090262F3C7110A068DF84910DA
:10F96000CBB200F11F8103F07802182A40F0098120
:10F970006FF3C6038DF849300023F8E08DF84B3063
:10F98000BB1C05939DF849309DF84A20DE0702F024
:10F99000070040F1098154F8041B0491002908DA9A
:10F9A0009DF8481041F004018DF84810049949422F
:10F9B0000491590740F1008154F8046B002E80F245
:10F9C000FF809DF849306FF341038DF849304FF0C7
:10F9D000FF36F5E02D2A0DD0302A7FF427AF012322
:10F9E00016E74FF0010C13E74FF0010E10E74FF050
:10F9F00001080DE701200BE70EA803F0BDFD0E9BEB
:10FA0000B3423FF457AF9DF848201390C00F60F306
:10FA100041028DF848204DE70EA803F0ADFD9DF89A
:10FA200048301490C3F3400242EAD07262F34103BB
:10FA30008DF848300E9B56E7742A26D07A2A7FF438
:10FA400061AF9DF8492006210CE05A78682A9DF89C
:10FA5000492006D1012161F3C6028DF84920023305
:10FA600050E7022161F3C6028DF84920013349E7CE
:10FA70005A786C2A9DF8492001D10421EBE7032133
:10FA8000F0E79DF849200521ECE79DF84920072182
:10FA9000E8E7BDF8482022F4F04222F0020242F4E6
:10FAA000804242F00202ADF84820DFE76E3AD3B25E
:10FAB00001229A4040F282431A429DF8493039D1DE
:10FAC00012F0240F61D1D1072DD59DF84A2003F003
:10FAD0007803A3F14008032161F30202D8F1000387
:10FAE0008DF84A2043EB080341E0A2F15801C9B266
:10FAF000012000FA01F111F4624F7FF41BAF40F6D0
:10FB0000010319429DF849301AD111F4043F0AD07B
:10FB10009DF84A2060F3020203F07803402B8DF831
:10FB20004A207FF429AF9DF8483043F001038DF857
:10FB3000483021E79DF84A20022161F30202EBE7F9
:10FB40009DF84A10022003F0780360F30201402B75
:10FB50008DF84A1002BF9DF8481041F001018DF860
:10FB60004810632A7FF408AF003B18BF01239DF8BB
:10FB70004820C2F340010B4363F341028DF8482053
:10FB800000E713F0380FCED1F6E69DF84A200321A6
:10FB900013F0780F61F302028DF84A2014BF01239D
:10FBA0000023E4E70123E2E79DF948100029B4BFF0
:10FBB00013994FF0FF31FBE69E077FF508AF149EC7
:10FBC00000230428CDE913339DF8493007D1990764
:10FBD00005D49DF949100029ACBF06260D2602F078
:10FBE0000702012AC3F3C30332D1DA1E042A04D860
:10FBF000DFE802F02045452020002268012B4FEA73
:10FC0000E271CDE910211BD19DF94020D117CDE93A
:10FC1000102104349DF84820069292074FD0059B8E
:10FC200003993A46504615F053FB0028C0F27B83F7
:10FC30000544DCE554F8042BD117CDE91021E9E7A0
:10FC4000022BE6D111B242F3C032CDE91012E0E747
:10FC5000022A24D1DA1E042A04D8DFE802F01810A0
:10FC600010181800012B54F8042B4FF0000114D089
:10FC7000022BCDE91021CDD192B21092CAE7073400
:10FC800024F00704F4E80201CDE91001C2E754F8BA
:10FC9000042B109200221192BCE7D2B2CDE7042AC5
:10FCA00008D1073424F00704D4E900010834CDE971
:10FCB0001001AFE7032AADD154F8042BDDE79DF81E
:10FCC0004B80B8F1780F3FF692ADB8F1570F5CD882
:10FCD000B8F1250F00F0A480B8F1240F7FF687ADAE
:10FCE000B8F1410F04D0A8F14503022B3FF67FADD8
:10FCF000DDE91023002BC0F24D810699080700F1C1
:10FD00004C81C1F300194FEA4919C3F30A51C3F3F7
:10FD10001303002940F0448152EA030014BF4FF05E
:10FD2000010C4FF0000CD80240EA5250D702CDE946
:10FD30000C70B8F1460F47EA010740EAE17008BFCE
:10FD40004FF06608384300F0B881BCF1000F10D0C6
:10FD50001B0343EA125317033A4618464FF0000CB0
:10FD6000002880F25681BCF1000F40F05981CDE9A6
:10FD70000C730D9B43F00043A1F2FE3B0D93002159
:10FD8000DDE90C230F46052060E1A8F15802202A86
:10FD90003FF62DAD01A151F822F000BF67FF000032
:10FDA000EFF70000EFF70000EFF70000EFF70000BB
:10FDB000EFF70000EFF70000EFF70000EFF70000AB
:10FDC000F1FC0000EFF7000013FF000027FF000028
:10FDD000F1FC0000F1FC0000F1FC0000EFF7000076
:10FDE00027FF0000EFF70000EFF70000EFF700003B
:10FDF000EFF700006DFF000067FF0000B7FE000096
:10FE0000EFF70000EFF7000031FE0000EFF7000011
:10FE100067FF0000EFF70000EFF7000067FF00004A
:10FE200003994046D0470028C0F27D820135DEE4C8
:10FE3000002E109F3BDB3146384619F0D5FD002FD0
:10FE40003FF4D5AC3E18F31B4FF000099DF84A2053
:10FE500012F01001069100F05B82023312F04002B2
:10FE6000DDF84C80089218BF149ACDF81C804344EA
:10FE700018BF9B18049A002A40F36582D31A9DF894
:10FE8000482004935007C2F3800B00F15C825106B6
:10FE900040F14C82B9F1000F07D003994846D04792
:10FEA0000028C0F240820135D94630223FE2384670
:10FEB000FFF72BFBC6E71098002800F024820DF115
:10FEC0007503009312AA17AB002103F06BFBBDF87A
:10FED0004A3003F0EF0343F4F04343F010030746C6
:10FEE000ADF84A304FF00009002E0CDB9DF8482099
:10FEF0000DF17503DB1B6FF386129E428DF84820CF
:10FF000001D9F31A1393002F3FF471AC0DF175066C
:10FF10006DE0109B8DF85C304FF000090DF15D062F
:10FF200017AF012392E7069B1F0758BFC3F30019C1
:10FF3000DDE9102354BF4FEA49194FF02B09002B7C
:10FF400006DA524263EB4303CDE910234FF02D094B
:10FF50000DF175030093DDE9100117AB12AA03F050
:10FF600021FB0746C0E74FF00009F1E7109A072B85
:10FF70003FF63DACDFE803F00C04060C08080C0C5F
:10FF8000157034E4158032E4EB17C2E900532EE417
:10FF900015602CE44FF02D09B7E64FF02B09B4E6BD
:10FFA00040F2FF70814231D108F10108A2495FFAA5
:10FFB00088F8134311F8081001F003011ED101293C
:10FFC0000BBF492369234E216E210CBF46226622B6
:10FFD0008DF85C309DF848308DF85D106FF3861316
:10FFE0008DF85E208DF848300DF15F0617AFF31BDA
:10FFF000B9F1000F3FF42AAF013327E7012915BFFC
:020000040001F9
:100000006E234E23612141211A46E1E74FF0000C97
:1000100089E6921801F1FF3140414FF0010C9FE653
:10002000CDE90C20A5E6520842EAC3725B08B3F1A1
:10003000333F59460BF1010BF5D200FB03FCA2FB49
:10004000002301F1020B6344013F01211BF1020F68
:10005000E9DB09B1CDE90C23BBF1000FDDE90C327E
:100060002EDCCBF10401A1F120000BF11C0B02FAF4
:100070000BFB22FA00F0CA40CB40079208F0DF02E7
:1000800043EA0B03472A43EA00037DD1F91C01DB55
:10009000BE422BDAA8F10208002E5FFA88F87CDD58
:1000A0009DF84820920606F1FF3676D4B6F1000B93
:1000B00018BF4FF0010B721C27E04FF0000B5EE6FB
:1000C000023342F100020CA8CDE90C3215F0D1F850
:1000D000DDE90C320BF1FF3B0137DB185241002AFE
:1000E0000BF1FF3BF9DACDE90C32B5E79DF848207A
:1000F0009006A6EB07064DD4B6F1000B18BF4FF0E3
:10010000010BF2194FF066084AD4102AA8BF10223A
:100110009FED477B8DED0E7B10200B90DDE90E01EE
:10012000002A3FD1079A1B1842EB0101B1F1805F11
:1001300047D2CDE90C31069BB8F1660F03F02002DF
:1001400040F0C180002F47DC30238DF85C30002A5E
:1001500074D1002E40F3BA812E238DF85D3087B123
:100160007B42B342A8BF33469DF84A201393002B2D
:10017000A6EB0306D4BF0023012363F345128DF8D9
:100180004A200DF15E0340E0B8F1660F4FF0000B1E
:10019000B7D090E74FF0000BB3E74FF0000B8AE7C2
:1001A0000022B5E7400840EAC1704908CDE90E01D8
:1001B0000EA8CDE9082315F05CF8089A099B013ACE
:1001C000ACE75B0843EAC1730CA84908CDE90C31E0
:1001D000013715F04EF8AEE717AB0B9900290BDD90
:1001E0000BA90CA8CDE9063215F05BF8069B079A1F
:1001F00003F8010B013FF0D11397AAB9002E40F389
:1002000063812E2103F8011B0027002E1FDD0B9AAE
:10021000002A1CDD0BA90CA8069315F042F8069BDA
:10022000013E03F8010BF0E72E2203F8012BEBE768
:10023000000000000000000822E102002E238DF8DB
:100240005D30002F9DD0002E8ADC0DF15E03BBF1E6
:10025000000F4CD114961E4608F0DF03452B21D128
:10026000002FBABF7F422D232B23632FC8BF6422E8
:100270007370C2BFB7FBF2F303F1300102FB1377D7
:100280004FF00A0286F80080CABFB170023603360A
:10029000B7FBF2F303F1300102FB1373303331701B
:1002A00073700236139B002B2BDC149B002BD4BFE6
:1002B000002301239DF84A2063F3861200238DF862
:1002C0004A20337092E60BA90CA8069214F0E9FFBD
:1002D000069A8DF85C00302818BF07F1FF3712B975
:1002E000002E40F3F3802E238DF85D3049E71E4643
:1002F000013B16F8012C302AF9D02E2A08BF1E46E1
:10030000AAE70123D6E7734E8146771F05239DE5B3
:10031000110748BF0133A1E5104609920399D04760
:100320000028099A05DA1FB0BDE8F08F2022DDF819
:1003300010B0594600290BF1FF3BEDDC049BCDF8D2
:1003400010B02B445D1AB9F1000F05D0039948464F
:10035000D0470028E7DB0135089B002B79D09DF9B9
:100360004930002B29DBDFF870913B46187819F8EB
:10037000002052079B4603F101033FD49DF84A3009
:10038000EF1B98065F4407D44246002A08F1FF3865
:100390003BDC079B3B449F1A9BF800002E280AD1A8
:1003A0000399D0470028BEDBB8F1000F07F1010721
:1003B00031DC0BF1010B5D4638E0B94699F80000DD
:1003C0007028C84609F1010913D1EF1B149D474459
:1003D0003D44EB1B002B34DC039933464246504628
:1003E00014F076FF00289EDB3844049E0546064440
:1003F00065E00399D0470028E0DA94E70693039973
:10040000D0470028069BB1DA8DE703993020D0470A
:100410000028B9DA87E703993020D04708F1FF3880
:10042000C0E70399D0470028FFF67DAF287819F878
:1004300000305907A84605F10105F2D4A7EB0B07D8
:10044000C4E703993020D0470028FFF66CAF01378E
:10045000BFE79DF84A30DA0601D41B0706D5039999
:100460003020D0470028FFF65EAF0135069B3BB138
:1004700003999DF84B00D0470028FFF654AF013593
:10048000A84406E003993020D0470028FFF64BAF80
:100490000135A8EB0503002BF4DC039933463A46FB
:1004A000504614F015FF0028FFF63DAF28449CE7A6
:1004B00003992020D0470028FFF635AF0135731B84
:1004C000002BF5DCFFF793B91746C0E60DF15D038D
:1004D000BDE600BF44BE020023E1020000000000B0
:1004E0002DE9F04F476A97B08DED000B55EC104B9E
:1004F000209E089183460C9212937FB9102012F02F
:10050000D5FA0246CBF8240020B9A74BEA21A74828
:1005100013F042F9C0E901770760C760DBF82430C7
:10052000196859B15A684A60012393408B60584654
:1005300013F0FEFADBF8243000221A602B1EB9BF3C
:1005400023F00043019300233360019F984BBCBF0D
:1005500001223260BB4319D1129A42F20F73136029
:10056000C7F31303234300F0DD85219B53B9914B5F
:1005700021E0914B03930833219A1360039817B03D
:10058000BDE8F08F8B4B03930333F5E79DED007BC4
:10059000002251EC170B00238DED0A7BFBF74AFA82
:1005A000804650B1129A01231360219B13B1219A06
:1005B000824B1360824B0393E0E79DED0A0B14AA74
:1005C00015A9584613F036FDC7F30A560290002EBF
:1005D00078D00B9BCDF84C80C3F31303DDE90A01FF
:1005E00043F07F5343F44013A6F2FF36194600222E
:1005F000744BFAF7FFFD66A3D3E90023FAF7B2FFC5
:1006000065A3D3E90023FAF7F7FD044630460D460B
:10061000FAF73EFF62A3D3E90023FAF7A3FF0246ED
:100620000B4620462946FAF7E7FD04460D46FBF740
:1006300049FA00220746002320462946FBF704FA20
:1006400040B13846FAF724FF22462B46FBF7F2F971
:1006500000B9013F162F52D85B4B03EBC703D3E918
:100660000023DDE90A01FBF7EFF9002849D0013F3B
:1006700000231193149B9B1B5A1E45BFC3F101031A
:10068000069300230023079254BF06930793002F7D
:1006900039DB079B10973B44079300230993089B82
:1006A000092B66D8052BC4BF043B0893089BA3F114
:1006B0000203CCBF00240124032B65D8DFE803F03C
:1006C0002B383657DDE914631E4406F23243202BE3
:1006D000C1BFC3F140039F4006F2124324FA03F363
:1006E000D6BFC3F1200347EA030004FA03F0FAF788
:1006F000BFFE0122A1F1F873013E139276E70123B8
:10070000B7E71190B6E7069BDB1B06937B42099384
:1007100000231093C3E700230D930C9B002B57DCA1
:100720000123049399461A460C920CE00123F3E747
:1007300000230D930C9BFB1803F1010904934B4616
:10074000012BB8BF0123DBF824000021042202F1B1
:1007500014059D4240D94160584613F0A9F9039011
:1007600000283CD1194B02464FF4D571CFE6012346
:10077000DFE70124002308930D944FF0FF33049327
:10078000994600221223CFE701230D93F5E700BF1E
:1007900061436F63A787D23FB3C8608B288AC63F87
:1007A000FB799F501344D33FABE20200C2E2020048
:1007B0000000F07FA7E202009EE20200D5CA02001C
:1007C000D4CA02000000F83F70A8020036E302001D
:1007D0000C9B04939946B6E701315200B7E7DBF86A
:1007E0002430039A1A60B9F10E0F6FD8002C6DD027
:1007F000002F36DDA14B07F00F0203EBC20393ED90
:10080000007BF8058DED0E7B4FEA271417D59C4B26
:10081000DDE90A01D3E90823FAF7CEFFCDE90001AB
:1008200004F00F044FF00308954D5CB9DDE90E2389
:10083000DDE90001FAF7C0FFCDE900012BE04FF040
:100840000208F1E7E10709D5DDE90E01D5E900234A
:10085000FAF788FECDE90E0108F1010864100835A9
:10086000E3E700F007817C42844B854D04F00F02E2
:1008700003EBC203D3E90023DDE90A01FAF772FEB4
:10088000CDE90001241100234FF00208002C40F0B4
:10089000E580002BD0D1119BDDE90045002B00F055
:1008A0004C81784B002220462946FBF7CDF80028E2
:1008B00000F04381B9F1000F00F03F81049B002B51
:1008C00000F3E480DDE90A34CDE90034159B002B08
:1008D00002DB0E2F40F342820D9A002A40F067821D
:1008E000099CDDF818800025B8F1000F0DD0079B9A
:1008F000002B0ADD4345069AA8BF4346D21A06924A
:10090000079AA8EB0308D31A0793099B0BB30D9B17
:10091000002B00F0A682002C00F0A182294622467E
:10092000584613F02DFA029A01460546584613F030
:100930007DF902990646584613F0FAF8099B1B1BED
:10094000099300F09182099A3146584613F018FA3B
:1009500002900121584613F053F9109B0446002BD6
:1009600000F084821A460146584613F009FA089BA3
:10097000012B044603DC009B002B00F07C82002648
:10098000236904EB8303186919F0BBF91096C0F1D1
:100990002000079B184410F01F0000F09182C0F166
:1009A0002003042B40F38182069BC0F11C0003440A
:1009B0000693079B034480440793069B002B05DDA9
:1009C00002991A46584613F035FA0290079B002BFD
:1009D00005DD21461A46584613F02CFA0446119BB1
:1009E000002B00F076820298214619F0D9F90028F0
:1009F00080F26F82002302990A22584613F0BAF857
:100A00000D9B02907E1E002B00F05C820023294685
:100A10000A22584613F0AEF8049B002B054603DC6F
:100A2000089B022B00F35E82B8F1000F05DD29461A
:100A30004246584613F0FEF90546109B002B00F085
:100A4000D0826968584613F033F80746002840F012
:100A50007F820D4B024640F2EA2158E5E20706D5B7
:100A6000D5E90023FAF77EFD08F10108012364109F
:100A700008350BE74FF002080DE700BF70A8020031
:100A800048A802000000F03F36E302002046AD4BCC
:100A900000222946FAF766FDCDE90001049C7E1E7E
:100AA00008F101084046FAF7F3FCDDE90023FAF704
:100AB00059FDA54B0022FAF79FFBA1F15073CDE938
:100AC0000E010F93002C3BD1DDE900019F4B00226A
:100AD000FAF790FB02460B46CDE90023DDE90E2331
:100AE000FAF7D0FF002840F05781DDE90E2101F12F
:100AF0000043DDE90001FAF7A7FF00283FF4E2AE6A
:100B0000002425460C9BDDF80CA0DE434FF00008C6
:100B10002146584613F00CF8002D00F0A980B8F1DA
:100B2000000F05D0A84503D04146584613F000F801
:100B30002946584612F0FCFF9AE03E464C46B1E783
:100B4000834B03EBC40353E90201039B1C440D9B3D
:100B5000002B4AD002460B4600207E49FAF72CFEB5
:100B6000DDE90E23FAF746FBCDE90E01DDF80CA016
:100B7000DDE90001FAF7A6FF0546FAF789FC02460F
:100B80000B46DDE90001FAF735FB3035CDE9000110
:100B900002460B460AF8015BDDE90E01FAF772FF27
:100BA000002865D1DDE900236B490020FAF722FB1C
:100BB00002460B46DDE90E01FAF764FF002840F01B
:100BC0000D81A24500F0EA80DDE90E015D4B0022B7
:100BD000FAF7C8FC5B4BCDE90E010022DDE900010C
:100BE000FAF7C0FCCDE90001C2E7DDE90E23FAF710
:100BF000B9FCCDE90E01DDF80CA0A046DDE900014D
:100C0000FAF760FF0546FAF743FC02460B46DDE9BA
:100C10000001FAF7EFFA30350AF8015B02460B469D
:100C2000A245CDE900234FF0000223D1494BDDE975
:100C30000E01FAF7E1FA02460B46DDE90001FAF788
:100C400021FF002840F0CA80DDE90E234149002041
:100C5000FAF7D0FA02460B46DDE90001FAF7F4FE96
:100C600070B1C24608F1FF381AF8013C302BF8D0B9
:100C7000374655E0334BFAF775FCCDE90001BDE787
:100C8000DDE90A34CDE90034159B002BFFF628AED0
:100C90000E2F3FF725AE2E4B03EBC70393ED007BE2
:100CA0000C9B002B8DED047B02DAB9F1000F64D0B0
:100CB000DDE90045DDF80CA0DDE9042320462946E6
:100CC000FAF77AFDFAF7FEFE0646FAF7E1FBDDE9F0
:100CD0000423FAF747FC02460B462046294606F154
:100CE0003004FAF787FA0AF8014B039CAAEB0404D4
:100CF000A14502460B4640F08280FAF77DFADDE915
:100D0000042304460D46FAF7BDFE002865D1DDE94F
:100D1000042320462946FAF78DFE08B1F3075CD478
:100D20000299584612F004FF00238AF80030129B03
:100D300001371F60219B002B3FF420ACC3F800A0BB
:100D40001CE400BF0000244000001C4000001440D0
:100D500070A802000000E03F0000F03FA24B03EB50
:100D6000C70393ED007B0C9B002B8DED047B9FDA7A
:100D7000B9F1000F9CDC7FF4C3AE9C4B0022DDE98F
:100D80000401FAF7EFFBDDE90023FAF771FE0446F0
:100D900000287FF4B5AE3E462546B4E0DDE90A34CE
:100DA000CDE90034159B002B01DB0E2FD6DD089A10
:100DB000012A36DC139A82B303F23343099CDDF82F
:100DC0001880069A1A440692079A01211A44584636
:100DD000079212F015FF054686E53E4653469A46B1
:100DE00013F8012D392A06D1039A9A42F7D10399B3
:100DF000302201360A701A7801321A7038E77C4BBB
:100E00000022FAF7AFFB0022002304460D46FAF752
:100E100011FE00283FF450AF82E7149BC3F1360364
:100E2000CCE7099B09F1FF34A34208DBB9F1000FBD
:100E3000A3EB04040EDBDDF818804B46C1E7099BE9
:100E4000109A0994E31A1A44DDF8188010924B4660
:100E50000024B6E7069BA3EB09080023B1E7029E36
:100E600071E5099A029970E5029672E5089B012BDB
:100E700017DC009BABB9019BC3F313039BB9019B28
:100E800023F00046360D360536B1069B0133069336
:100E9000079B013307930126109B002B7FF470AD55
:100EA0001096012075E50026F6E73FF486AD069A18
:100EB0001C331A440692079A1A44984407927CE518
:100EC0000346F4E7049B002B2BDC089B022B09DC78
:100ED00027E0B9F1000F1DDC089B022B1ADDCDF8CD
:100EE00010903E46049B002B7FF40CAE2146052259
:100EF000584612F03FFE01460446029818F050FF93
:100F000000287FF7FFADDDF80CA031230AF8013B84
:100F10000136FBE50D9BCDF810903E46002B7FF48B
:100F200083AD039F0298214618F06AFD00F1300955
:100F300007F8019B039B049AFB1A9A4240F3CB806B
:100F4000029900230A22584612F014FE0290E9E7A3
:100F50002A690232920005F10C010C3018F095FB61
:100F600001223946584612F065FF039B03F1010A3E
:100F7000DDE9032313440793009B03F00103A84614
:100F8000099305460AF1FF3321460298049318F0AD
:100F900037FD4146069000F13009029818F000FF35
:100FA0002A4621460746584612F0B0FFC26801465D
:100FB00002B3584612F0BCFD002F3ADA0299012222
:100FC000584612F037FF2146029018F0E9FE00283B
:100FD00003DC29D119F0010F26D0B9F1390F1DD149
:100FE00032E02846C1E700BF70A8020000001440AC
:100FF000000024400A90029818F0D2FE0A990C9042
:10100000584612F095FD0C9A5ABB089B53B9099BA0
:1010100043B9B9F1390F17D0002F05DD069B03F155
:10102000310901E0002F2ADADDF810A00AF8019B4F
:101030006EE5089B3B4304D1009B03F00103002BAA
:10104000BCD0B9F1390F36D1049F392307F8013BE1
:10105000BA46013F1AF8013C392B5BD001333B7093
:1010600056E5002F06DB089B3B4306D1009B03F0AF
:10107000010313B9002AA1DCD6E7002AE1DC079BB3
:101080000AF8019C534557462FD0029900230A22A3
:10109000584612F06FFDA84502904FF000034FF044
:1010A0000A02414658460BD112F064FD80460546BF
:1010B0000AF1010A66E7DDF810A009F10109B5E7B8
:1010C00012F058FD2946804600230A22584612F0A5
:1010D00051FD0546ECE7049B002BC8BF1F46039B50
:1010E000D8BF01271F444FF000080299012258463B
:1010F00012F0A0FE2146029018F052FE0028A7DC54
:1011000002D119F0010FA3D1BA4617F8013D302BD7
:10111000FAD0FDE4039BBB429AD1039A31230136F6
:101120001370F5E4219B002B7FF423AA014BFFF7FA
:1011300042BA00BF9EE2020008B50C4814F054F811
:1011400001F0C4FC01F078FB0F2013F0D3FC084839
:1011500001F026FB01F05EFC10B1064814F044F8E3
:10116000BDE80840044814F03FB800BF1CB40200BA
:10117000BFBC020042B402005DB402002DE9F04F92
:101180009C4891B014F030F89B4C204617F049FD74
:1011900030B92168994811B0BDE8F04F14F024B877
:1011A00097484FF4F67200230FF096F958B9954816
:1011B0001822214601F094FA10B9934814F014F85B
:1011C0008F4813F095FC8E484FF4F67200230FF011
:1011D00083F948B9884800F0C7FE10B18B4814F075
:1011E00003F8874813F084FC85484FF4F672002317
:1011F0000FF072F958B980498248182201F070FA4C
:1012000010B9834813F0F0FF7D4813F071FC01F032
:10121000ADF810B17F4813F0E7FF00F0EBFF7E4C14
:101220002378002B00F0CD8000267C487C4F00F016
:101230000BFECDE901660396DFF81482DFF8149205
:1012400098F80030DFF810B23BB999F8003023B9B4
:101250009BF80030002B00F0B88098F8003033B9CC
:1012600099F800301BB99BF80030002BE4D018F03F
:10127000D2F84FF47A73A0FB030503FB015598F8ED
:101280000030C40B44EA4544ED0B002B32D03A88C1
:1012900040F2CD739A422DD8019BE21A029B65EB76
:1012A00003030A2A73F1000324D355486322002361
:1012B0000FF012F9E0B9504806A900F035FFA0B9C7
:1012C00000F0CAFFCDE9040156480022002304A91A
:1012D0000FF052F800287CD0534B196801318A0670
:1012E000196002D1514813F07FFF454813F000FC0C
:1012F000CDE90145072013F0FDFB99F80030002BE4
:1013000034D0DFF838A1BAF8002040F2CD739A4209
:101310002CD8039BA21B65EB03030A2A73F100037D
:1013200024D33748632200230FF0D6F8E0B93548BC
:101330000AA901F011FAA0B100F08EFFCDE9080171
:101340003B480022002308A90FF016F8002844D0DB
:10135000384B1968013119608B0602D1364813F0F9
:1013600043FF274813F0C4FB26460395072013F0DC
:10137000C1FB9BF80030002B37D03A8840F2CD7388
:101380009A4232D92D4C22889A422ED90A2013F043
:10139000B1FB0CA801F040F828BB00F05DFFCDE9DF
:1013A0000E012748632200230CA90EF0E5FF10B1BF
:1013B000244813F019FF22883988234813F014FFBA
:1013C0003AE7322013F096FB2AE7642013F092FBF1
:1013D00032E73B8801333B8087E7BAF800300133BE
:1013E000AAF80030BDE71948E3E7282013F082FB94
:1013F00033E700BF81B4020064A20200A1B402007E
:101400006413002030410020BDB40200E8B40200A3
:1014100006B502002DB50200964800205EB5020018
:101420006C480020D01300202C41002062B502003F
:10143000A01300202841002079B502006E4800204A
:101440000014002092B50200CCB50200B1B5020034
:10145000994800209748002098480020F0B5456939
:10146000D0E9034605F26C72012ECCBF1146511E25
:1014700000290F46B8BFCF1C6FF0630391FBF3F355
:1014800003EBA703463D4FF4C87791FBF7F10B44FC
:1014900040F26D1101FB0533154D0021B14222DBF5
:1014A000012E0FDD910705D1642592FBF5F105FBB7
:1014B000112131B94FF4C87192FBF1F501FB1522EE
:1014C00002B90133621E1A4483684FF461614B43D1
:1014D000084901FB0233426800683C2101FB0233EA
:1014E0001844C117F0BD55F8047B01313B44D5E7E2
:1014F00038A902008051010030B591B007AC054613
:1015000024220021204618F0CEF80023069306ABD3
:10151000CDE9034308AB029309AB01930CAB0AAAD4
:1015200000930D490BAB284612F03CF80B9B013B96
:101530000B930C9B2046A3F26C730C93FFF78EFF6A
:101540004FF47A72A0FB020302FB0131069BC01824
:1015500041EBE37111B030BDFDB502002DE9F04F54
:101560004D48CFB013F040FE4FF00008CDE907889A
:10157000C14602E0322013F0BDFA484B1B7833B964
:10158000474B1B781BB9474B1B78002BF2D0434BC2
:101590001B781BB1444C236A052B19D8404B1B7890
:1015A00003F0FF05002B37D13E4B1B78002B70D08A
:1015B00040F2CD7399456CDD079A40F2CD739A42A3
:1015C00000F37481002D64D00024274626467EE077
:1015D0001EAE002500220023314620460EF022FFD9
:1015E000B0B90135062D06F11006F3D12C4B1B784E
:1015F000A94403F0FF0483B92A4B1B7803F0FF06CC
:10160000E3B140F2CD739945D6DC00273E465EE05B
:10161000002D08BF0625E9E70025244E336A052B77
:101620000ED8204B1B7803F0FF0633B140F2CD7388
:101630009945C1DC6DB30024E7E755B3344645E076
:1016400036AF002400220023394630460EF0EAFE71
:1016500080BB0134062C07F11007F3D1079B06333A
:101660000793104B1B7803F0FF06002B00F030812E
:1016700040F2CD73994540F31B81079A06249A42A4
:10168000C3DD0B4E336A002B40F0148155EA04038E
:10169000BBD102206FE700BF12B6020099480020BC
:1016A0009748002098480020D0130020A013002065
:1016B00000140020002CD1D0079B234407938D4BAE
:1016C0001B7803F0FF06002B40F00D8137468A4857
:1016D0004FF0FF324FF0FF330EF0FEFE002D39D0F9
:1016E000089B002B40F0F680844B854A1B88854878
:1016F0004FF4805111F022FF82460DF1780B0BEB75
:1017000005130893DBE9000140230EAA00F0B8FDA1
:101710000EA8FFF7F1FEDBF80C300393DBF808307E
:101720000293784B784ACDE90001CAF5805103EB6A
:101730000A0013F066FD8244BAF57C6F04DA089B58
:101740000BF1100B5B45DDD16E4A002382F8FF3FA1
:1017500001230893002C3CD0B8F1000F40F0BD806D
:10176000664B6A4A1B886A484FF4805111F0E6FEC6
:1017700082460DF1D80808EB0413DFF894B1099301
:10178000D8E9000140230EAA00F07AFD0EA8FFF769
:10179000B3FEB8F90C300493B8F90A300393B8F9E2
:1017A00008305C4A0293CDE90001CAF580510BEB89
:1017B0000A0013F026FD8244BAF57C6F04DA099B17
:1017C00008F110089845DBD100238BF8FF3F4FF05C
:1017D000010817B3DFF850A14F49504618F0E9F857
:1017E000DDE90C0140230EAA00F04AFD0EA8FFF728
:1017F00083FE9DF82E300393CDE90001BDF92A3018
:1018000002933E4B454A1B8840F6F5710AF10B00E6
:1018100013F0F7FC00238AF8FF3FDFF82CA13648CD
:1018200013F066F9DAF800B0BBF1000F22D04DB129
:101830003448FDF76AFE3A49324A096883B258468D
:1018400013F041F954B13248FDF75FFE3549304A93
:10185000096883B2DAF8000013F035F957B132485D
:10186000FDF753FE3149304A096883B2DAF80000C7
:1018700013F029F9002E3FF480AE2D4813F0B4FC8C
:101880002C4800F0E1FA2C4A002313802B4A4CF23A
:101890005030138000F01CFD00F030FD00B32848EC
:1018A00013F0A2FC274800F0CFFA5DE60024E8E63A
:1018B0000624AAE6142013F01DF9002200230AA929
:1018C00030460EF0AFFD00287FF4E0AE01279DE624
:1018D0000624FBE64FF0000A0FE74FF0000A48E746
:1018E00040BF20BFD8E740F2CD7399457FF78DAE5A
:1018F000079AC4E698480020544100207048002010
:1019000033B602009A68002040B602004EB60200CC
:101910009A4800205DB602006CB6020078B602005C
:1019200050410020484100209A5800204C4100209E
:1019300086B60200B9B602006C4800206E4800204E
:10194000BDB602005EB5020068410020D0B52F4848
:1019500088B013F049FC2E4817F04CFA4FF480522F
:1019600000212C4817F09FFE4FF4805200212A4896
:1019700017F099FE00214FF48052284817F093FE8B
:10198000274805F067FA04460146264813F02CFC68
:101990001CB12548214613F027FC2449244817F0A0
:1019A0004BFB0026002700240A23CDE90334CDE9B0
:1019B0000667CDE901441F4B1F4900944FF4A06214
:1019C0001E480FF071F90923CDE90243CDE90667FE
:1019D000CDE900441A4B1B4904944FF420621A4885
:1019E0000FF062F90523CDE90243CDE90667CDE9A1
:1019F0000044164B1649174804944FF400720FF038
:101A000053F94FF47A7013F075F8FAE7E4B6020070
:101A1000544100209A6800209A5800209A480020DB
:101A2000991D01001CB7020044B702007D1D010092
:101A3000384100207D11010080880020A024002072
:101A40005D150100007E0020A8230020391101004F
:101A5000807B0020B02200204B1E59425941014B8F
:101A600019707047994800204B1E59425941014B4B
:101A700019707047984800204B1E59425941014B3C
:101A800019707047974800204B1E59425941014B2D
:101A90001970704796480020022B10B51C4605D1DE
:101AA000034B11880348198013F09EFB204610BD9C
:101AB000704800206AB70200042B10B51C4603D101
:101AC0001168024813F090FB204610BD83B7020056
:101AD0002DE9FF41DFF82C80044640461F460D46A5
:101AE0001646FDF712FDBDF82830009380B2CDE90F
:101AF00001803B4632462946204615F0CCFE04B014
:101B0000BDE8F0819A780020092B10B511461C46DB
:101B10000ED8094B00221A605A601A8118462246D4
:101B200017F0B3FD0146054813F05EFB204610BDDB
:101B30006FF00C00FBE700BF9A7800209BB7020013
:101B400010B50A480A4C13F04FFB0A4800F028FE73
:101B5000206818B106F03CFB00232360064A0023EE
:101B60001370064A1370064A137010BDB8B702000E
:101B700068410020BFBC020099480020984800201E
:101B80009748002001480EF06FBF00BF3841002089
:101B900008B521B1BDE80840084813F025BB14F092
:101BA00007FF074B1860074813F01EFB064800F0BC
:101BB000F7FD0648BDE8084017F080BCDCB702001E
:101BC00068410020FEB70200BCBC0200982500203E
:101BD0002DE9F043044685B00D4616461F46DFF852
:101BE0004480DFF844904FF0FF324FF0FF3340461F
:101BF0000EF072FC4846FDF788FCBDF830300093CB
:101C000080B2CDE901903B4632462946204615F088
:101C100042FE044640460EF0D7FC204605B0BDE823
:101C2000F08300BF544100209A5800202DE9F04372
:101C3000044685B00D4616461F46DFF84480DFF89F
:101C400044904FF0FF324FF0FF3340460EF044FC1B
:101C50004846FDF75AFCBDF83030009380B2CDE91C
:101C600001903B4632462946204615F014FE0446B4
:101C700040460EF0A9FC204605B0BDE8F08300BF49
:101C8000544100209A6800202DE9F043044685B0B5
:101C90000D4616461F46DFF84480DFF844904FF0AB
:101CA000FF324FF0FF3340460EF016FC4846FDF77A
:101CB0002CFCBDF83030009380B2CDE901903B465A
:101CC00032462946204615F0E6FD044640460EF011
:101CD0007BFC204605B0BDE8F08300BF54410020E6
:101CE0009A48002010B594B0012306A907A80693CE
:101CF00005F00EFB9DF81C3009AC032B2AD8DFE859
:101D000003F0022325271649204617F052FE9DF8BE
:101D10001D3004939DF81E3003939DF81F300293ED
:101D20009DF8203001939DF821300E4A00930594D0
:101D30009DF822301E210CA813F063FA0A480CA962
:101D400013F052FA14B010BD0849DDE70849DBE78B
:101D50000849D9E7084A0A21204613F052FAD6E783
:101D600016B8020038B802005BB802001DB80200C5
:101D700024B802002EB80200ECD5020008B5044ACF
:101D80000448032113F0A8FEBDE8084000F078BD28
:101D900078B8020064A4020013B5044601461D4849
:101DA00013F022FA34B11C48214602B0BDE81040BD
:101DB00013F01ABA194813F017FAFFF793FF184AED
:101DC000184B1360184A194803F13C011160184A76
:101DD00018497833136000942346032205F072FEFD
:101DE000044610B101461448DFE7144813F0FCF92B
:101DF00013491448224617F055FB00220023CDE971
:101E0000002310484FF4403200230FF0D1FC02B001
:101E100010BD00BFA3B8020044B70200C5B802005D
:101E2000504100205CAA02004841002080A9020025
:101E30004C41002068A90200E2B802000EB902007D
:101E4000851B010098250020F0B5154C014687B090
:101E50000922204617F0B5FD124B1B780027677248
:101E6000DBB1114B1E68C6B12046FDF74EFB1822B0
:101E700005463946684617F016FC0C4BADF80C5079
:101E800069463046CDE9013408F08EFE0848214607
:101E900007B0BDE8F04013F0A7B907B0F0BD00BF30
:101EA0009A7800209648002068410020A8A90200E6
:101EB00037B9020030B585B00D468DF800108DF8A9
:101EC0000220110A0322029202228DF80110CDF89D
:101ED00004D08DF80C209DF80C30826843F002038A
:101EE0008DF80C3094686423012201A9A0470446B0
:101EF00020B102462946034813F076F9204605B082
:101F000030BD00BF61B9020030B58BB015460DF190
:101F1000070204920122059200228DF8182003AADC
:101F20008DF8071007920721022208928DF82410DD
:101F30009DF82430816813438DF824308C68642325
:101F400004A9A047044640B102469DF80710054881
:101F500013F04AF920460BB030BDBDF80C305BBA27
:101F60002B80F7E784B9020038B505466B4813F0BB
:101F70003BF9012210212846FFF79CFF0522044669
:101F800002212846FFF796FF9F220444012128469C
:101F9000FFF790FF43F2A902044411212846FFF7FE
:101FA00089FF40F23F12044412212846FFF782FFC6
:101FB0004FF44C72044415212846FFF77BFF4FF481
:101FC0008B72044414212846FFF774FF43F6FF7216
:101FD000044418212846FFF76DFF43F6FF720444BE
:101FE00019212846FFF766FF41F6F07204441A21D2
:101FF0002846FFF75FFF41F6F07204441B21284694
:10200000FFF758FF43F6FF7204441E212846FFF7EE
:1020100051FF43F6FF7204441F212846FFF74AFF91
:1020200041F6F072044420212846FFF743FF41F6B1
:10203000F072044421212846FFF73CFF43F20502D9
:10204000044423212846FFF735FF43F207020444E6
:1020500024212846FFF72EFF40F2072204442521C1
:102060002846FFF727FF40F2193204443021284662
:10207000FFF720FF40F61302044431212846FFF702
:1020800019FF40F21932044435212846FFF712FFA8
:1020900040F61302044436212846FFF70BFF42F2B4
:1020A000F312044439212846FFF704FF42F2F312E9
:1020B00004443B212846FFF7FDFE41F63642044426
:1020C00042212846FFF7F6FE41F6364204444421F9
:1020D0002846FFF7EFFE402204444E212846FFF732
:1020E000E9FE802204444B212846FFF7E3FE02224A
:1020F000044410212846FFF7DDFE044440F26760E7
:1021000000210FF093F82CB10548214613F06CF82C
:10211000204638BD034813F067F8F9E7A6B9020076
:10212000CEB9020004BA020073B506220E465F2142
:102130000546FFF7BFFE044630B10146224813F0C2
:1021400053F8204602B070BDADF80000ADF80200B3
:10215000ADF80400ADF806006A4672212846FFF784
:10216000D3FE0DF10202044676212846FFF7CCFE8D
:1021700001AA044373212846FFF7C6FE0DF10602AB
:10218000044377212846FFF7BFFE044302D00F48DF
:102190002146D4E7BDF80220BDF8003043EA0243EF
:1021A0003360BDF80620BDF8043043EA0243736093
:1021B00022465F212846FFF77DFE04460028C0D056
:1021C00001460348BBE700BF29BA02004FBA02002C
:1021D0007EBA0200054BD3F8402132B10022C3F889
:1021E0004021034B01221A7040BF7047004002405B
:1021F000A478002038B5154812F0F6FF4FF0804360
:1022000001220021C3F81825C3F804119A60D3F8FD
:102210000421002AFBD00E4C4FF48033012500220C
:1022200065600321C4F808252420A560C4F8443360
:10223000C4F8043302F098FD242002F065FD256007
:10224000BDE83840034812F0CFBF00BFA6BA020075
:1022500000400240C3BA0200084BD3F804054FF413
:102260007A73A0FB0303C00B40EA434000F547002C
:1022700000F51C404FF4C871704700BF0040024099
:1022800070B5144692B01D464FF47A720023F9F7E8
:10229000E1FCCDE9060109A906A8164603F06AF893
:1022A000099B04930A9B03930B9B02930E9B074A83
:1022B000059603F26C7301930D9B0133009329463D
:1022C0000C9B204611F03AF912B070BDD9BA020049
:1022D000084AD2F80415C3034FF47A70B3FBF0F345
:1022E0000B4423F07F43C2F84035034B00221A70A1
:1022F000704700BF00400240A4780020014B1878CE
:10230000704700BFA478002030B587B005460C4662
:102310001422002101A817F0C6F90123AB40CDE932
:102320000234022304930C238DF81430034B1868F5
:10233000836801A95B68984707B030BDB4410020AD
:1023400010B5094C06202146FFF7DEFF48B920886A
:102350004FF4616310FB03F040F6FF7390FBF3F062
:1023600010BD4FF0FF30FBE77248002030B5204D24
:102370002048286085B016F054FC38B91E4812F089
:1023800033FF6FF01204204605B030BD40F2023139
:1023900040F20133CDE900132868836869461B6861
:1023A0009847044620B10146144812F01DFFEAE7A1
:1023B0004FF4806240F20673CDE9022328688368F7
:1023C00002A91B689847044610B101460C48ECE787
:1023D000014628220B4817F066F90B4B0B480022E8
:1023E0001A600B4B1C600B4B1C7012F0FDFECAE711
:1023F000B441002050A20200FCBA02001ABB020045
:1024000044BB0200844100207C41002071BB0200DB
:1024100080410020A57800202DE9F84F2DED028B9A
:10242000974E984D00AF044695490120FFF76CFF89
:10243000002840F01C819449B6F90030934A944832
:1024400007EE103A0B68D0ED007A02EB8302D2ED72
:10245000006AB8EEC77A77EEE67A82ED007A37EE58
:10246000277A0A22013380ED007A93FBF2F002FB17
:102470001033884A0B60117821B9002B40F0FB80A3
:1024800001231370F2EE047AD5F80080B8F1C80F7A
:10249000C7EE276A1CD8804BD3ED007AF8EEE77AB6
:1024A00077EEA67AFDEEE77A17EE900AC3ED007A92
:1024B00006D190FBF8F0F8F7EBFF784BC3E9000189
:1024C00008F101032B60002121200EF0AFFEABE7E5
:1024D000B8F5C87F724B13D8D3ED007AF8EEE77ADF
:1024E00077EEA67AFDEEE77A17EE900AC3ED007A52
:1024F000E6D1C82390FBF3F0F8F7CAFF694BDDE79C
:102500004FF0000AC3F800A0664BDFF890B1D3E9A2
:10251000008901222A60604A4046C2F800A049466C
:10252000DBE90023F8F766FEF9F7F4FA07EE900A04
:10253000BFEE007AF4EEC77AF1EE10FA5A4B04DAE5
:10254000CBE90089C3F800A0BDE7B7EE007AF4EE4E
:10255000C77AF1EE10FAF3D81A6801320A2ACBE9E9
:1025600000891A60AFD1C3F800A040464946F9F788
:10257000D1FAF8F79FFF4D4BDFF860810022F8F7A2
:10258000F1FF4B4B0022F8F7EDFFF9F7C3FAE946EC
:1025900088B0C8F800006D46464B6B61F8F78AFFBB
:1025A00000220023F8F728FE2A460423C5E9060185
:1025B00042F8103F4048414D00234FF4035101F0D1
:1025C000EDFB98ED007AB5EEC07AF1EE10FACD464B
:1025D000B2EE048A33D9F3EE0E6AC6EE877A9FED27
:1025E000380A77EEC87A27EE800A0FF0EBFCF0EE9F
:1025F000080AF0EE408A0FF01BFD9FED327ADFED06
:10260000327A48EE877A9FED317A40EE077AB7EE5C
:10261000007A87EE270ADFED2E7A30EE670ADFEDCB
:102620002D7A30EE270ADFED2C7A30EE670A20EEA5
:10263000080A0FF0A3FCC0EE087AC5ED007A95ED0C
:10264000000A20EE080A16F0CFFF6080FFF778FE40
:102650000028A0800DDB12F05DFAB6F90030A07101
:1026600000202380BD46BDEC028BBDE8F88F002022
:102670007FE70020F1E707EE903AF8EEE77A03E70C
:1026800074480020784100208041002084410020CF
:102690007C410020A578002074410020D82500202E
:1026A00070410020D02500206C410020000008402F
:1026B0000000303FA4BB0200A4A50200AC410020F2
:1026C00000007A443623703908B7973AB9DFEF3300
:1026D00033938843CDCC4C3D9A99993EB04100202C
:1026E0001FB5002304468DF80E300F2308468DF8E1
:1026F0000F3001232271114620600DF10F0200936B
:102700000DF10E0312F03BFA28B1114812F06CFDE6
:10271000002004B010BD9DF80E10332903D00D48E1
:1027200012F062FDF4E757222021204612F009FA48
:102730000028EDD080222221204612F002FA002843
:10274000E6D008222421204612F0FBF9E1E700BF81
:10275000C5BB0200E7BB020010B586B0A8238DF808
:102760000F30062300930C4604AB017900680DF18D
:102770000F0212F004FA011E05DA084812F034FDC7
:10278000002006B010BDBDF810302380BDF8123017
:102790006380BDF81430A3800120F2E70DBC020075
:1027A00010B50446837842780178104812F01CFD79
:1027B0000F4B22880F481A80A27884689A70A36809
:1027C0006BB923680A490B4801229847034660B158
:1027D000094A0A48BDE81040012113F086B998471C
:1027E0000028EED16FF02103F2E710BD2BBC0200F0
:1027F000A6780020B4A2020049BC0200B4A50200E1
:10280000F8B50C4F06460C460025A54200DBF8BD86
:102810003046FFF7C5FF002140F267600EF006FD6D
:102820003846FFF7BDFF40F2676000210EF0FEFC66
:102830000135EAE7B6BC020008B5094816F0F1F91F
:1028400030B9084A0848BDE80840012113F044B9EE
:10285000064812F0C9FCBDE808400548FFF7A0BFD4
:10286000B4A202005FBC0200B4A502007ABC020060
:10287000B6BC020001480A21FFF7C2BFBCBC02007F
:1028800001480A21FFF7BCBFB9BC02000148FFF7AD
:1028900087BF00BFB6BC0200054B1A783AB10022D0
:1028A0001A70044B044801221A700EF0DDB870470C
:1028B000AA780020A9780020B84100207FB516F042
:1028C000AAFD4FF47A73A0FB030603FB0161284BBA
:1028D000C40B44EA4144CE0BD3E90012611A66EB03
:1028E0000202322972F1000211DB2248C3E90046DC
:1028F0000569836803A95B6898471F4B28B92A6854
:10290000039D554015F4005503D0C3E9004604B0BB
:1029100070BDD3E90021A41A66EB0101B4F57A7FFA
:1029200071F10001154C0CDB154816F0C7FD154B75
:102930002570032214481A7004B0BDE870400EF0F0
:1029400093B8237833B10E4816F0B8FD0D4B2570BF
:102950000222EFE70123237000220023CDE90023A8
:1029600007484FF4804200230EF022FFCFE700BF5C
:1029700048260020ECA1020050260020AA78002062
:1029800010260020A9780020B841002010B5194C6D
:102990002178022917D0032920D0012910D1164A05
:1029A0001648032113F098F8154816F09FFB1548B8
:1029B000FFF7F6FE12484FF4F01200230EF0C2F8B3
:1029C0000023237010BD104A0C48032113F084F833
:1029D0000B4816F08BFBFFF74DFFF1E70B4A07485A
:1029E00013F07AF8064816F081FB0948FFF7D8FE85
:1029F000E6E700BFA9780020D0BC0200D4A4020002
:102A0000E0250020BFBC0200EBBC020007BD0200B5
:102A1000B6BC020070B5204C204616F002F938B959
:102A20001E481F4A012113F057F86FF0120070BDC5
:102A30002269A568136843F4005313602B68194A90
:102A40000D2120469847AE6936B14FF0C0634FF074
:102A5000A0720D212046B0471349144B4B604FF430
:102A600000538B60EB6913B10B4801229847002299
:102A70000F49104816F016FD0F49104816F0DCFA01
:102A80000F49104816F026FB04480F4A032113F0A3
:102A900023F80020CBE700BFECA10200D4A4020081
:102AA0001EBD020011000100C8410020BD28010028
:102AB00099280100102600208D290100B84100202E
:102AC0008D280100E02500202FBD020010B50D4C1F
:102AD000206816F0A6F820B90B48BDE8104012F0A7
:102AE00083BB206802698168136823F48033136014
:102AF0000B684FF420221021984708B90348ECE7EF
:102B00000348EAE7680A002050BD02006EBD0200DB
:102B100080BD02002DE9F04F91B08407009302F0D0
:102B200004030293C2F3C20303F10103DDF86890CA
:102B3000039205460E46059340F0BA81041D30B15C
:102B4000072909D86FF01B0011B0BDE8F08F01F024
:102B50000706341DC6F10806009B4FF00008591EF9
:102B60004FF0040A4FF0FF330193CDF81080474631
:102B7000C34653460DB1009820600598002800F325
:102B8000E8809848009A824203D397488242C0F076
:102B9000E080039AA4EB050E92074FEA9E0000F135
:102BA00003810F2F00F2B180002D00F0058107F1A5
:102BB00040020DEB020C019A0CF8200C0CF8102CC2
:102BC000049801300490E7E07A285DD84B280ED8AD
:102BD000472859D829282DD8252852D054D820281C
:102BE0007AD02338D0F1000B4BEB000B74E04C385B
:102BF0002E2849D8DFE800F070484848484848483F
:102C0000484848484B484848484848484859484B2D
:102C10004B595959704B6D487048184B18484882A9
:102C20007F4B48484B487F0000204FF0000B4FF08F
:102C3000040A38E02A38C0B2012202FA00F010EA91
:102C40000E0F49D110F0625C2FD110EA020B43D075
:102C50006046013C5444B4FBFAF40AFB04F4002D32
:102C600061D0A3EB050CA444B4453FF66BAF00283C
:102C700068D1042B47D159F8043B23600434042362
:102C80002AE0019A013A01924FF0000B24E011F87A
:102C9000010C6C2834D111F8023C00206C2B8346C7
:102CA000C5D14FF0080A5346D3E709F1070929F0C7
:102CB00007090734F9E802AB24F0070435B1069898
:102CC0002044B0423FF63EAFC4E900AB08344FF0B9
:102CD000000B4FF0080A534611F8010F002878D076
:102CE000BBF1000F7FF470AF2528F5D1019B0133B4
:102CF00001934FF0010B4FF0040AECE7584694E7BC
:102D000000208346A5E7082B02D06FF015001BE7D3
:102D100009F1070929F00709B9EC027B84ED007B72
:102D200008340823D8E768B9042B02D109F1040953
:102D3000A4E7082BE9D109F1070929F0070909F1EE
:102D40000809EDE705980138059059F8040B009043
:102D500010E7039A900720D5A4EB050E4FEA9E00DA
:102D60004FF0010CBEF5007FCFD20F2FCDD8F5B1BB
:102D700007F140020DEB020EC0B2019A0EF8200CD2
:102D80000EF8102CBCF1000F3FF41AAF60F07F007A
:102D90000EF8200C08F101080137C5F108020434CF
:102DA00006924FF6DA7E97E74FF0000CDAE7BCF1B7
:102DB000000F01D00136EFE7029A0236002AEBD16C
:102DC0000098CDE90631FCF7A0FBDDE906310644A9
:102DD000E2E7631BB3F5806F97D23DB9A6F1080413
:102DE000E018B1E6E8A00200DCE30200029A2860E5
:102DF0009B082B709DF81030C2B1EB7085F80280F3
:102E0000B8F1000F05D008A80022C5F1010C9742C7
:102E10000ED1C5F101030DF120094FF0000A019315
:102E20000DF1300B574512D1601B8DE66B70E5E755
:102E300010F8013B190608D504EB0C0EB64503F05B
:102E40007F033FF67FAE04F8013B0132DFE7B8F1C4
:102E5000000F03D099F90020002A17DB029BD3B1A1
:102E60001AF80B2004F8012B0022019B981820442B
:102E7000B0423FF667AE99F8000004F8010B0099E4
:102E80000392204616F001FC039A14440AF1010A49
:102E900009F10109C6E799F8002055F8223000939E
:102EA000029B45F822300098FCF72FFB421CDCE720
:102EB0006FF00D0048E600BF2DE9F04F97B000AF6E
:102EC00090F802A0D7F880B03B62CBF3C003044671
:102ED000FA62BB61894641B9457800780AEB800007
:102EE00020444D4517D8A0EB0409E378FB61BAF103
:102EF000000F02D01BF0010F16D1FB6953BBFB6A18
:102F00001BB13A6A4946204698474D4628465C37E9
:102F1000BD46BDE8F08F461C3046FCF7F6FA01309E
:102F2000304409F10109DCE7237862687A62FA6AC1
:102F30009900796104EB8301002A40F000814D463D
:102F40000E4601EB0A094FF000084E454CD101EB4B
:102F50000A0610E01BF0020FD1D023789A007A61A4
:102F600062687A62FA6A04EB8301002A77D14D46DF
:102F700001EB0A0690461BF0050F0CBF022301234C
:102F8000FB62FB6906EB430A0BF00203BB6256458A
:102F9000BCD016F8021B16F8013C54F82390AF4B36
:102FA000994502D3AE4B994536D3BB69002B40D02F
:102FB000786A12F0DEF800283BD0E9468AB06A460B
:102FC000A84B53617B6AC2E906314FF40073138446
:102FD000A54B42F8103FA54800234FF4125100F0D2
:102FE000DDFE023DCD46D2E716F8013BF96254F80A
:102FF0002300FCF78AFAD7F88430F96A01304BB124
:10300000D7F8883098453EBFD7F8843023F81800A9
:1030100008F10108054498E7BB6923B1786A12F00A
:10302000A8F80028C9D11BF0010F05D1FB6AED1AE1
:10303000ADE7BB6A002BAAD04846FCF766FAD7F882
:10304000843053B1D7F8883098453FBFD7F88420F3
:10305000431C22F8183008F10108054497E7BAF13B
:10306000000F72D01BF0040672D0D046002607F184
:10307000480052463B61B96216F007FBB96A3B69EA
:1030800001EB0A02BA62FA69F9695200FA60BA6A97
:1030900002EB41023A610BF00202BA603A69B96A86
:1030A0008A4257D162787A621BF0020F32440CBF19
:1030B0004FEA580100211BF0010FD2B240F09F806F
:1030C0001BF0040F14BF40460020BB616270A0706B
:1030D000E1703A6A7969FB6A20469847051EFFF657
:1030E00015AFBB6923707B6A6370FB69E37041466F
:1030F0003A6AFB6A84F802A007F148009847B0F1E9
:103100000008C0F2B5807B693A6AA9EB0A01C91AC6
:10311000FB68C91AD7E90A0398470028C0F2AA80B9
:10312000A84408EB00054FF0000B07F1380AB3453F
:1031300067D300213A6AFB6A08469847E6E6564696
:103140004FF0000807F1380093E75646D04697E75E
:10315000B04695E7BA6A12F8021BBA6212F8015C2F
:103160003E4A54F82500904202D33D4A90421ED375
:10317000BA6932B1786A7B6011F0FBFF7B68002886
:103180008CD1BA6802BB08F1280207F1300C08F1B3
:103190000100944407F1580252FA80F008F1020845
:1031A0000CF8101C5FFA88F800F8105C76E7BA6932
:1031B0003AB1786A7B6011F0DCFF7B6800287FF40D
:1031C0006DAF1BF0010F09D006F1280207F13000A6
:1031D000711C161806F8205CCEB25FE71BF0040FD6
:1031E0003FF45CAF08F1280207F1300008F101015B
:1031F00002EB000808F8105C5FFA81F84EE7002047
:1032000063E71BF80A3087F8373054F82390D7F873
:103210008430FBB133F81B803A6AFB6A012107F165
:1032200037009847002825DB0544B8F1000F06D188
:103230004846FCF76AF900F101081FFA88F83A6A73
:10324000FB6A414648469847002813DB05440BF1CA
:10325000010B6CE7D7F88480DEE700BFE8A002002E
:10326000DCE302008BBD020004000001DCA40200CC
:1032700045464BE6054649E6014B1860704700BFDE
:103280006C0A002030B587B00025CDE90301044663
:10329000009503A905480595FCF792FADDE904308D
:1032A0009842B8BF255407B030BD00BFC1510200DD
:1032B0000F2808B506D912F073FF092303604FF0F9
:1032C000FF3008BD30235843044BBFF35B8F1B58BE
:1032D000BFF35B8F002BEED00020F2E7780A0020CE
:1032E0000EB42DE9F741302545431B4C05F10C0682
:1032F00004EB050826444FF0FF324FF0FF3307463A
:10330000304611F0B2FFD8F804306059DB680AAAE1
:1033100040F2011101929847051E10DBD8F82C30BD
:1033200003F47042B2F5E04F05D011D803F45043D6
:10333000B3F5804F03D1302303FB0744A562304629
:1033400011F095FF284603B0BDE8F04103B0704787
:10335000B2F5004FEEE700BF700A002030B5302311
:103360001049434308330B44BFF35B8F1A68BFF324
:103370005B8FB2B1BFF35B8F541E53E8005F954281
:1033800004D143E8004CBCF1000FF6D1BFF35B8FD2
:10339000EAD1012A05D1302358430A1800230B50E3
:1033A000536030BD700A00202DE9F84F074689466A
:1033B0009246FFF77DFF002836DB30257D431C4C0D
:1033C00005F10C0604EB050826444FF0FF324FF0E0
:1033D000FF33304611F049FFD8F804306059D3F874
:1033E00000B0D8F8283052464946D847051E12DDAD
:1033F000D8F82C3003F47042B2F5E04F05D010D865
:1034000003F45043B3F5804F05D1302303FB074449
:10341000A36A2B44A362304611F029FF2846BDE879
:10342000F88FB2F5004FEFE74FF0FF35F6E700BF3A
:10343000700A00202DE9F84F074689469246FFF7AB
:1034400037FF002836DB30257D431C4C05F10C0688
:1034500004EB050826444FF0FF324FF0FF333046AF
:1034600011F003FFD8F804306059D3F804B0D8F84D
:10347000283052464946D847051E12DDD8F82C3070
:1034800003F47042B2F5E04F05D010D803F4504376
:10349000B3F5804F05D1302303FB0744A36A2B44C7
:1034A000A362304611F0E3FE2846BDE8F88FB2F57E
:1034B000004FEFE74FF0FF35F6E700BF700A00203E
:1034C000F8B50546FFF7F4FE00281ADB30246C43FC
:1034D0000D4F04F10C063E444FF0FF324FF0FF3326
:1034E000304611F0C2FE3B1938595B689B6898471B
:1034F0000446304611F0BBFE2846FFF72FFF20465A
:10350000F8BD4FF0FF34FAE7700A002070B50446AA
:103510000D46FFF7CDFE00280DDB0849302303FBE5
:1035200004F00C182B46095860684FF48372BDE80C
:10353000704011F08BBE4FF0FF3070BD700A00205C
:1035400073B504460D461646FFF7B2FE00280EDBA3
:10355000084B302202FB043340F201119B6A0093B6
:103560002A4633462046FFF7BBFE02B070BD4FF03F
:10357000FF30FAE7700A0020F0B5094E01680246F4
:103580000A2700200B4601311C78355D6D0701D4F8
:103590001360F0BD07FB0043A3F13000F2E700BF6A
:1035A00023E102002DE9F84F15469A46D378234AC5
:1035B00012F803B06F2B81460F460BF0030B2BD094
:1035C00026D8582B0CBF10260A26DDF82880324654
:1035D000002348463946F8F73DFB092A08F1FF3831
:1035E000D4B21ED83034B145E4B277F1000788F880
:1035F000004001D3D04511D82B789B0605D5082E65
:1036000015D1AB7843F00803AB704046BDE8F88FA6
:1036100003F0F703702BD5E70826D6E781460F465F
:10362000D5E7BBF1010F0CBF37345734DBE7102E61
:10363000EBD1AB7843F01003E6E700BF23E10200D3
:103640002DE9F047058B04462807904611D402293E
:1036500005F0070540F0CC80204612F0BBF878B1A9
:103660000138218B042811D8DFE800F0C2106D85E5
:10367000950001290CBF45F0100545F02005258374
:1036800088F31188BFF36F8FBDE8F08701F0070A58
:10369000AA4500F0A5800027B9463E46A368002B46
:1036A00000F0BC8041F00801218388F31188BFF34A
:1036B0006F8FA168002900F0BA800D68002900F022
:1036C000B680D1F80480334652462046C047002DCC
:1036D00076D02B6829461D46F0E701F007035A1FF4
:1036E000012A1BD8002221F00701062B276889B286
:1036F000C4E9002209D13B4603E0628B01326283B8
:103700001B68002BF9D141F002012183204612F001
:1037100061F800287AD041F0200176E0042B0AD12C
:1037200021F0070189B22183204612F053F810B12D
:1037300041F020012183218B01F0070AAA454FD0D7
:103740000027B946AAE7236921F0070141F00601E5
:10375000062DD3F8009021832DD1B9F1000F3FD071
:1037600041F00801218388F31188BFF36F8F3A4934
:103770002046C84729E021F00701236941F00401F0
:1037800089B2042DD3F804902183E6D000273E4669
:103790004FF0040A82E721F00701236941F0050197
:1037A00089B2052DD3F808902183D6D000273E4654
:1037B0004FF0050A72E700273E464FF0060A6DE714
:1037C0002B4687E7B9F1000FD1D1EFF311884023E1
:1037D00083F31288BFF36F8F238B23F008032383B7
:1037E000258BEA062ED525F01003238305F0070567
:1037F0006669218B002EBFF670AF00232768C4E9ED
:10380000003321F0070141F001012183218B01F0F8
:10381000070AAA454FF000097FF440AF002F9CD063
:1038200041F00801218388F31188BFF36F8F002FC7
:10383000C8D03D68394633465246204611F0F6FF5F
:103840002F46F4E7AB067FF51BAF25F0200323835B
:1038500005F0070500E700BF595802002DE9F047C1
:10386000DFF85880044607464FF0010914B938467E
:10387000BDE8F08794FAA4F5B5FA85F509FA05F3E1
:103880002E0108EB05156FEA030A24EA03042B7BDB
:10389000002BEBD058F806301B694BB94644042284
:1038A00073682846196807EA0A0700F063FADDE73B
:1038B000284698470028D9D1F0E700BFC4A50200E8
:1038C00030B51049104889B0002215F0EBFD0F4DBE
:1038D0000F4900220023CDE9062300240E23CDE961
:1038E0000334CDE901440B4B00944FF45072284649
:1038F0000DF0DAF9084928460DF05EF9204609B0C6
:1039000030BD00BF1D390100582B00205826002073
:10391000008E0020213C010045BE020001480CF051
:10392000C1BE00BF301400202DE9F04780461F487B
:103930000F4612F04BF80646002830D000252846E6
:10394000BDE8F087237B6BB12368DB680BB12046B1
:10395000984723681B69D3B9636804221968204615
:1039600000F008FA013610344C45EBD3B8F1000FE3
:10397000E5D0002DE2D02846FFF770FF0546002F66
:10398000F7D000214FF4A4700DF050FCF1E7204671
:1039900098470028E0D00AFA06F31D43E2E7044CFA
:1039A000DFF8109005464FF0010ADDE7E441002002
:1039B000C4A50200E4A50200014B53F820007047A3
:1039C00020AB020008B5034608462BB1044A136039
:1039D00000F07EFC002008BD6FF01500FBE700BF83
:1039E000700D002010B5044C237813B903480CF077
:1039F00059FE0123237010BDAB7800203014002045
:103A000010B504460B4811F0E1FF5CB1BFF35B8FCA
:103A1000094B53E8001F013943E80012002AF8D18E
:103A2000BFF35B8F054815F049FD0548BDE8104020
:103A30000CF038BEDC410020E0410020582B002073
:103A4000301400200020064BBFF35B8F014653E883
:103A5000000F43E80012002AF9D1BFF35B8F7047D3
:103A6000DC41002070B5FFF7EDFF084C084E05461D
:103A7000B44200D370BD63685B792BB123685B6887
:103A800013B12946204698471034F1E7C4A5020037
:103A9000E4A5020010B5044C0449204611F036FD9F
:103AA000034B1C6010BD00BF7C1200200CAB020059
:103AB000D4410020084A094808B500231370084A79
:103AC0001360084A4FF400411360FFF77BFFBDE825
:103AD0000840FFF7DFBF00BFAC780020C9590200E3
:103AE000DC410020E0410020014600220148002383
:103AF00011F02DBD7C120020014811F0C3BD00BFA4
:103B00007C120020024B0146186811F00FBE00BF66
:103B1000D4410020014811F044BE00BF7C120020B7
:103B200070B5284B187800284BD0FFF7E5FF054605
:103B300090B1BFF35B8F244B53E8001F013943E87A
:103B40000012002AF8D1BFF35B8F204C204EB44204
:103B50002DD32846FFF7D6FF1E4B1F4C1B68002BAA
:103B600019DD15F058FC4FF47A72A0FB020302FB3A
:103B70000131C30BD4E9002043EA41439B1A4FEAC9
:103B8000D13140F2E93261EB0001934271F1000161
:103B900001D3FFF767FFD4E9003213F57A7342F1DE
:103BA0000002C4E90032BDE87040FFF7B3BF6368AC
:103BB0005B7923B1236829461B6820469847103457
:103BC000C5E770BDAB780020E0410020C4A502002D
:103BD000E4A50200DC410020502B002070B50D4D03
:103BE000297861B90120FFF79FFE0B4C0B4EB442C0
:103BF00006D3FFF795FF0028FBD101232B7070BD82
:103C000063685B791BB1236820469B689847103432
:103C1000EDE700BFAC780020C4A50200E4A50200D7
:103C200000212DE9F0470846FFF77EFE044648B321
:103C300040F267684FF000090DF034FB1A4B186032
:103C400030B11A4B1B68092B02DD19480CF02AFD14
:103C5000184FDFF85CA0002544B12046FFF7FEFDB9
:103C6000044618B94FF0FF384FF0FF39FFF758FFFF
:103C7000064628B9B5B942464B4650460CF038FDC9
:103C80003546E9E74FF0FF384FF0FF39D4E72B68AE
:103C90009B691BB100221146284698471035BD424A
:103CA000F5D3E8E7044DFAE7D8410020E0410020D1
:103CB00030140020E4A50200C4A5020013B5184882
:103CC00011F084FE174B1B7873B1EFF3118440237E
:103CD00083F31288BFF36F8FFFF722FF84F31188FD
:103CE000BFF36F8F02B010BD0F4B1B68002BF9D0D4
:103CF00050B900220023CDE900230C484FF40042C4
:103D000000230DF055FDEDE70928EBD1074815F02C
:103D1000D5FB074802B0BDE810400CF0C3BC00BFA3
:103D2000E0410020AC780020D8410020582B002032
:103D30003014002010B5064B1B68044698472146F6
:103D4000A060044811F07FFCBDE81040FFF7B6BF4B
:103D5000700D00207C120020044A054B9B1AB1EB29
:103D6000D30F34BF52F83100002070475CA402002A
:103D7000C4A50200084BC31A10B41B1144680133D8
:103D8000237143689A7143681960436801225A712C
:103D90005DF8044BFFF726BEC4A502002DE9F04FE5
:103DA0008FB004AFC1F34A28B8600D4691467B60DE
:103DB0000C0DB8F1000F63D0002607F114034FF08B
:103DC000040B4FF00A0AC7F80C80C7E907667E6249
:103DD0000193CDF808B0CDF800A007F11C03F968F5
:103DE00032464846FFF768F8B0F5006F03461CD32B
:103DF0006C468AB0D9F8041004AB2648C3E9050123
:103E000040F2FF71D9611A464FF400711984224BB8
:103E100042F8103F214833464FF41251FFF7BEFFDE
:103E2000A5462C37BD46BDE8F08FC0F30A0804F163
:103E30001700184420F0070080083B60FFF754FE8D
:103E400068F35325044690B13B68154AC7E9083624
:103E500000F1100107F11403F961CDE900A3CDF8D9
:103E600008B0F96807F11C034846FFF725F868F326
:103E700053257B68B9682A46204611F0DDFDD0E75E
:103E800004F1170020F007008008FFF72DFE04461C
:103E9000EDE700BF5ABE02000400000114A50200B5
:103EA0000D5A02002DE9F04F87B0DDE91279DDE906
:103EB000105A0446039193469846BFB1CDF800903E
:103EC0003B46524610210020CDF81490FEF722FE0A
:103ED000B0F5006F06460AD3184A194840F2FF733E
:103EE000022107B0BDE8F04F11F0FFBD3E4605F1DD
:103EF0001700304420F0070004F007048008FFF7A3
:103F0000F3FD0BF0070BE40044EA8B1444EA46246B
:103F100044EA0554054640B13FB1CDF800903B4618
:103F2000524631461030FEF7F5FD039943462246CE
:103F3000284607B0BDE8F04F11F07EBD99BE0200E3
:103F400014A50200406820B1034BC01A40F3CF0013
:103F500070474FF0FF3070475CA402000EB403B509
:103F600003AB014653F8042B0448019311F0EEFD16
:103F700002B05DF804EB03B0704700BF5B5B02006A
:103F8000CA0605D48B064CBF02490349FFF7E6BFBA
:103F9000704700BFD2BE0200D1BE02002DE9F04F33
:103FA0008BB09A46169B06939DF854B0179B0593C9
:103FB000189B199E049304460D469046BBF1000FD2
:103FC00000F09E8006F00103089306F008030793B3
:103FD00006F48073099311F017FD06F002090246FA
:103FE00000283BD08F492046FFF7B8FF0746B9F1BC
:103FF000000F08D016F0440F32D18B492A462046D4
:10400000FFF7ACFF0744089B53B1884B884953F82E
:104010002B20884B2046002A08BF1A46FFF79EFF38
:10402000099B002B48D0079B002B62D1B8F1000FF1
:1040300064D0814942462046FFF790FF0546069B23
:104040003D44002B6BD1049B002B71D1F30700F191
:10405000E38031462046FFF793FFD7E00746C6E7E7
:10406000764B18680028CDD0754B4FF47A791B68D1
:10407000B5FBF3F54FF46161B5FBF0F300FB1355AD
:1040800009FB05F54FF03C0CB3FBF1F201FB1231DB
:10409000B5FBF0FEB1FBFCF300FB1E550CFB13114E
:1040A00009FB05F50091B5FBF0F56649CDE901E5A1
:1040B0002046FFF753FFA5E7079BEBB1624B63492F
:1040C00053F82B202046FFF749FF0546B8F1000FB3
:1040D00005D0594942462046FFF740FF0544BAF152
:1040E000000FACD05A4952462046FFF737FF05442F
:1040F000A5E74FF0000AE1E7079DE7E745469EE7A1
:10410000BAF1010F069B06D1002B65D1049B002B51
:104110007CD000250CE0002BF8D04E485DE04E48E6
:10412000069B4E49224610F0F3FF049B002B69D0FA
:10413000DFF83C81DFF83C91049F3146102F204688
:1041400028BF1027FFF71CFF4FF0000A554546DC3B
:10415000059B49461A782046FFF700FF4FF0010AF9
:104160001AF0070F03D141462046FFF7F7FE5745E7
:104170003CD9059B494613F80A202046FFF7EEFE7E
:104180000AF1010ABAF1100FEAD1354920464FF081
:10419000000AFFF7E3FE5246059B9A5C314B995C9F
:1041A00011F0970F08BF2E222F492046FFF7D6FEA9
:1041B0000AF1010ABAF1100F1DD01AF0070F03D14E
:1041C00041462046FFF7CAFE57455246E4D84146CD
:1041D0002046FFF7C3FEEBE71F485D46A0E74146D8
:1041E0002046FFF7BBFE0AF1010AAFE71F49204650
:1041F000FFF7B4FEC4E7059B3B440593049BDB1B20
:10420000049399D1BBF1000F7FF420AF20460BB08F
:10421000BDE8F04F11F08DBC064A05492046FFF776
:104220009DFE16E7D9BE0200DDBE020030AB0200E3
:1042300000CA0200D4BE020002BF0200EC4100200E
:10424000E8410020E6BE020044AB020006BF0200C7
:104250000CBF0200915B02005B5B02004D5B020041
:104260001BBF020023E102001DBF020017BF0200B6
:1042700019BF020011BF020073B542F20F738B42E7
:1042800028BF0B4605680F4A04460521684610F012
:10429000B8FF63680C495B6806460B22284611F09C
:1042A0003AFC63683246694628465B6811F033FC85
:1042B000636806495B681B22284611F02CFC02B09B
:1042C00070BD00BFADDF02003CBF020020BF020096
:1042D000074A00210123904206D8064A01B901236A
:1042E0001360054B1860704740085B000121F2E73E
:1042F00040420F00E8410020EC410020014B012228
:104300001A707047AD780020014B0020196070478B
:10431000044200200148FFF7AFBF00BF74AB0200AA
:1043200010B5064B18680C46FFF746FB21460346BE
:10433000BDE8104002480F22184700BF0442002089
:1043400074AB0200F8B5094D094B0A4ED5E9004798
:1043500001221A700CB92C60F8BD214630463A464D
:1043600000F01EF8241A0644F4E700BFF8410020CC
:10437000AE780020AF78002010B9074B1870704756
:10438000064B1B781BB141F2883014F045BCA420C9
:1043900000210CF04BBF00BFAD780020AE780020AC
:1043A0002DE9F843DFF878901C4F80460E46042430
:1043B00099F8005095B90BF0C1FD284632464146A8
:1043C0000BF06EFD05460BF0C3FDE5B101233B701C
:1043D00099F8003073B93046BDE8F883324641465B
:1043E00000200BF05DFD0546EFE72046FFF7C4FF18
:1043F000651E2C4600200BF097FD0028EBD03B7883
:10440000002BF2D1E7E73B78002BE4D0013C2046BB
:10441000FFF7B2FF3B78002BCAD1DCE7AD78002074
:10442000AE780020F8B5074F0D4604464618B44252
:1044300001D12846F8BD14F8011BBB6801485B6830
:104440009847F4E728A20200014B03600020704760
:10445000B8AB020008B5044810F0C6FEBDE808403D
:10446000024810F0C1BE00BF92BF0200C7BF0200E9
:104470000449431E0F3013F8012F8A5C1A708342DF
:10448000F9D17047F5BF0200F0B5264E07460C463D
:104490000FCE8DB001AD0FC50FCE0FC596E807004A
:1044A00085E807003846002F38D0002C38D0381F58
:1044B0002146024610344B780D781B0443EA05630D
:1044C000CD782B438D78043143EA05238C4242F8A2
:1044D000043FF0D1144C04218A07036916D1C3F3B9
:1044E0000742A55C1A0EA25C42EA0562C3F30725E7
:1044F000DBB2655DE35C42EA054242EA032221F059
:10450000030330336B4453F82C3C534050F8042FD2
:10451000013153402C290361DED101200DB0F0BDE3
:104520002046FBE7F0A50200F5BF02002DE9F84F99
:10453000804600AF0C46002965D0E9468AB0D1E933
:104540000012A3686D4639482E464FF0050AC5E9AA
:104550000501C5E9072346F810AF35483246002368
:104560004FF42151FFF71AFCCD46D4E903126369D9
:10457000AD463048C5F810A0C5E90501C5E90723D7
:104580002B48002332464FF42151FFF707FCCD465C
:10459000E369294A2648DFF8B0B0012111F0A5FAF5
:1045A000264600254FF00A0AE9468EB0D6E908E013
:1045B000D6E90A136A46C2F81CE005F1010EC2E909
:1045C00008E0A81CC2E90A01E91CC2E905B5C2E974
:1045D0000C1342F810AF1648002345F24001043591
:1045E000FFF7DCFB102DCD4606F11006DCD1236E63
:1045F000124A0F48012111F078FAA369104A0C48B9
:10460000012111F072FAB8F1010F07D1EFF3058320
:104610000C4A0748103B414611F067FA21464046D4
:104620000BF0B2FCBD46BDE8F88F00BFF5C002003C
:104630004CA5020024C1020053C10200A5C1020022
:10464000B4C10200E2C1020062C1020030BFFFF744
:10465000FDBF00BF074A936893F90E10002907DBDE
:10466000926993421FBF044A536843F080535360DA
:10467000704700BF1C48002000ED00E070B5294CD9
:1046800006460D462848294911F033FDA36AD9048E
:104690003CD52548264911F02CFD1720A36A1A05A0
:1046A00004D52148234911F024FD18201D4CA36A8C
:1046B0009B0512D51C48204911F01BFDA36BA26A73
:1046C000100409D51D4A1848012111F00EFA1EB137
:1046D000A36A23F40043A3621920124CA36A59056C
:1046E00004D51148164911F004FD1A20A36ADA0511
:1046F0000ED50D48134911F0FCFC1B20094A936AA2
:1047000043F47F43936200232B7070BD1620C5E7EE
:10471000A36A9B04F2D504480B4911F0EAFC1C2063
:10472000ECE700BF00ED00E04CA50200F5C102007F
:104730000BC202001CC202002FC2020048C20200CB
:104740005DC2020078C2020090C2020010B5204C87
:104750002049214811F0CDFCA36A990136D51E48A5
:104760001E4911F0C6FC1E20A36ADA0104D51A48BE
:104770001B4911F0BEFC1F20154CA36A1B0304D576
:104780001548184911F0B5FC2120A36A590304D536
:104790001148154911F0ADFC22200D4CA36A9A0373
:1047A00004D50D48114911F0A4FC2320A36ADB03B2
:1047B00004D509480E4911F09CFC2420044A936A50
:1047C0006FEA03436FEA1343936210BD1D20CBE7EA
:1047D00000ED00E0BFC202004CA50200D7C20200FB
:1047E000EAC2020004C3020022C3020047C302005F
:1047F00061C302002DE9F843364D804689463648AC
:104800003649174611F075FCAB6ADE0627D53449E8
:10481000314811F06EFC1124AB6A1D0704D53149F3
:104820002D4811F066FC12242A4DAB6A980718D562
:104830002D49294811F05DFC6E6BAB6A190646D50F
:104840002A4A25483346012111F04FF9B9F1000FEA
:1048500003D0AB6A23F08003AB62132403E010247F
:10486000DAE76FF015061B4DAB6ADA0704D520496D
:10487000194811F03EFC1424AB6A9B0604D51D496F
:10488000154811F036FC1524124B9A6AD50602D44D
:104890009A6A90070AD55B68190507D541463046E4
:1048A00000F01EFB10B180F309880224094B9A6ABC
:1048B000920642BF5A6A22F400525A629A6A42F041
:1048C000FF029A6200233B702046BDE8F8836FF038
:1048D0001506C2E700ED00E04CA502008CC3020003
:1048E000A2C302001CC20200D5C30200EDC3020035
:1048F00003C4020090C202002DE9F041634B9CB05A
:10490000D3F8048000AF0546C8F30804002686F3F8
:104910001188BFF36F8F02F07F43B3F17F4F07D150
:1049200002F00C03082B12D159495A4811F0E1FB4F
:10493000002635460023FB71E31E092B00F284801C
:10494000DFE803F00A7A7D77828282828280100714
:104950004CBF0D460126EDE74F494E484B4C11F038
:10496000C8FB0023FB71E36A9A0705D54B49494808
:1049700011F0BFFB002433E0E36A002B01DA484961
:10498000F5E7E36A5B00F5D54649424811F0B1FB13
:104990006369AA6943F480736361BFF34F8FBFF308
:1049A0006F8F636932F8022C23F480736361BFF365
:1049B0004F8FBFF36F8F4DF602739A4209D0A36AEF
:1049C000DBB24BB3FA1D01212846FFF713FF044663
:1049D00006E02B68344A2F48012111F086F82C6834
:1049E000FB79ABB96822294607F1080014F04DFEA7
:1049F0007B6A002E44D0C3F3080222B96FEA532326
:104A00006FEA43237B6207F108012046FFF78EFD22
:104A10007037BD46BDE8F081A36A13F47F4F04D020
:104A2000F91D0120FFF72AFED1E7A36AB3F5803F05
:104A3000A0D3FFF78BFECAE7FA1D0021C4E7F91DDA
:104A40000020EFE7194992E7194A1A4B18F4F87F4A
:104A5000E8468AB018BF13466A461749C2E90513EB
:104A60004FF400731384103C144BD46142F8103F90
:104A7000084800234FF41151FFF790F9C54679E734
:104A800023F4FF7323F00103BCE700BF00ED00E057
:104A900050C402004CA502007BC4020092C4020074
:104AA000B3C40200C1C40200E0C40200FCC402009E
:104AB00037C4020022C4020020C502000400000125
:104AC000044B5A6942F010025A615A6922F00802F6
:104AD0005A61704700ED00E0EFF30880EFF30981C1
:104AE00001B57246FFF708FF01BD00BF002080F34B
:104AF0001488BFF36F8F09F00BFD00200D4908608B
:104B0000BFF34F8F0C4880F3088800F02BF840204B
:104B100080F3118809484FF40461401880F3098834
:104B2000EFF314800221084380F31488BFF36F8FE2
:104B300000F034F994ED00E000B2002000A0002065
:104B40000749D1F890200023C2F307221846934268
:104B500000DB7047C1F89830C1F8A0000133F6E7D8
:104B600000ED00E008B572B6002383F31388FFF769
:104B7000E7FF144B4FF0FF32C3F88020C3F88420C6
:104B8000C3F88820C3F88C20C3F89020C3F8942081
:104B9000C3F89820C3F89C20C3F88021C3F884216F
:104BA000C3F88821C3F88C21C3F89021C3F894215D
:104BB000C3F89821C3F89C2162B6BFF34F8FBFF3AF
:104BC0006F8F08BD00E100E0084B9B6883420BD16A
:104BD000EFF3058343B1064B5A6842F080525A60A6
:104BE0005A6A22F400425A6214F0B7BB1C480020F3
:104BF00000ED00E00A4A93686FF00A01C3F8B010B4
:104C00000849C3F8AC004B6843F080534B60002365
:104C100083F31188BFF36F8F9368D3F8B0007047A8
:104C20001C48002000ED00E010B5124A91680346D0
:104C300081F8F500EFF31181402181F31288BFF371
:104C40006F8F906990600C4A4FF00061516090F84E
:104C5000F54023F0FF0300221C43D0F8AC30C0F82D
:104C6000AC2083F31188BFF36F8F00F0D5F9204695
:104C700010BD00BF1C48002000ED00E019498A6803
:104C800082F8F5E04FF030001044EFF3098C80E833
:104C9000F01F1EF0100F03D102F1B40080EC108A57
:104CA00074467046FFF7C0FFA6460E498A688646DE
:104CB0001EF0100F03D00023E1EE103A03E002F1E2
:104CC000B40090EC108AEFF3148323F0040383F311
:104CD0001488BFF36F8F02F1300090E8F01F8CF35F
:104CE000098870471C4800201EF0040F0CBFEFF32A
:104CF0000880EFF30980816911F8021C0229FFD0B6
:104D000001B511F0EBF901BD40B2002807DB044A00
:104D10004109012300F01F00834042F82130704711
:104D200000E100E040B200280CDB4309064900F036
:104D30001F0020330122824041F82320BFF34F8F10
:104D4000BFF36F8F704700BF00E100E0054B4209E1
:104D500000F01F0053F82220012303FA00F0104056
:104D6000704700BF00E100E040B2D30754BF0231FA
:104D700000210028ACBF00F16040074A4FEA411310
:104D8000ACBF00F5614000F00F00DBB2B4BF1354BC
:104D900080F80033704700BF14ED00E0144A08B5F6
:104DA000144B22F07F029A60BFF34F8FBFF36F8FD7
:104DB000D3F8882022F47002C3F88820D3F8882022
:104DC00042F4A002C3F888204FF04042C3F83422D6
:104DD000BFF34F8FBFF36F8F0023E1EE103A0BF05C
:104DE000BFF90CF01BFB00F0EDF80BF001FA00BF6F
:104DF0000000000000ED00E0017B890709D5D0F834
:104E00009C104031C0F89C10D0F8A0104039C0F878
:104E1000A01042F8203C009B42F81C3C0F49019B2B
:104E200042F8183C029B42F8143C21F001014FF07B
:104E3000807342F8043C42F8081C0023C0F8AC30F0
:104E4000037B13F0020FA2F120024FF6085308BFB4
:104E50004FF47D430265C0F8F43070471D520200E4
:104E6000037B13F0020F1D4B03D190F8F520D206FF
:104E70001BD45A6B42F080425A63D0F8F4301907C1
:104E80000DD443F00803C0F8F430D0F89C30403320
:104E9000C0F89C30D0F8A030403BC0F8A030037B75
:104EA00043F002030373802070475A6B22F0804264
:104EB0005A63D0F8F4301A0701D44020704723F029
:104EC0000803C0F8F430D0F89C30403BC0F89C3068
:104ED000D0F8A0304033C0F8A030EEE700EF00E09B
:104EE0000D4A03469068A8B1D0F8F420D0F89C0091
:104EF00012F0080F0CBF4022802213F1160F04D0CD
:104F0000821A9A4205D8834203D2814228BF0020E8
:104F100070470020704700BF1C480020104B9B6862
:104F200083421AD1EFF30580B8B9EFF31181402223
:104F300082F31288BFF36F8F1A7B22F002021A737A
:104F4000EFF3148323F0040383F31488BFF36F8F0C
:104F500081F31188BFF36F8F70476FF015007047B2
:104F60001C48002008B515460E460022E1EE102A26
:104F7000EFF3148222F0040282F31488BFF36F8FE0
:104F8000BFF36F8F094A906000F046F82C4686F315
:104F900009884FF00000064B984720464FF000016B
:104FA0004FF000024FF00003024C20471C48002045
:104FB000036102001D520200014B10221A6170476A
:104FC00000ED00E0044800234021C2180133272BE4
:104FD00082F80013F9D1704700E100E008B5EFF363
:104FE0000583064A103B02EBC30152F833004968BF
:104FF0008847BDE80840FFF72DBB00BFC8A20200EC
:10500000024B034A0348012100F090B80000012040
:1050100000000020B8AB020010B50446FFF720FFE7
:10502000D4F89C2003460548D21AC0E90023044B5B
:105030008360BDE81040012100F082B834420020B6
:1050400000000B1508B503461048D0F89020C2F3B5
:105050000722013A934207D90D480E4A012110F068
:1050600044FD6FF0150008BDC0F898300A6822F0C2
:105070001F021A4342F01002C0F89C208A6842F0D6
:105080000102C0F8A0201846EDE700BF00ED00E0E7
:1050900034A5020037C50200F0B50E4685B01F46A4
:1050A00004460025B5420DDA606810B397B1431E7F
:1050B00018420AD0104A11482B46012110F015FD64
:1050C0006FF01502104605B0F0BD1F28F2D9216817
:1050D0000B42EFD12368019311F036F8A36801A9C0
:1050E0000343D0B20393FFF7ADFF10F1160FE7D0E3
:1050F000421C01350C34D5E75DC5020034A5020021
:10510000044B0522C3F89420BFF34F8FBFF36F8F7A
:10511000704700BF00ED00E0BFF35F8F024B00223D
:10512000C3F89420704700BF00ED00E010B5034CB9
:1051300001232278FFF7B0FF207010BDC078002057
:1051400008B50B4A00231278FFF7A6FF10F1160FDF
:1051500007D0084A0021D2F89030C3F307239842C1
:1051600000DB08BDC2F89800C2F8A0100130F2E7D9
:10517000C078002000ED00E02DE9F0435748584981
:10518000D0F890300D68C3F307239D4285B000F23C
:10519000A180FFF7C1FF49680022954201F10C018F
:1051A0001AD1504C504F25706846FFF74DF9DFF883
:1051B0003C81DFF83C9106460025AE421FD12378A2
:1051C00046490020D1F89020C2F3072293427BDBAE
:1051D000FFF796FF00204CE0C0F8982051F80C3CF7
:1051E00023F01F03134343F01003C0F89C3051F821
:1051F000043C43F00103C0F8A0300132CDE7009831
:1052000000EB05114FEA051CCB683B40B3F5000FDE
:1052100044D00AD8B3F5001F2ED0B3F5800F34D098
:10522000B3F5801F10D00135C7E7B3F1807F3ED0C2
:10523000B3F1007FF7D150F80C3088684A6810F05D
:1052400083FF40F4802009E050F80C3088684A68F9
:1052500010F07AFF40F0885040F43020039001A90C
:105260002078CDE90123FFF7EDFE002828DA6FF062
:10527000150005B0BDE8F08350F80C3088684A6826
:1052800010F062FF40EA0800E8E750F80C30886848
:105290004A6810F059FF40EA0900DFE750F80C3087
:1052A00088684A6810F050FF40F08270D6E750F8E6
:1052B0000C3088684A6810F047FF40F08870CDE7EE
:1052C000237801332370AEE7C1F89830C1F8A0000D
:1052D000013377E74FF0FF30CBE700BF00ED00E090
:1052E000C4AB0200C07800200000F0FF00000811ED
:1052F00000000207014B1860704700BF7C0D0020C2
:10530000F8B50A4F0D46461EC0F10104A3199D428F
:1053100001DC2846F8BD73780A2B02D13B680D20CA
:1053200098473B6816F8010F9847EFE77C0D00207F
:1053300010B5074C2368C2180648C0F1005101F5AA
:1053400080318A423ABF2260C0184FF0FF3010BD52
:105350004042002020F8002008B505480FF044FF27
:10536000002383F31188BFF36F8F0423184602DFF5
:105370008FC502002DE9F74FD0E9008BBBF1000F7C
:105380000E4632DA6548664A664C674F18EB0000F5
:105390004FF000036BF10001F6F70CFC24228A4663
:1053A0000546894604FB00840021304614F07BF951
:1053B000EF194AF1000301935C4B98454FF0FF331E
:1053C0007BEB030322DB281D49F10001564F072226
:1053D0000023F6F7EFFBEF1949F10003B2610193E7
:1053E000534A01990023384626E04D4A4D4C00238C
:1053F00040465946F6F7DEFB24220546894604FB63
:1054000000840021304614F04EF9DCE7681D4AF1B3
:10541000000107220023F6F7CDFB464B984502F129
:1054200006025BF10E0BB261DADA4348404A2818F3
:105430004FF000034AF10001F6F7BCFB3F4901FBC6
:10544000007148F6AC62B1FBF2F20A4440F2B45388
:10545000B1FBF3F5521B4FF06408394DB1FBF5F584
:10546000521B40F26D15B2FBF3F3B2FBF5F7B7FB3D
:10547000F8FEAEEB03030B4405FB17334FF4C87C77
:1054800000FB0C70992103EB830C0CF1020C03F16F
:105490000109BCFBF1F5694302314FF0050AB1FB8C
:1054A000FAF1A9EB010140F2F959CC458CBF6FF03C
:1054B000080C4FF0030C6544A0F26C70022D98BFED
:1054C0000130B3F5997F05F1FF3517D3A3F5997333
:1054D0004FF46162F361B4FBF2F302FB13443C222C
:1054E000C6E90450B3603046B4FBF2F302FB134448
:1054F000F1607360346003B0BDE8F08F17F0030F04
:1055000002D108FB1E773FB9B2F5B67F8CBF0022EF
:1055100001223B331344DBE70122FAE781AEFEFFB1
:105520008051010080AEFEFF6CFA0A0000BAFAFF5B
:10553000B13A0200009EDA86BCBF08004FC5FDFFED
:10554000B03A020038B5084C0025204613F052FC52
:1055500004F11400013513F00CFE052D04F12404B0
:10556000F3D1002038BD00BF4442002038B5064DBD
:1055700000242846013413F0FCFD052C05F1080534
:10558000F7D1002038BD00BFF842002038B5064DE5
:1055900000242846013413F02DFC052C05F11405D8
:1055A000F7D1002038BD00BF204300200B4B0C4A30
:1055B00030B51C460025191BB1F5986F01D90020A4
:1055C00030BD506803F58071C3E94020016003F5E8
:1055D000987303F8085C5160EDE700BF902B002042
:1055E000800D002070B54169867A0B4D044659B193
:1055F000437ADB0706D42C2303FB06535B6A1B6844
:105600009B689847002363612C20214606FB0050CD
:10561000BDE8704013F07EBC78140020024B2C22B1
:1056200002FB0030704700BF78140020827A064BDE
:105630002C2101FB02339A6A1B7F1B33801A23F053
:105640000303B0FBF3F070477814002038B5074B24
:10565000827A2C2404FB02335B6AD3E901240C60B8
:105660001568FFF7E3FF04FB005038BD78140020F5
:105670002DE9F04F85B005466846039190461C46DB
:1056800091469B4613F0C9FEDDE90067EFF3118AEE
:10569000402383F31288BFF36F8F6B8B002B42D0B4
:1056A0002A8B9A4226D90022002328460AF0C8FFF6
:1056B0000446F8B18AF31188BFF36F8F039B002B68
:1056C0004ED032463B46684613F0CBFEA27A2D4BB5
:1056D0002C2101FB023320465B6A1B6803A91D686D
:1056E000DDE90023A847606100283AD12046FFF792
:1056F00079FF2AE0698B4B1E6B838AF31188BFF315
:105700006F8F2B7F2A8BAC6A1B3323F00303521A53
:1057100002FB03441B4B1C4AEB1A9B105343A3721E
:105720002B7FE372CAE78AF31188BFF36F8F54EAC5
:1057300008040FD14FF00009CB464A465B46284685
:105740000AF07EFF04460028B8D10024204605B0A8
:10575000BDE8F08F0BF0A6FD0C4B8342EDD1E9E7DD
:105760006361012300252381039B6382E27A6560E4
:10577000294604F1180013F096FF63692582E3605F
:10578000E4E700BF78140020A38B2EBAF83E002077
:1057900070B50C4C2C2500B970BD037A4668013BEE
:1057A000DBB20372002BF7D1C3604360837A05FB41
:1057B00003431B6A13B198473046ECE7FFF712FF2B
:1057C000FAE700BF78140020044A0123C2F84035EC
:1057D0004FF080420020C2F87835704700E0014069
:1057E00020B1034B800143F001031847704700BF0D
:1057F00040A8020008B5044813F013FA00280CBFB3
:105800006FF01200002008BD00A202000E4B4029DC
:1058100070B528BF40210D4C46181D46B04203F11B
:10582000020304D1002305F81130074870BD027847
:105830001209A25C03F8022C10F8012B02F00F02EF
:10584000A25C03F8012CE9E7DF78002024C60200FF
:1058500030B503788BB0044607AD032B21D8DFE8C1
:1058600003F0021A1C1E1249284614F0A2F80595EE
:1058700063780493A3780393E378029323790193E5
:1058800063790093A3790B4A0B481E210FF0B9FCF2
:1058900009480BB030BD0949E6E70949E4E7094981
:1058A000E2E7094A0A2128460FF0ABFCDFE700BF18
:1058B00016B8020038B80200C17800201DB80200F6
:1058C00024B802002EB80200ECD5020030B50A4D13
:1058D0000A4B85B0002428460293039413F0F3FB8F
:1058E00002AB0093284606490A234FF4A8620BF046
:1058F000C1F8204605B030BD8031002035C6020019
:1059000080910020014601480BF0F2B88031002060
:105910000378012B30B513D0022B27D07BB9194B5C
:105920000A4603F1100453F8045B42F8045BA342F7
:10593000F9D11B78137043884B731B0A8B7330BDEE
:10594000104B0A4603F1100453F8045B42F8045B61
:10595000A342F9D11B78137043684B73C3F307223A
:105960001B0CCB731B0A8A730B74E8E700F110035E
:1059700050F8042B41F8042B9842F9D103780B70AE
:10598000DDE700BF3EC6020038B50546054810F009
:1059900019FC044620B101210C3010F068FC25767A
:1059A000204638BD541500200F2810B50ED80D28FC
:1059B0000ED90B4810F006FC044628B101210C302A
:1059C00010F055FC01232376204610BD1328F0D09B
:1059D00009B10448EEE7BDE810400120FFF7D4BF4D
:1059E00080150020D0140020C368034A1B780348A8
:1059F000022110F05EBD00BF5EC602009CA4020042
:105A000070B5C6683378B6F8014083B90F212046D7
:105A100002F0E8FCF378054650B90A4A118831B91A
:105A20006FEA04506FEA10501080074A137070BD7F
:105A30004372012102F0F6FB2846BDE8704002F0F7
:105A4000C7BB00BF764800206079002070B5C368EE
:105A50001D78BDB9B3F801600F21304602F0C2FCD9
:105A6000044638B93346084A0848BDE87040012169
:105A700010F01FBD294602F0D5FB2046BDE870405E
:105A800002F0A6BB70BD00BF86C602009CA4020047
:105A900010B5C368B3F801400121204602F0A2FC12
:105AA00038B92346054A0648BDE81040012110F0E8
:105AB00000BDBDE8104002F08BBB00BFACC60200C9
:105AC0009CA4020010B5C3681C880121204602F086
:105AD00089FC38B92346054A0548BDE81040012134
:105AE00010F0E7BCBDE8104002F072BBACC602008B
:105AF0009CA4020010B501210C3010F0EAFBBDE8B7
:105B000010400378024A0348012110F0D2BC00BFC4
:105B1000D0C602009CA40200014610B5084810F04F
:105B200055FB0849084813F0A3FA031E06DABDE83E
:105B30001040064A0648012110F0BBBC10BD00BF52
:105B4000D4080020A80D002098320020F2C60200E0
:105B50009CA4020010B5084C0146062294F86F0080
:105B600002F0F2FE38B994F86F000449BDE8104025
:105B7000052202F0E9BE10BD880700200AC6020017
:105B8000024A0348012110F092BC00BF0FC7020077
:105B90009CA40200B0B50B460D8A00AF044629460E
:105BA000D868FFF733FE8AB06A46094BC2E905346C
:105BB00040F202439384074BC2E907504FF432513D
:105BC00042F8103F044810F085FCBD46B0BD00BF50
:105BD00029C70200050000019CA4020070B5C56839
:105BE000B5F801600121304602F0FCFB044638B9EB
:105BF00033460D4A0D48BDE87040012110F059BCF4
:105C00002B783BB9D5F80330C0F89530D5F807307C
:105C1000C0F89930201D4FF4804110F04CFC204614
:105C2000BDE8704002F0D4BAACC602009CA40200E9
:105C3000B0B53C2800AF04461AD101F003FE6FF066
:105C40008001103010F049FC0020FFF783FF05466B
:105C500030B9124A1248012110F029FCBD46B0BDEE
:105C60004472002102F0DEFA284602F0B1FAF5E7AC
:105C70006D468AB06A460B4BC2E905300A4BD361C8
:105C800040F201331384094B42F8103F04484FF4AB
:105C9000125110F01FFCAD46E0E700BF4BC70200F9
:105CA0009CA402006CC70200D3BE020004000001E5
:105CB00037B502EBC303044608469A4202D16FF09F
:105CC0005E0010E0114611F8085BA54211D1038A6D
:105CD0005178994209D90848084A009401210FF0E7
:105CE0000EFF6FF0150003B030BD536898470020D9
:105CF000F9E70A46E1E700BF9CA4020088C702005A
:105D000073B53E4810F077FA0446002873D0017E40
:105D1000012945D003296BD1038A032B02D8384AC5
:105D2000012141E004210C3010F0D3FAFF23428816
:105D300006886376238AC6F30B009A42A08309D0B3
:105D4000304800920121304A0FF0D9FE2046FFF77B
:105D50001FFD12E00F2102F045FB054610B9A38B91
:105D60002A4ADDE702F07EFB320B607621462846A8
:105D700002F01AF9284602F02BFA254BD3F84C31E1
:105D8000002B38D02349244813F072F9031E32DA6D
:105D9000224A1C48012102B0BDE8704010F089BBC6
:105DA000038A012B04D81E4A164810F082FBCDE767
:105DB00002210C3010F08DFA0546007810F065FBDA
:105DC00010F002060DD1174A1749184840F6A833BB
:105DD0000FF095FA86F31188BFF36F8F03231846EF
:105DE00002DF134A28780423214610F082FBADE736
:105DF000104A0B4694E702B070BD00BFD4080020E3
:105E0000AAC702009CA40200CBC70200EFC7020091
:105E100088070020A80D002098320020F2C602005A
:105E200011C802002DC8020061C802008FC802001C
:105E300080AC0200ACC8020010B5012104460C3051
:105E400010F047FA2146034A0078BDE810400723C6
:105E500010F04FBBA0AC0200F8B5012100AF044622
:105E60000C3010F036FA0678114A002321463046ED
:105E7000FFF71EFF5F3018D1258AE0682946FFF73B
:105E8000C5FC6C468AB06A460A4BC2E9053640F248
:105E900002439384084BC2E907504FF4325142F851
:105EA000103F064810F016FBA546BD46F8BD00BFE2
:105EB000D8AC0200C0C80200050000019CA402008A
:105EC0002DE9F74FDFF838A1BFF35B8F8046894695
:105ED000174600235AE8004F4AE80032002AF9D159
:105EE000BFF35B8F264644B9414A424843460121ED
:105EF00003B0BDE8F04F10F0DCBA2046FFF796FB88
:105F00003D4D4FF00C0B0BFB0050438843451FD019
:105F10002046FFF78BFB0BFB00504388374A00936A
:105F20003448434601210FF0EAFDBFF35B8F5AE886
:105F3000003F4AE80062002AF9D1BFF35B8F002BD3
:105F400053D01E46304603B0BDE8F04FFFF720BCEB
:105F5000A7420ED0204610F030F904F10C080121C0
:105F60002176404610F083F93A8AF968404610F0ED
:105F70008FF92046FFF75AFB0C2707FB00504368B8
:105F8000ABB1B9F1000F12D12046FFF74FFB07FB71
:105F9000005001214268D2E90003127A03F01F0782
:105FA000B9405B09DAB100EB830010F084FA2046B7
:105FB000FFF73CFB0C2707FB00508368002BC1D088
:105FC0002046FFF733FB784305F800902046FFF7A3
:105FD0002DFB07FB0055A8680AF064FBB2E7C94334
:105FE00000EB830010F079FAE1E703B0BDE8F08F31
:105FF000F2C802009CA40200844300201AC90200D7
:10600000D00800202DE9F84FD0F80C80018A98F8CC
:106010000040012303EB84038B4200AF5FD96D4640
:106020008AB06A463048C2E907310523C2E905044F
:106030004FF4215142F8103F2C4810F04BFAAD4676
:10604000BD46BDE8F88F2A4A28484B46012110F08A
:1060500030FA013598F800309D42F1DA08EB8503FB
:106060000F21B3F80190B3F80360484602F0BAF983
:1060700004460028E7D000F1C0095EB1204601F0D7
:1060800037FF0AF00FFB636943B918485A460121EC
:1060900010F00DFA204602F09BF8DAE7A1691A68C1
:1060A00062618B4208BFA261C3F800A0226A9AB95C
:1060B000C4E90733BFF35B8F59E8003F013B49E870
:1060C0000032002AF8D1BFF35B8F00212046013E49
:1060D00001F01AFFB6B2D0E713602362EAE70025A9
:1060E000DFF810B0AA46B5E74DC902009CA4020033
:1060F00077C9020093C9020073B5C568B5F801609D
:106100000121304602F06EF9044640B92B4A2C4872
:106110003346012102B0BDE8704010F0CAB92B78B7
:106120001A2B00F1040619D1C378012B2AD14FF4A0
:106130008051304610F0BFF9C2040FD4D4F8883033
:1061400000936946D4F890300193204602F0BEFED9
:10615000204602B0BDE8704002F03AB82B788BB907
:10616000B5F80330A4F88630B5F80530A4F88C30C3
:10617000B5F80730A4F88E306FF48061304610F027
:10618000ACF917E0BFF35B8F6368BFF35B8F5B0510
:10619000F2D52B78202BEFD194F89430002BEBD054
:1061A000013B84F894304FF42032002304F1400086
:1061B0000AF0C8FC204602F0C5FAC9E7ACC60200E6
:1061C0009CA4020010B5C1E900239DF808300B72B1
:1061D0000C46FFF72BFA034B0C2202FB00335C60EA
:1061E00010BD00BF844300202DE9F0474FF0FF327F
:1061F00006464FF0FF33184888460FF0E3FF044689
:1062000038B300F10C0701214FF00009384610F0B7
:106210002EF884F818902046FFF708FA0F4D4FF03B
:106220000C0A0AFB005046802046FFF7FFF90AFBE4
:106230000050C0F808902046FFF7F8F90AFB005517
:1062400003213846C5F8049010F01CF8068080F849
:1062500002802046BDE8F0872815002084430020F6
:1062600070B50C4D06460FCD90B001AC0FC40FCDEC
:106270000FC40FCD0FC495E807000E2E84E8070069
:106280009BBF10AB03EB8606034856F83C0C10B0DE
:1062900070BD00BF1CA60200AAC90200034B014644
:1062A000D3F86C0182689268104700BF880700200D
:1062B0002DE9F843044600F10C06304610F019F8B9
:1062C000B4F81080B8F1010F05460AD81A4A1B48E5
:1062D0004346012110F0EDF82046BDE8F843FFF7F2
:1062E00057BA304602210FF0F4FF0746007810F04D
:1062F000CCF810F0010906460DD1114A1149124897
:1063000040F6E4730EF0FBFF89F31188BFF36F8F43
:106310000323184602DF05230C4A3878214610F083
:10632000E8F8B307D8D56369A4F8108013FA85F5A7
:10633000E560BDE8F88300BF11C802009CA402001C
:106340002DC80200B2C902008FC8020058AC02007A
:1063500038B50C460AF0ACFE237E012B05D0032B8A
:1063600014D12046FFF7D8FB0BE0E368187810F053
:106370008CF8C207054602D52046FFF799FFAB0708
:10638000EFD400240AF0A8FE204638BD054A06488E
:10639000012110F08EF82046FFF7FAF96FF015048E
:1063A000F0E700BFCBC902009CA402002DE9F84F22
:1063B0003D4C3E483E4D00AF042110F07CF8E279A0
:1063C0003C4B2046012A88BF1D466E46FFF740FA27
:1063D0008AB06A46384BD061C2E90535374B136243
:1063E000374B42F8103F3748DFF8EC80DFF8D490A5
:1063F0004FF4235110F06EF8B546334EA3460125F5
:10640000E3799D420BF1070B38DB94F87050284676
:10641000FFF726FF6E468CB0B4F87210B4F87630F1
:106420006A46DFF8B8C05362C2E90751274B4FF400
:106430000075C2E905C015854FF4535142F8103F6D
:10644000204810F047F8B54694F871603046FFF7E1
:1064500007FF8AB0B4F874306A461D499584C2E9D2
:1064600007631C4BC2E9051042F8103F15484FF472
:10647000335110F02FF8BD46BDE8F88F5846FFF7AE
:10648000E7F9EA468AB06A4640F20133C2E9056597
:10649000D06113844FF4135142F8108F484610F026
:1064A00019F80135D546ABE7880700205C080020C5
:1064B000D3BE0200DFC90200E3C9020000020103EB
:1064C000040000029CA40200F2C9020006000001C0
:1064D00041CA0200050000010400000103CA0200D5
:1064E000044BBFF35B8F1868BFF35B8FC0F3800072
:1064F000704700BF5C080020004870475AB902008E
:1065000001480AF0B1BA00BF980D002038B5054621
:106510000C4619B9FFF768FE0446D8B140F635437A
:106520009D420FD12046FFF7B9FE054640B1034614
:106530000A4A0B4801210FF0BCFF2046FFF728F95B
:10654000284638BD0748214612F0D9FC0025FFF740
:10655000D7FFF5E76FF06805F2E700BF68CA0200F1
:106560009CA40200DC08002073B5C368D9789A782F
:106570001E8842EA0122ADF8002059791A7942EAD0
:106580000122ADF80220D9799A7942EA0122ADF8C8
:1065900004201A7A5B7AB4B242EA0323012120462E
:1065A000ADF8063001F01EFF054658B91C481D4ADB
:1065B000012123460FF07DFF022120460FF0D2FF7C
:1065C00002B070BD694602F007F938B91E212046B5
:1065D0000FF0C8FF284601F0FBFDF1E70E2142F263
:1065E0002000FFF701FE04460028F3D00E210C30F6
:1065F0000FF048FE00230680C0F80A30BDF80030D6
:106600004380BDF802308380BDF80430C380BDF8FC
:1066100006300381214642F22000FFF777FFD9E7D9
:106620009CA40200ACC6020038B502460B462B4DB6
:10663000D5F8541109B9002038BD05F598700AF055
:1066400057F80028F7D10022002305F5AA7009F0B9
:10665000F7FF044668B9224A2249234840F6B73377
:106660000EF04DFE84F31188BFF36F8F032318469D
:1066700002DFD5F848315BB11C4A1D4801210FF0FB
:1066800016FFD5F84801FFF783F80023C5F8483115
:1066900020460FF0C6FDC5F848012046FFF7FEFD75
:1066A0000346C8B1134A124801210FF002FF1248F5
:1066B00009F0F8FF2046FEF7B9FF104B0C2202FB51
:1066C0000033588818B122461F21FFF7F9FB2046F6
:1066D000FFF75EF8FFF714FF0120ADE78807002001
:1066E0002DC8020052C602008FC802008ACA0200EA
:1066F0009CA4020068CA0200B8080020844300205D
:106700002DE9F04F87B0054600AF16460C4631B96B
:10671000FFF76AFD044648B96FF0680090E0887A98
:10672000FEF77CFF524B834240F09C800122002107
:10673000384612F0FDFB2046FEF778FFDFF860A137
:106740000C2303FB00A0876020460FF06AFD014682
:10675000484812F0D4FBFFF7D3FE0AF0A3FD464BE6
:10676000834220D1DFF83CB1424812F0DDFB00212A
:1067700081464FF4A020FFF757FF804688B93F4A73
:106780003F484FF4D47359460EF0B9FD3D482946B1
:106790000EF0B5FD88F31188BFF36F8F0323184601
:1067A00002DF4C45E0D14FF4A0220023384609F027
:1067B0009FFF804698B14FF4D773304A3249304832
:1067C0000EF09DFD3148424629460EF098FD00230B
:1067D00083F31188BFF36F8F0323184602DF20462F
:1067E000FEF724FF0C2358431AF80080B8F1000F7D
:1067F00030D06E468AB06A46254BC2F81C80C2E98A
:106800000535244B136240F202439384224B42F835
:10681000103F22484FF432510FF05CFE2046B5463F
:10682000A8F10908FEF7B4FFB8F1090F0FD8DFE8A7
:1068300008F01C0E0E0B050E0E0E0E196FF00B005D
:106840001C37BD46BDE8F08F6FF00C00F8E76FF025
:106850000400F5E716B134600020F1E72046FEF7AA
:1068600097FFF9E76FF01500EAE76FF06E00E7E7D2
:1068700028150020DC080020F83E00202DC802006A
:106880008FC80200ADCA0200CDCA0200D6CA0200FB
:106890001BCB0200D3BE0200050000019CA4020035
:1068A00084430020A5CA0200F7B5144B93F99B302E
:1068B000002B05460C461DDA14B9204603B0F0BD86
:1068C000082C01AA4FF0000142F21800264628BF0A
:1068D0000826FFF715FF0028F0D1019FF96832461E
:1068E0000131284612F0D1FE3846FEF751FF3544FB
:1068F000A41BE1E76FF08500E0E700BF88070020F8
:1069000073B506460D4601AA002142F22F00FFF79B
:10691000F7FE044638B1154A154801210FF0C7FDAE
:10692000204602B070BD0198C368B3F801203280E0
:10693000B3F803302B80FEF72BFF3388A3F11B0243
:10694000E02A04D90B4A0A4802210FF0B2FD2B8835
:10695000A3F5A47292B244F248118A42E0D9064AE1
:10696000034802210FF0A5FDDAE700BF3ACB020091
:106970009CA402005ACB02007FCB0200F0B583B08A
:1069800000AF3A1D002140F60340FFF7B9FE044670
:10699000002871D17868C3681B788BB9BFF35B8F0F
:1069A000B14B1A68BFF35B8F02F00902BFF35B8F34
:1069B00053E8001F43E80024002CF9D1BFF35B8F9C
:1069C000FEF7E6FE3A1D002141F20300FFF798FEB4
:1069D0000446002850D17A68A44DD168D1F801004E
:1069E000D1F8051005F1780303C31046FEF7D0FE79
:1069F00021463A1D41F20100FFF782FE04460028BD
:106A00003AD17868C3685A7885F870205A88A5F812
:106A100072201A7985F87120B3F80720A5F8742040
:106A2000B3F80530A5F87630FEF7B2FE21463A1DE0
:106A300041F20200FFF764FE0446E8B9D7F804C04B
:106A4000DCF80C2005F18006531C413218685968A7
:106A5000344603C4083393422646F7D16046FEF716
:106A600097FE95F87C305E060AD4814A8148012160
:106A70000FF01DFD6FF0120420460C37BD46F0BD2F
:106A80003A1D002142F20300FFF73AFE04460028B7
:106A9000F2D17B68784EDA68D2F80100D2F805109E
:106AA00003C61846FEF774FE21463A1D42F2020064
:106AB000FFF726FE04460028DED17C68E368B3F8C1
:106AC000012091B249B1D97839B1A5F80421DA7819
:106AD000114606F1280012F02BFA2046FEF758FE68
:106AE00095F87C601F2316F02006A5F8203118D1F8
:106AF000022140F66D40FFF777FB0446002800F0C6
:106B0000A68002210C300FF0BDFB012303704670FC
:106B10002146324640F66D40FFF7F2FD044600285C
:106B2000AAD195F89C301C0712D53A1D002142F2DB
:106B30001C00FFF7E5FD044600289DD17868C36876
:106B4000D3F80120D3F80530C5E93823FEF720FE3D
:106B500095F8D830980620D5B91C3846FFF7D0FEF6
:106B60000446002888D1042142F22400FFF73CFBB0
:106B7000064600286BD004210C300FF083FB3B88C5
:106B800003807B8843802246314642F22400FFF78F
:106B9000B7FD044600287FF46FAF082142F20100E0
:106BA000FFF722FB0446002851D008210C300FF0DB
:106BB00069FB95F8D82012F0020F14BF2F230F2382
:106BC000910695F8D92048BF43F0400312F0090F11
:106BD00018BF43F4006300220370C3F3072343701C
:106BE0008270C270027142718271C271214642F29A
:106BF0000100FFF785FD044600287FF43DAF95F8BE
:106C00007C30B5F804119A0624D4C9B93A1D41F272
:106C10000500FFF775FD044600287FF42DAFB5F899
:106C200004317C684BB9E368B3F80120A5F804216E
:106C30009A881248114612F07BF92046FEF7A8FD0B
:106C4000082140F60140FFF7CFFA0446D0B96FF0B3
:106C5000680411E70029F3D1094A064801210FF021
:106C600026FC6FF0040407E75C080020880700207A
:106C7000A2CB02009CA40200600800209008002023
:106C8000C6CB020008210C300FF0FCFA1023037071
:106C9000882300224370022620238270C67002716E
:106CA00042718271C371214640F60140FFF728FD11
:106CB000044600287FF4E0AE01463A1D4FF601403D
:106CC000FFF71EFD98B1504A504802210FF0EFFB2C
:106CD00000F0A8FC044600287FF4CEAE01F018FFB7
:106CE000044600287FF4C8AEFFF760FBC4E67B686B
:106CF000DC68B4F80130032B96BF454A454952F889
:106D000023106E468AB06A464348D3614FF400733D
:106D10001384424BC2E9050142F8103F3B484FF44F
:106D200013510FF0D7FBB4F80120B4F80330022A56
:106D3000B54649D1052B47D8394A52F823106E463B
:106D40008AB06A463748D3614FF400731384334BDB
:106D5000C2E9050142F8103F4FF413512B480FF0E0
:106D6000B9FB637994F806C0D4F80900032BB54643
:106D700098BF2D4AB4F8076094BF52F823102549F4
:106D80006C468CB06A46DFF8B0E0C2E9073C4FF4CD
:106D900000739385254BC2E905E1C2E909604FF410
:106DA000735142F8103F19480FF094FBA5467868DC
:106DB000FEF7EEFC3A1D00214FF60240FFF7A0FC63
:106DC000044618B11A4A7FE71249B8E77868C368E1
:106DD000B3F80130A5F8C130FEF7DAFC95F8C13000
:106DE0005B077FF575AF3A1D21464FF60340FFF76D
:106DF00087FC08B10F4A67E77868C3685B7885F855
:106E0000C030FEF7C5FC63E7E9CB02009CA402009A
:106E100048AC0200AAC902000DCC02000400000127
:106E200030AC020026CC020020AC020007000001BA
:106E30006BCC020094CC02003ECC020010B5FFF7F0
:106E40009DFD034B1B6813B1BDE81040184710BDF2
:106E50009C43002073B52A4D0646D5F86C0111F00D
:106E6000E0FE48B9274A284801210FF020FB6FF0C7
:106E70001204204602B070BD6FF0020105F1D4008B
:106E80000FF02BFB01210FF016FB10EA010434D1A7
:106E90001E4B1E600A4605F5987012F049F805F57C
:106EA000AA7012F020F81A4812F00DF91949184882
:106EB00000946FF007034FF4806209F0DBFD164980
:106EC000134809F079FED5F86C01144983681B68F2
:106ED0009847044630B10346114A0B4801210FF090
:106EE000E8FAC6E726B902B0BDE87040FFF746BD34
:106EF00005F1C40009F0B8FDBBE76FF07704B8E70F
:106F000088070020BDCC02009CA402009C43002006
:106F10009832002000970020D5CC02005163010078
:106F2000DECC02002DE9F04F85B0634BB0F8019044
:106F3000198849F4704291424FF0000602BF1E804A
:106F40005E4B1E78C378012B08BF5D4B00F104082F
:106F500000AF054640460CBF93F86F4000240FF089
:106F60003BFA414668B307F108000FF02AFAD5F85A
:106F70001130C7F80130B5F81530A7F805304FF0DB
:106F8000010AEB78012B31D04046FEF761FC6C46DC
:106F900088B06A464B4BC2E905304FF400739383C7
:106FA000494B4A4842F8103F4FF4E2510FF092FA31
:106FB0001321A54648460FF0F0FA1437BD46BDE848
:106FC000F08F20460FF084FB03460068B8609A8873
:106FD0009B796868BA81BB73B8F8042098F80630CA
:106FE00095F804A03860BA80BB71CAE707F10800C1
:106FF000FEF7B0FDEB78012B04460AD100F022FC2D
:107000006FF08001834610300FF067FA58460FF09A
:1070100070FC002CB8D02346B5F8012023F8702B63
:10702000B868BA7BB98920679A719980B5F817302A
:10703000A4F88630B5F81930A4F88C30B5F81B30B8
:10704000A4F88E30EB78E3700022012B627222D11B
:1070500087F800A0BA88BB793868A4F87B2084F848
:107060007D30C4F8770000F0EDFB237A144AC3EBBF
:10707000C3039918D358C4F87E308B88A4F88230A3
:107080008B7984F88430D2E9381303F03F03194335
:1070900001D000F097FD0721204601F0C3F826B18A
:1070A00066720121204601F0BDF8204601F018FA71
:1070B000204601F08DF880E77648002060790020B6
:1070C00088070020FACC0200030000019CA4020003
:1070D00000B5C368187889B020B109B05DF804EB39
:1070E000FEF7A6BDB3F80120ADF80120DA788DF8DF
:1070F00000008DF80320B3F80B20ADF81720B3F88B
:107100000D20ADF81920B3F80F20ADF81B205A7CE4
:107110008DF81D20586801901A899B7A8DF80A30E5
:10712000094BADF8082068461A689B88CDF80B20FB
:10713000ADF80F30CDF81120ADF81530FFF7F2FEA5
:1071400009B05DF804FB00BF1EC6020038B504217B
:1071500004460C300FF0BDF8034640885D7818B146
:1071600019782246FEF7ACFE35B1044809F09AFAC8
:10717000BDE83840FFF7C4B938BD00BFB8080020EB
:10718000B0B50321044600AF0C300FF0A2F8E3685D
:107190000578B0F80100197840F63543984215D1CA
:1071A0006C468AB06A460F4B0F48C2E905310F4B57
:1071B000D36140F2013313840D4B42F8103F4FF47A
:1071C00012510FF087F9A546BD46B0BD10B1224659
:1071D000FEF776FE002DF7D0064809F063FAFFF7B8
:1071E0008FF9F1E716CD02009CA40200D3BE020085
:1071F00004000001B8080020F8B50A4DEF790646F2
:107200000024E3B29F4202D86FF0010007E0294654
:1072100030460FF053FA0735631C08B12046F8BD1D
:107220001C46EEE78807002070B5194E062231464D
:10723000054612F01AFA30B3062142F20500FEF7B5
:10724000D3FF044608B3062229460C300FF020F87D
:107250002146002242F20500FFF752FA044648B1E7
:1072600010F10D0F04D10B4A0B4802210FF02EFA3A
:10727000204670BD33462A6843F86929AA88B2803F
:10728000012283F868200024F2E76FF06804EFE73A
:10729000F107002055CE0200A4A4020037B5044631
:1072A0000D4689B1184928460FF008FA60B9174A07
:1072B0002968C4EBC404A3181151AA889A80AA793A
:1072C0009A71002003B030BD68460FF06CF80028BA
:1072D000F8D16846FFF790FF0028F5DA0B4A0098CE
:1072E0009DF80610C4EBC404A3181051BDF80400A7
:1072F00098809971002DE4D012592A609A88AA804A
:107300009B79AB71DDE700BF11C602008807002042
:1073100038B50D460649CC7938B12B689C4228BF58
:107320001C46C4EBC40212F0B0F92C6038BD00BF9B
:107330008807002070B50446B1B9C0B120490FF0EC
:10734000BDF9A0B92046FFF757FF002831DA2378AE
:10735000012B04D1A37903F0C003C02B07D0194A35
:10736000194801210FF0B2F96FF0150070BD174DEB
:10737000EB79012B20D0BFF35B8FD5F8D430BFF36E
:107380005B8FDB0707D4002CEED00D4920460FF0B1
:1073900095F90028E8D1EE792146731C3046EB714F
:1073A000FFF77CFF08B93046E0E7EB79013BEB7172
:1073B000DCE76FF07700D9E76FF00B00D6E700BF8E
:1073C00011C6020064CE0200A4A4020088070020B7
:1073D0002DE9F341044640B91A4A1B4802210FF037
:1073E00075F9002002B0BDE8F08101AA002141F248
:1073F0000900FFF785F9054608B1144AEDE7019E3B
:107400001349D6F80C8008F101070622384612F01D
:107410002CF928B10F490622384612F026F918B97E
:107420003046FEF7B5F9DCE7D8F80130C4F8013092
:10743000BB88A4F8053030462570FEF7A9F9012075
:10744000D0E700BF92CE0200A4A40200ABCE02009F
:107450001EC6020018C6020007B56846FFF7B8FF4F
:10746000044BD87118B169460020FFF717FF03B02D
:107470005DF804FB88070020F0B5304DEC7989B049
:10748000002C53D195F8C26016F0010610D12C4A99
:107490002C4802210FF01AF9EC711626002401275E
:1074A000EB79E0B298422CD3002B3FD000203BE098
:1074B0006A4621464FF60940FFF722F908B1224AF1
:1074C000E6E7DDF800C0DCF80C104B7823B9604625
:1074D000FEF75EF91D4ADBE78B1C02AA01F11204DC
:1074E00018685968174603C70833A3423A46F7D1CC
:1074F000186838609B88BB806046FEF749F93446BF
:10750000CAE708AB06FB0033694653F8182C33F87A
:10751000143CCDF80120ADF805308DF80070FFF770
:10752000BDFE01340028BBD009B0F0BD00210846E3
:1075300009B0BDE8F040FFF7FDBE00BF880700209E
:10754000C9CE0200A4A40200F5CE020015CF0200AD
:107550002DE9F04190460E461D46024650B14BB112
:107560003103047810D5730708D52B4A2B48012125
:107570000FF0ACF86FF01500BDE8F0810FF0B5F832
:107580000028F9D1012341E0F70730D5244FB8F1A5
:10759000000F13D0B0060AD4C4EBC403FB5C012B6C
:1075A00013D02B70B20620D543F002030BE097F8FE
:1075B000D8305906F0D46FF08500DDE7C4EBC40382
:1075C000FB5C012B01D02B700FE0072101FB047144
:1075D000013110460FF081F80028CDD1C4EBC4046E
:1075E0003B5D2B70B8F1000FDCD10020C4E77307BE
:1075F0000ED50B4EC4EBC407F35D012BE3D107217D
:1076000011FB043131440FF068F8F35D2B70B3E7E0
:107610000FF06BF8B6E700BF3ECF0200A4A4020053
:107620008807002038B5104DEB7913B100242046AF
:1076300038BDFFF711FF044628B10C4A0C48012160
:107640000FF044F8F3E7EB79002BEFD1FFF714FFCD
:1076500004460028F1D1681CFFF7E6FD0446002827
:10766000E5D0044AEAE700BF880700205DCF0200AA
:10767000A4A402007CCF02002DE9F74F0C46202184
:1076800000909246FEF7B0FD0546002855D0202117
:107690000C300EF0F7FD20220021814612F003F895
:1076A00009F1010B04EBCA0A0026D4F8008000237C
:1076B000626893420CD30834A245F6D1009889F849
:1076C00000600022294603B0BDE8F04FFFF718B86C
:1076D00098F8012098F800C0B01C81181F2915D90E
:1076E000BCF1090FC0F11F0201D1002A0CDC144AC1
:1076F000144801210EF0F0F92846FEF749F86FF022
:10770000150003B0BDE8F08F4FF0080CD7B2791C1C
:107710000BF80610711CC9B25BFA80F00BF801C0BF
:10772000D8F804100193023711F0AFFF019B3744E2
:10773000FEB2013308F10808BAE76FF06800E0E72D
:107740009FCF02006CA4020008B50449072209304B
:1077500011F08BFF003818BF012008BD11C60200D0
:10776000F8B5154B067883F86F6004460D46FFF7B1
:10777000EBFF70B91149304601F06AF8044610B9C0
:107780006FF00B00F8BD052100F04CFD2C600020CF
:10779000F8E704F109073946304601F09DF840B991
:1077A0002078394601F054F804460028E8D0062134
:1077B000EAE76FF01500E5E7880700200AC6020037
:1077C000F8B545686905064635D4046914B115F065
:1077D000010330D0194F3078FB7983422BD9C0EBAD
:1077E000C00017490722384411F03FFFA8B115F037
:1077F000010306D197F87020082A02D8B2689F2AA0
:1078000019D915F0300F09D0ACB1EA060AD405F445
:107810006035B5F5603018BF0120F8BDEB0601D426
:10782000002CF4D1D6E902239A4204D81F2A02D9A7
:10783000B3F5804FEBD90020EFE700BF88070020A9
:1078400011C6020000487047A00700202DE9F04F44
:10785000D1F810908DB09A460023B9EB0306054687
:107860009348059218BF012607930EF068FF0C4657
:10787000410740F112812046FFF7A2FF28B96FF0BF
:10788000150B58460DB0BDE8F08F20460EF044FFB2
:1078900080460028F3D005F1100738460EF04FFF60
:1078A0000206C0F3C01300F1FB80CDE90933CDF827
:1078B0002B30A3686068ADF82030E368ADF8223063
:1078C0000EF02EFF6FF400718DF82D0078480EF049
:1078D0003CFF784A23782B7082F86F3061680DF195
:1078E000250332462846FFF733FE83460028C8D1D9
:1078F00005F10902B9F1000F18D021690868C5F82F
:107900000900888890808979917120460EF0BCFF2B
:1079100062680646D0071BD4920503D4169B0BB9A8
:10792000022E5CD102238DF8243023E0624B1968CB
:10793000C5F8091099889B799180937120460EF0C3
:10794000A3FF6268D1070646E6D58DF8249011E0C2
:1079500012F0100F0CBF012204228DF8242022699E
:107960001168CDF826109188ADF82A1092798DF81B
:107970002C20D8460F2142F20600FEF735FC834644
:10798000002800F090800F2208A90C300EF080FC37
:107990000022594642F20600FEF7B2FE002840F0EF
:1079A0008580B9F1000F20D06368DB072BD401215B
:1079B00028460EF079FF8346002866D03F4A4048AB
:1079C00001210EF089F8079C002C3FF45AAF2046A5
:1079D000002100F027FC204600F0FAFB51E70323CA
:1079E000DDF858808DF82430C4E7179B0093CDE96B
:1079F0000186169B0599524628460EF0CEFE834618
:107A00000028D1D03DE707A92846FFF7A9FE834605
:107A10000028CCD010F10C0F7FF433AFB9F1000F78
:107A20007FF42FAF626890073FF52BAF636883F058
:107A30000203C3F3400B0BF001020E2138460EF097
:107A400093FE731E5A425A41082138460EF08CFEAE
:107A5000B11E4A424A41384609210EF085FE62684D
:107A60000A2102F0010238460EF07EFE42460B214A
:107A700038460EF079FE62680D21C2F38002384666
:107A80000EF072FE4FF0000BFBE6079808B100F015
:107A90009FFBB9F1000FCED1C8E76FF00A0BF0E6FB
:107AA0006FF0770BEDE66FF0680BEAE68346E8E6E9
:107AB0005C0800208807002011C60200B8CF020031
:107AC0006CA4020073B51546069A0C46CDE9003247
:107AD0002B460A4601461148FFF7B8FE21460646E6
:107AE000002340F201109D4202D1304602B070BD29
:107AF0000A88824204D14A6812B11278D20702D4AD
:107B000001330831EFE70649064811F0E3FA4FF474
:107B100070220023034809F049F8E6E7A007002097
:107B2000A17B0100B807002010B519480EF0E1FE56
:107B300018486FF480410EF008FE16480EF0FFFD65
:107B400003461A06C0F3C01021D512480EF0F7FD07
:107B5000430513D50E48FFF7F7FD0F490346087E8E
:107B600093B90E49052200F0EFFE044630B1002122
:107B7000417200F057FB204600F02AFBBDE81040A0
:107B8000034800210EF090BE06222131EBE710BD24
:107B9000A0070020B0070020880700200AC60200C6
:107BA00010B5FFF7C1FF034630B1044A0448BDE8F1
:107BB000104002210DF099BF10BD00BFD3CF0200CD
:107BC0006CA4020073B53548344C0EF0B8FD10F4C7
:107BD000804F38D020460EF0B2FD030633D4204645
:107BE0000EF0ADFD46052ED501A9A4F11000FFF75A
:107BF000B7FD40BBA4F11000FFF7A6FD02462046EA
:107C00000EF09DFDC0F3803120460EF098FD81F00E
:107C1000010145054FEA4101204848BF41F00101FB
:107C20000EF08DFD800448BF41F004011C480DF1A9
:107C30000303FFF78DFC054638B11A4A03460121BC
:107C400019480DF052FF02B070BD154801210EF029
:107C50002BFE019E28B9304602B0BDE8704000F00E
:107C6000B7BA2946304600F0DDFA6FF480410B4880
:107C70000EF06BFD0546304600F0AAFA6B04E2D523
:107C8000BFF35B8F54E8003F43F4804344E8003285
:107C9000002AF7D1BFF35B8FD5E700BFB007002004
:107CA000A0070020F2CF02006CA4020070B50C4BBC
:107CB0001C68054644B154F8143C143C13B1697A6D
:107CC000284698476469F5E7064C074EB44200D34E
:107CD00070BD236813B1697A284698471834F5E7D0
:107CE0004044002024A402003CA4020010B5044635
:107CF000FDF79CFC044901EB001120460EF095FBBA
:107D0000BDE81040FEF7FCBBA043002070B5D1E9F0
:107D1000015600220446C1E90122064811F0EFF89D
:107D20003DB1314620462B466FF06D02BDE87040F4
:107D3000184770BD6014002070B5002205460E463D
:107D4000094800230021FDF793FC044658B1FDF7D4
:107D50006DFC064B324603EB001329462046BDE876
:107D600070400EF03DBB70BDFC140020A04300200D
:107D700030B5044685B00430BFF35B8F50E8003F58
:107D800043F4807240E800210029F7D1BFF35B8FF4
:107D9000DD0547D40EF0DBFD10F4804F224D30D0CE
:107DA00095F8D930D90710D5022300211A46009141
:107DB00020460EF04DFC034620B11C4A1C48012110
:107DC0000EF0CBFDA37A072B2CD195F8D8309B066B
:107DD00028D50EF09CFB28B30DF10E0103A8FEF789
:107DE0008FFDF8B9BDF80E20BDF80C1020460EF03E
:107DF00011FC0346B0B10F4A0D4801210EF0ADFD54
:107E000010E095F8D8301A07CAD520460EF0E8FBE6
:107E1000034620B1084A064801210EF09EFDA37AD0
:107E2000072BBDD005B030BD8807002050D0020020
:107E300084A4020067D002002FD0020070B505466E
:107E40000F480022002308F053FCB8B90D4B1C6802
:107E500034B154F80C3C143C03B198476469F7E71B
:107E6000094C0A4EB44204D32846BDE8704008F0DD
:107E7000FBBDA36803B198471834F3E770BD00BF9A
:107E8000481400204044002024A402003CA4020026
:107E90002DE9F843DFF85480044640270025EFF32E
:107EA000118387F31288BFF36F8FE16929B983F3D8
:107EB0001188BFF36F8FBDE8F883206A0A68E2611A
:107EC000814208BF226283F31188BFF36F8FD1E92B
:107ED00001694046C1E9015511F011F81EB10022B7
:107EE00049462046B047FEF70BFBD8E76014002058
:107EF0000448B0F80431002B00F5847008BF00205E
:107F0000704700BF8807002030B504468BB00D468F
:107F100009F0C8F90A4B834205D120460BB0BDE8F1
:107F20003040FFF7B5BF24342146184611F0A0F8C1
:107F30001DB16946204611F0ABF80BB030BD00BF53
:107F4000F83E002038B5002204468A4202D10024BF
:107F5000204638BD04F1C8030120BFF35B8F53E80E
:107F6000005F002D04D143E8000CBCF1000FF6D1F6
:107F7000BFF35B8F02D0D0340244E6E7002CE6D09A
:107F8000C8220021204611F08EFB04F14000044974
:107F900011F0A0F8034904F1240011F04DF8D7E7DF
:107FA000F589010099690200F7B50D4601211646D1
:107FB0000446FFF7A9FF002128460EF0AAFA012E79
:107FC0001BD0022E45D123693BB13648364A0121E8
:107FD0000DF082FD20460EF0E2FC28460EF021F95D
:107FE00020612269138A012B3AD820880EF093FA77
:107FF000012128460EF08DFA0CE0206940B92B4A89
:10800000284831460DF068FD20460EF0C8FC01E01E
:108010002F8A2FB9284603B0BDE8F040FDF7B8BB62
:108020000C300EF06AF987420CD9214A1D483146BE
:108030000DF052FD21690022204600F01BFF0023B5
:108040002361E7E720692A8AE9680C300EF020F9FD
:10805000C7E7184A1348334601210EF07EFCD3E7E8
:10806000D26816880436B6B2B342BED32846FDF7AE
:108070008FFB21690B8A9E420BD20F4A094800965A
:1080800001210DF03CFD204603B0BDE8F0400EF0AC
:1080900086BC002301222046236103B0BDE8F040E6
:1080A00000F0E8BE84A4020083D00200A0D0020049
:1080B000BED00200E5D0020003D1020038B5012293
:1080C000044600F1BC03BFF35B8F53E8005F43E855
:1080D00000210029F9D1BFF35B8F5DB90EF068FC78
:1080E000084BC4F8B850D3F8281104F1B80229B9E4
:1080F000C3E94922BDE83840FEF702BA0A60C3F876
:108100002821F7E78807002070B52E4DD5F82441C7
:1081100014B90026304670BD2B4B5A8B22B1B5F8EE
:1081200004312BB99B68FFDE1B68002BF1D0F6E70A
:10813000D5F81031002BECD0244B1B68002BE8D075
:1081400054F8143C002BE4D054F8103C002BE0D041
:1081500054F80C3C002BDCD014F8AE2C072AA4F108
:10816000B8060DD13046984750B104F108000EF022
:10817000EEFB022804DC3046BDE870400EF018BC6F
:10818000D5F8243143B1D5F828111A68C5F824214F
:108190008B4208BFC5F82821231D0022BFF35B8F47
:1081A00053E8001F43E800200028F9D1BFF35B8F9C
:1081B000304654F80C3C98470028ABD03046FFF7C7
:1081C0007DFFA7E788070020FC1400206014002032
:1081D00037B5C83010F8C65C10F8C54CBFF35B8FDC
:1081E00050E8003F5A1E40E800210029F8D1BFF3B3
:1081F0005B8F01A801930EF0AAFB01280BD1074861
:1082000008F050FA064808F02FFC012D03D1012C8C
:1082100001D1FFF7D7FC03B030BD00BF48140020E8
:10822000C80D0020F8B5867A8E4200AF04460D4690
:108230001AD1082E96BF614B614B53F826306C461D
:1082400088B06A465F49C2E905134FF4007393830F
:108250005D4B42F8103F5D4800234FF4E451FBF7BB
:108260009DFDA546BD46F8BD817226B98378082BD1
:1082700001D00EF09DFBA37A082B00F29C8001A296
:1082800052F823F0DF8201005D8301006582010066
:10829000658201006582010065820100658201003E
:1082A000A982010065820100A378042BDAD0484836
:1082B000002109F0B7FA0023C4E90D33E378012B5C
:1082C000D0D1A378012B04BF032384F894304FF45A
:1082D0002032002304F1400008F034FCC2E7A37808
:1082E000042B03D12046FFF773FFBBE7082EB9D854
:1082F00001A353F826F000BF4F8301001D83010046
:1083000041830100E5820100E5820100E582010070
:10831000418301004F8301004F83010004F14005B8
:10832000284610F0E3FE01212046FFF7EDFD204630
:108330000EF035FB00220023284608F037FC91E7B9
:10834000637A002BCED02046FFF7B0FCCAE7214A63
:108350002B461E4802210EF000FB83E7637A3E2B7A
:108360000FD16D4688B06A461B4BC2E90534032322
:1083700042F8103F154800234FF4C451FBF70EFD9F
:10838000AD46164D05F58476616911B9FEF7B8F86A
:1083900068E7A2690B686361914208BFA361204648
:1083A000FFF7B4FCB5F80431002B14BF30460020B1
:1083B00008F078F9E8E70A4A2B46CAE7E8AC020079
:1083C0001ED1020028D102000300000184A4020093
:1083D000D80D002039D1020050D1020088070020BA
:1083E00077D1020070B5024605460E460A480121C3
:1083F0000EF0F9FA044610B90024204670BD8378C7
:108400001E42FAD1054A06482B4602210EF0A5FA73
:108410002046FFF7DDFEEFE7B033002093D10200E6
:1084200084A40200F8B5074609480D4616460EF02A
:10843000BFFA044650B183781F4203D1BDE8F8402B
:10844000FFF7C6BE3146A8472046F7E7F8BD00BF94
:10845000B0330020024900220120FFF7E3BF00BF34
:108460008D690200034BC01A034B00115843C0B280
:10847000704700BFB0330020C54EECC42DE9F04179
:108480001C46144305460E461746984614D100274D
:10849000B8460F493A464346002D14BF28460846C1
:1084A0000DF090FE044668B90A4A0B4802210DF00F
:1084B00013FB2046BDE8F08108F0F4FE074B834231
:1084C000E7D1E4E7711D0C300DF0D1FEF1E700BFFC
:1084D00078140020AAD1020084A40200F83E0020F3
:1084E00010B50446054808F0BFFA204600F062FBCC
:1084F0002046BDE81040FFF7D9BB00BFB80D0020F3
:108500002DE9F04F87B000AF0025FD607D61FFF7DA
:10851000FBFD0446F8B1837A072B26D06E4688B05F
:108520006A46814BC2E90530032342F8103F7F4879
:108530002B464FF4C451FBF731FCB5464FF0FF31E9
:10854000D4F8A43007F1100220469847014630B90C
:108550002046FFF73DFE1C37BD46BDE8F08F7B6926
:10856000FA6820460EF0FBF9E8E7DFF8D481D0F88E
:10857000A430B8F8041107F1100298470646002805
:10858000E6D0B8F804213B699A4208D30146D4F8F2
:10859000A85007F1140307F10C022046A8477B6995
:1085A0007B60338AD7E903BA002B00F0BA803046EB
:1085B0000DF062FF8146E8B16FF004036D4688B0AC
:1085C0006A465B49D461C2E90513042342F8103FAF
:1085D000564800234FF40151FBF7E0FB314620469B
:1085E0007B69FA68AD460EF0BAF9132120460EF009
:1085F0001CFAADE7B8F804314E48002B08BF002044
:108600000022002308F074F810B16FF00B03D5E7D7
:1086100049480022002308F013F805460028F4D04A
:108620007B68C0F804B08360B8F804B1338ADA45D7
:1086300098BF1FFA8AFB5B4545D930460DF0F1FD26
:108640005946FFF779FBB8F8042194F8C4309245F5
:1086500094BF02334FF0010984F8C490834698BF59
:10866000DBB204F1C00ABFF35B8F5AE8002F01327E
:108670004AE800210029F8D1BFF35B8F00222A606D
:10868000A2691ABBC4E90555A278012A21D10421A7
:108690000BF10C007B600DF00CFE7B68228803F070
:1086A000FD0342EA03330380BBF81030043B4380F0
:1086B00002238BF818305846FDF7F0FD814650B97B
:1086C000FDF71EFF44E759463046BAE71560A5613D
:1086D000DAE76FF01509BFF35B8F5AE8003F013B03
:1086E0004AE80032002AF8D1BFF35B8F294604F133
:1086F00014000EF001F94B46104A0C4801210EF00F
:108700002CF95846FDF744F820462946FFF7FEFAB3
:10871000B8F804310748002B08BF002007F0C2FF5B
:108720004AE76FF0790349E7D3D1020084A402003D
:10873000EAD10200900800206014002068CA0200FC
:1087400088070020F8B5031D044618460EF0FFF810
:10875000020519D5B4F88620B4F88810914213D8D0
:10876000B4F88A1091420FD3D4E9231291420BD16D
:10877000BFF35B8F53E8001F21F4006143E8001250
:10878000002AF7D1BFF35B8F104B1D686DB155F810
:10879000046C143D3EB1B4F88E30B4F88C20B4F8BB
:1087A00086102046B0476D69F0E7094D094FBD427C
:1087B00000D3F8BD2E693EB1B4F88E30B4F88C20E9
:1087C000B4F886102046B0471835F0E74044002042
:1087D00024A402003CA402002DE9F041074608460B
:1087E0000D460DF099FE064618B900263046BDE844
:1087F000F081144B1C6884B154F8083C143C0BB94C
:108800006469F8E72946384698470028EDD028469D
:108810000DF082FE0028F3D1E7E70B4CDFF82C8047
:108820004445E3D2E3680BB91834F9E729463846E2
:1088300098470028D9D028460DF06EFE0028F3D1C5
:10884000D3E700BF4044002024A402003CA402005F
:1088500038B505460C460E480121FFF773FBB0B151
:10886000057223680367A388A0F87430A37980F8A1
:10887000763001238370074BC0F8A430064BC0F854
:10888000A830064BC0F8AC30054BC0F8883038BD76
:10889000B0330020B98C01003B6902002F6902004F
:1088A0001800280070B505460A480E460EF080F8FC
:1088B000044620B18378012B04D0FFF789FC002403
:1088C000204670BD324629460EF0CFF80028F7D179
:1088D0002046F2E7B0330020B0B500AF0D46FFF7F9
:1088E000E1FF044608B32846FCF7B2FFA37A082B41
:1088F00096BF0F4A0F4B52F823306D468AB06A4636
:108900000D49C2E907030D4B53620D4BC2E9051433
:1089100042F8103F0B4800234FF44251FBF73EFA58
:108920002046AD46FFF754FC0120BD46B0BD00BF58
:10893000E8AC02001ED102000DD2020001030204C5
:108940000500000284A40200F8B505460E480E4654
:1089500017460EF02DF8044620B18378012B03D082
:10896000FFF736FC00240DE036B1324629460EF002
:108970007CF808B92046F3E7A37ABB42FAD1237A00
:10898000AB42F7D12046F8BDB033002038B50446DD
:1089900008460D460DF0C0FD38B3154B93F8D8309E
:1089A000990707D4E37873B129462046BDE83840DB
:1089B00000F08CBA94F895309A07F3D5201D0DF08D
:1089C000C6FFC304EED4294620460EF070F858B90D
:1089D0002B88A4F888306B88A4F88A30AB88A4F878
:1089E0009030EB88A4F8923038BD6FF01500FBE7AB
:1089F00088070020F7B510F8363C0446A0F1400681
:108A00000BBB30460EF021F93A4B1D684DB155F8BD
:108A1000103C143D1BB114F8371C304698476D6963
:108A2000F4E7354D354FBD4205D3304603B0BDE8C0
:108A3000F040FFF7CDBB6B681BB114F8371C304614
:108A400098471835EFE710F83E3C012B31D1BFF3C2
:108A50005B8FA0F13C0555E8003F23F4006245E838
:108A600000210029F7D1BFF35B8F190529D5A36C2D
:108A700000936946236D01933046FFF787FF034655
:108A8000C8B9BFF35B8F55E8003F23F4806345E826
:108A90000032002AF7D1BFF35B8FBFF35B8F55E83D
:108AA000003F43F4007345E80032002AF7D1BFF3DA
:108AB0005B8F03B0F0BD124A124802210DF04DFF4A
:108AC000EBE7114A4FF4281369463046CDE90023FD
:108AD000FFF75CFF034650B9BFF35B8F55E8003FDB
:108AE00043F4806345E80032002AD4D0F6E7074A11
:108AF000E2E700BF4044002024A402003CA402009E
:108B000046D2020084A40200180028006BD20200A2
:108B100070B50C480C4D0B4E10F0E5F900242946B9
:108B20003046013410F0EBF90C2C05F10C05F6D1B0
:108B30000EF064FC0FF02BF8044608B90EF0D2F8E2
:108B4000204670BD60140020B043002008B50346E5
:108B5000034A044801210CF0C8FF002008BD00BFF3
:108B60001ED30200ACA4020080B500AF88B06A46F4
:108B7000074BC2E90530032342F8103F05480023A4
:108B80004FF4C251FBF70AF96FF00B00BD4680BDF0
:108B900046D30200ACA40200044B1A680AB1FFF7E6
:108BA000E3BF034858600B601046704748440020FC
:108BB0002CAD0200F7B5274D274F04460026BD42D5
:108BC00001D303B0F0BD6B6801A920469847002887
:108BD0003BDB019B2A889A829A8403F11002A868E1
:108BE000BFF35B8F52E8001F42E8006CBCF1000F3E
:108BF000F8D1BFF35B8FC3E913669E649E60A16BDF
:108C000003F1080219BBC4E90D221C60D86003F10E
:108C1000300010F068F9019843681B6803B1984769
:108C2000019BBFF35B8F103353E8001F41F001013C
:108C300043E80012002AF7D1BFF35B8F0198436825
:108C4000DB6913B100F1100198470C35B7E70A60F2
:108C5000A263DAE700A4020024A4020073B505466B
:108C600018462B680BB39B7A072B1ED1002A0E7A6D
:108C700014BF022301239E4209DD0D4A0D480096D0
:108C800001210CF03CFF6FF0150002B070BDCB7AF3
:108C9000072BF8D9C8618A6105F1300010F02FF96F
:108CA00028460DF049FF0020EFE76FF07F00ECE76A
:108CB0006DD30200ACA402002DE9F047D0F8B0401B
:108CC00000AF0E4691464CB1483C236B6BB104F1AA
:108CD000300A504610F028F9054658B9FDF710FC47
:108CE00000252846BD46BDE8F08720460DF045FF2B
:108CF000A46CE8E70DF0C0FB80B16C4688B06A4612
:108D0000294BC2E90535032342F8103F27480023C9
:108D10004FF4C251FBF742F8A546E1E7236DB3B922
:108D2000A38CB5F81080403B9BB23F2B03D8238D1A
:108D3000984528BF9846042105F10C000DF0B9FABA
:108D4000A0F80080A38C438008F104032365236D01
:108D50002A8AB3420ED8934215D0A38C403B9BB2D3
:108D60003F2B1ED920460DF008FF236B13B1204680
:108D70000DF0E2FE236DC9F800309E4234BF9E1B09
:108D800000262665ADE700220023504607F058FC78
:108D9000A38CA3F140023F2AE4D8054AAA61EB6103
:108DA000E0E700221346F9E78DD30200ACA40200ED
:108DB000956C020073B50D460646042105F10C00C2
:108DC0000DF087FA2B8A42889A42044607D01B4846
:108DD000009201211A4A0CF092FE02B070BD437855
:108DE0003BB9184A1548012102B0BDE870400CF0AB
:108DF00073BE0378012BF0D0132B03D1012AECD8DA
:108E0000114AEFE7114A0D4802210CF06EFE61781D
:108E10003568022201200DF073FE04460028DCD0E4
:108E200002210C300DF02EFA00230370437021460E
:108E3000284602B0BDE870400DF039BFACA4020076
:108E4000A5D30200C6D30200E7D3020003D4020078
:108E500008B50B8A032B06D8044A054801210CF0FB
:108E60003BFE002008BDFFF7A5FFFAE72BD4020068
:108E7000ACA4020038B50B8A032B05460C4609D872
:108E80000F4A104801210CF027FE2046BDE838406B
:108E9000FCF77EBC042104F10C000DF01AFA4188A5
:108EA00028460DF015FF30B9074A06480B46022147
:108EB0000CF01BFEE9E7436821465B699847E4E74D
:108EC00049D40200ACA4020066D4020070B5124B73
:108ED0000C4619780131C9B2012938BF0121054674
:108EE0000822122019700DF00BFE064688B10821E9
:108EF0000C300DF0C7F92288028062884280A28877
:108F00008280E288C28031462846BDE870400DF07C
:108F1000CEBE6FF00B0070BD6179002023281FD8F2
:108F20001A2804D8431E182B0ED906207047A0F12A
:108F30001B03082B1ED8DFE803F0051D1B231D199A
:108F4000251D0500032070470F4A012383401A4066
:108F5000C2B90E4A1A40002A14BF012006207047E9
:108F600000F07F03522B05D100207047012070478D
:108F70000520704710F0400F0CBF062000207047FE
:108F80000420704702207047AAAA8A02545545015E
:108F9000011F01480FF0F5BEDC12002010B500F1F2
:108FA00054030446BFF35B8F53E8001F41F00101F7
:108FB00043E80012002AF7D1BFF35B8F201F0DF0AA
:108FC00050FF04F17400044910F084F82068BDE8F3
:108FD000104001F0F1BE00BF6D9F01002DE9FF417F
:108FE00005460E464FF000084FF4205300681768FE
:108FF0008DF8088002A91446ADF80A300DF085F905
:10900000A0B142F6010328688DF80C8003A9ADF8E1
:109010000E300DF07AF948B123691BB15A88B2427B
:1090200000D25E80012004B0BDE8F081616828684C
:109030000DF06BF910B100232361F3E7E368A0683A
:109040001A786AB1B7F81AC0798D038A8C4594BF33
:10905000C3EB0C03C3EB0103934201DA0020E2E708
:1090600004210C300DF00EF92061068023695E802A
:10907000074B00930194A2680023294638460DF05F
:1090800033FF0028EADB2069003818BF0120CAE757
:10909000C96E02002DE9F04182B000AF0446884657
:1090A0003D4800220023394607F038F90546B0B1A3
:1090B0006D4688B06A46394BC2E90534032342F84D
:1090C000103F374800234FF4C251FAF767FEAD4610
:1090D0006FF00B0630460837BD46BDE8F08108F05A
:1090E000E1F83E682F4B282218602946301D10F009
:1090F000DAFA34603C682C487D60C4E90155C4E963
:10910000095500220023391D07F008F9064688B1E9
:1091100023686C4688B06A462449C2E905130323D4
:1091200042F8103F1E482B464FF4C451FAF736FE62
:10913000A546CDE77B680146B022184610F0B3FA89
:109140001B4A826060300FF0CEFE7B68BFF35B8FFE
:10915000583353E8002F43E800610029F9D1BFF3E9
:109160005B8F7B681C60636A7D681BB904F10C002F
:109170000FF0B9FE626AC5F8A820A26A05F1A8033B
:10918000636202B9A3627B6817225A855A8304334B
:10919000C8F800309EE700BFC0120020A2D4020031
:1091A00074A402008C450020DC120020C7D4020009
:1091B000E80D00202DE9F74317680546884600684A
:1091C00051687E6814460DF0A0F88146002842D10F
:1091D0003046952229460EF0D2FB0646207540B156
:1091E000E3681B780BB184F81490002003B0BDE84D
:1091F000F083A0680DF019F802210C300DF042F850
:10920000164B2061A0F8008000930194A2683346B9
:10921000294638460DF068FE002807DA10F1FF0FE6
:1092200026BF4042C0B20E202075DEE72369002B26
:10923000DBD0A0680DF061FD7B8B7A8D9A4294BFE4
:10924000C0EB0200C0EB0300E3681B78984294BFB8
:1092500000200120CAE70120C8E700BF0B6D020013
:1092600073B50D46438D418B8B4202F1010228BF3D
:109270000B469A42064609D9194800920221194A1A
:109280000CF03DFC0024204602B070BD2846FFF7DC
:1092900045FE022812D0042810D04FF0FF324FF0C4
:1092A000FF33114800210DF0E8FC044650B90F4A85
:1092B0000B482B4601210CF018FCE3E74FF4702219
:1092C0000023EEE7FCF7B2F9094B182202FB00334A
:1092D000012104F10C009E600CF0D4FF0570D2E770
:1092E00074A40200ECD40200A41400201ED30200D7
:1092F0009C4400202DE9F04F91B0166880460F463F
:10930000002542F601030068D6F804908DF82C5031
:109310000BA91446ADF82E300CF0F7FF002870D0E2
:109320004FF42053D8F800008DF82C500BA9ADF85D
:109330002E300CF0EAFF38B1A3681BB15A88BA424C
:1093400000D25F8001200EE0616808460DF0D5FC78
:10935000728B738D9A4294BFC0EB0200C0EB030086
:10936000032803D8002011B0BDE8F08F08460CF0A8
:109370005CFF054660680DF0C0FC728B738D05F1D3
:109380000C0B9A4294BFC0EB020AC0EB030A58468A
:109390000CF0B3FF824537D260680DF0AEFC728BE3
:1093A000738D9A4294BFC0EB0200C0EB030070B90A
:1093B0006368987AFCF732F9002200230CF002FF70
:1093C00005460028CED0014660680CF03FFF002320
:1093D0000093D8F80460102302AA41464846B047DB
:1093E000061E0EDB227CE068B2422BD001460BA8A1
:1093F0000CF0B9FF60B9237C144A154802210CF027
:1094000074FB0023A3609DE758460CF076FFCEE77F
:10941000F2B202A906A80CF0A6FF10B90D4A334615
:10942000EBE706A90BA80CF070FF0028E9D1002398
:109430006374042105F10C000CF024FFA060078088
:10944000A3687EE702A910F010F9EEE711D502003B
:1094500074A4020030D502002DE9F84F07460846F3
:109460000C46FCF7E3F8DFF8CC80E16818234343AF
:1094700008EB03020646D2F808A0BFF35B8FB86D75
:10948000BFF35B8FC00709D4264A274801210DF09E
:109490004EFC6FF015052846BDE8F88FE0680078AF
:1094A0001071002248F803200B78D22B0FD13B68B3
:1094B000214618680EF068FB054640B11B4A1A4861
:1094C00001210DF034FC2046FCF762F9E3E704F1DA
:1094D0000C000CF00EFF182303FB0683B4F810B049
:1094E0009F60002381461A462146381DFFF7B6FBD0
:1094F00005460028CFD010F1690F04D10C4A0A4864
:1095000001210DF014FC6369A4F810B013FA89F37B
:10951000E36018235E4308EB060348F80650C3F8DF
:1095200008A0B8E74FD5020074A4020069D5020074
:109530007CD502009C4400202DE9F14F0546FCF744
:1095400075F83D49182202FB00F3C81851F8038052
:109550000779B0F80690D0F810A00021D0E90246B3
:1095600010F0A1F8A87AFCF759F86969834651B15F
:109570006B7AD80705D4DBF824301B6828469B6833
:10958000984700236B61294658460FF0C3FC002F13
:1095900045D0002C43D02368002B40D01B68002B03
:1095A0003DD0B8F1000F08D0244A25484346012198
:1095B00001B0BDE8F04F0CF098BA201D0DF05AFE36
:1095C0003846FFF7ABFC052829D8DFE800F01E037A
:1095D000281E2803BFF35B8FA36DBFF35B8FDA07F1
:1095E00007D4184A1648012101B0BDE8F04F0DF02C
:1095F0009EBBE36D9BB14FF47022002304F1780011
:1096000001B0BDE8F04F07F0D1BA23681D68BFF381
:109610005B8FA36DBFF35B8FDB07E2D556B901B05B
:10962000BDE8F08F51462846B0470134A3B29945B2
:10963000F8D8F4E70024F9E79C4400209FD5020005
:1096400074A402004FD50200F7B50B8A07680446E0
:109650000D463BB9294A2A4801210DF068FB00203C
:1096600003B0F0BD012105F10C000CF032FEBB7A15
:10967000072B0646F3D154F8043C002BEFD00378B7
:109680002048043C002210F832709F4200EBC201D7
:109690000FD12A8A48788F78904222D918480093AF
:1096A00001211346184A0CF02AFA012FD7D10423BE
:1096B00020E001320E2AE6D11148144A02210CF0B2
:1096C00014FA31780846FFF729FC0028C7D005288E
:1096D000C5D00029C3D00623002220460DF00EFE7F
:1096E000BDE74B68204629469847012F0346B6D16F
:1096F0000028B4D031780029B1D0EDE7BED5020002
:1097000074A4020054AD0200F3D50200D9D50200C2
:10971000F0B51E4603680D46003987B0044618BFF1
:109720000121186817460EF0D3F940B904F158002A
:109730000DF09CFC002844D0002007B0F0BD002EA6
:1097400041D01822002168460FF0ADFF47BB2368C7
:109750001E4A1B6800930023ADF812300C9B039344
:10976000BDF83430ADF8103001238DF81430314697
:109770006B4630468DF808500DF00CFB9DF8143008
:10978000C3B1002FD8D00198FCF702F89DF814302F
:10979000002DD1D03246294620460DF0AFFDCBE753
:1097A000002239462046FFF75BFD01900028CED10C
:1097B0001120C2E701990029BED020460DF090FD8E
:1097C000BAE71220B9E70120B7E700BF336D020006
:1097D00008B5837A072B06D00C4A02210C480DF0FD
:1097E000A6FA002008BD04210DF072FA10B9094A4A
:1097F0000121F3E7BFF35B8F436DBFF35B8FDB07A3
:1098000001D4054AF4E750F8040CEBE712D6020045
:1098100074A4020020D602004FD50200F8B50F460E
:109820001646FFF7D5FFB0B1446A20461CB150F888
:10983000A84904B1A83C731C194638B1428D458B28
:10984000AA4228BF2A469A4207D264B90A4A0B485C
:1098500002210CF04AF90020F8BD32463946BDE835
:10986000F840FFF7FDBCD4F8A85005B1A83D20464C
:109870000B462C46E2E700BF3BD6020074A4020070
:10988000F8B54FF470220746002311480D460CF03E
:1098900099FC044638B90F4A0F482B4601210CF0B9
:1098A00024F92046F8BD00F10C06092130460CF0E1
:1098B000DEFC2046FBF7BAFE084B182202FB003301
:1098C000012130469F600CF0DDFC0570E9E700BF28
:1098D000A41400201ED3020074A402009C440020A3
:1098E0002DE9F0410E8A043EF6B2022E04468CB0F9
:1098F000084601D0102E64D104210C300CF0E9FC94
:109900000DF1080805884788011D324640460CF0D5
:109910002AFD002857D09DB3002687B3BD422FD81B
:109920004FF4205301A940468DF80460ADF806308D
:109930000CF0EBFC40BB1422002107A80FF0B3FE93
:1099400011212046FFF79CFF0990002837D0012104
:109950000C30CDE907480CF095FC00230A901B4A17
:10996000037039460B93284607AB0DF013FA0A9B98
:109970001B78FBB90998FBF70BFF0A2301E03D4672
:1099800001232A4610210EE042F6010307A94046B2
:109990008DF81C60ADF81E300CF0B7FC0028CAD062
:1099A00010232A46194620460DF0A8FC00200CB0D2
:1099B000BDE8F081099920460DF092FCF6E71120F0
:1099C000F5E70420F3E70E20F1E700BFDD8F01008B
:1099D0002DE9F043036885B004460D46186801215F
:1099E0000EF076F840B904F158000DF03FFBB0BB23
:1099F000122005B0BDE8F0831022002168460FF068
:109A000052FE21212046FFF73BFF029048B3DFF8CA
:109A10005890009405F10C074FF001082B8A012B98
:109A200004D8029920460DF05BFC18E038460CF093
:109A300058FC6B464A46014606468DF80C800DF0F0
:109A4000A9F99DF80C30002BE8D00298FBF7A0FE96
:109A50009DF80C303246202120460DF04FFC0020AE
:109A6000C7E71120C5E700BFD17002002DE9F04320
:109A7000036885B004460D46186801210EF028F8E9
:109A800040B904F158000DF0F1FAB0BB122005B056
:109A9000BDE8F0831022002168460FF004FE0F217C
:109AA0002046FFF7EDFE029048B3DFF8589000948F
:109AB00005F10C074FF001082B8A012B04D80299FD
:109AC00020460DF00DFC18E038460CF00AFC6B4601
:109AD0004A46014606468DF80C800DF05BF99DF86C
:109AE0000C30002BE8D00298FBF752FE9DF80C30AA
:109AF00032460E2120460DF001FC0020C7E7112060
:109B0000C5E700BF8B700200F0B51D46036885B045
:109B100004460E461868012117460DF0D9FF38B9E2
:109B200004F158000DF0A2FA48BB122005B0F0BDB8
:109B300065B31022002168460FF0B5FD3946204676
:109B4000FFF79EFE029018B3BDF82830ADF8043040
:109B500001238DF80C300F4A00946B4629462846A5
:109B60000DF018F99DF80C305BB10298FBF710FE70
:109B70009DF80C302A46314620460DF0BFFB0020F0
:109B8000D4E7029920460DF0ABFBF8E70120CDE7C2
:109B90001120CBE78B7002002DE9F0410D8A043DC6
:109BA000EDB2022D04468CB0084601D0102D68D1CC
:109BB00004210C300CF08DFB0DF104080688478859
:109BC000011D2A4640460CF0CEFB00285BD0BEB3F8
:109BD000AFB3BE4234D800238DF8183006A942F640
:109BE0002A334046ADF81A300CF08FFB80BB1822A8
:109BF00000210DEB02000FF056FD09212046FFF772
:109C00003FFE089000283AD001210C30CDE90648EB
:109C10000CF038FB0023099003700A238DF82C30D8
:109C20001A4A06AB394630460DF0B4F89DF82C3090
:109C300003B30898FBF7ACFD9DF82C3001E03E46DD
:109C400001233246082120460DF058FB00200EE08B
:109C50002368012118680DF03BFF0028C7D104F1EB
:109C600058000DF003FA002814BF002012200CB099
:109C7000BDE8F081089920460DF032FBE6E711209F
:109C8000F5E70420F3E70E20F1E700BFB5910100EE
:109C90002DE9F0430F4687B00446062107F10C007A
:109CA0000CF017FB0588B0F802808288D7F80C907A
:109CB000C5B10023B8F1000F13D0454512D88DF877
:109CC00000308DF8043001A94FF420536846ADF8F8
:109CD0000220ADF806300CF018FB064660B10A23EE
:109CE00001E0454601232A46062120460DF006FBE9
:109CF000002007B0BDE8F0830146142201A83F7C94
:109D00000FF0D1FC07212046FFF7BAFD0290D8B131
:109D10000A238DF815300D4A019401AB41462846BF
:109D2000CDE903698DF814700DF034F89DF8153005
:109D30002BB10298FBF72CFD9DF81530D3E7029963
:109D400020460DF0CDFAD3E71120D2E7F5920100BD
:109D50007FB5CB681D885E88044685B176B1B54273
:109D60000DD81022002168460FF09DFC05212046E9
:109D7000FFF786FD019058B9112007E03546012311
:109D80002A46042120460DF0B9FA002004B070BD27
:109D90006B46094A0094314628460CF0FBFF029BB3
:109DA00023B90198FBF7F4FC0A23E9E7019920465F
:109DB0000DF096FAE9E700BFAB6D020037B500235E
:109DC00005460C46019307F06DFA0C4B1B68834265
:109DD00004BF00252C4601A909482A46234606F05F
:109DE0009DFA014640B9019B102218460FF05BFC1A
:109DF0000346184603B030BD0023FAE78C45002027
:109E0000F812002010B50446806818B1FBF7C0FCBA
:109E10000023A36021460248BDE810400EF0B1BF08
:109E2000F81200202DE9F347044678300E46174615
:109E30001D460FF05BF9E06D58B9174A174802212B
:109E40000CF075FF20680DF0CDF9002002B0BDE8E0
:109E5000F087134B98424FF0000802D1C4F85C80A1
:109E6000F0E7D0F80490C0F80480E06DD0F80CA0C2
:109E7000FFF7C8FF2068C4F85C800DF0B3F9B9F1B2
:109E8000000FE2D02068CDF800A000683B463246C3
:109E90002946C847D9E700BF56D6020074A402007D
:109EA00090450020F7B550F8044C0546002C59D0D9
:109EB00000F1A40104F124000DF0BDF82E1F05F1FE
:109EC0005C0700220023384606F0BAFB024678BB46
:109ED000AB6D2BB101466FF067033046FFF7A2FF71
:109EE000002345F8043C05F15403BFF35B8F53E8AE
:109EF000001F21F0010143E80012002AF7D1BFF34F
:109F00005B8F636A73BB04F10C06002200233046AA
:109F100006F096FB78B9666886B913482660214634
:109F20000EF02FFF286803B0BDE8F04000F068BFD6
:109F3000FBF72EFCC5E7FBF72BFCE6E7A2683368CE
:109F40006360964208BFA36077683FB1F3680093EF
:109F5000002320681A466FF06701B8473046FFF7C4
:109F600051FFD8E703B0F0BDC01200202DE9F04149
:109F700092B050F8783C06AF064618680CF095FD94
:109F8000037804463D1D032B47D8DFE803F0024069
:109F90004244254928460FF00CFDA37905956278C7
:109FA0000492A2780392E278029222790192627975
:109FB000009207F110081D4A1E2140460BF021F9BE
:109FC0006C4688B006AA1A4BC2E905384FF40073F4
:109FD0009383184B42F8103F00234FF4E251164888
:109FE000F9F7DCFEA6F17400A546FFF75BFF56F813
:109FF000740C13210CF019FD034620B10F4A0E48D2
:10A0000001210BF072FD3037BD46BDE8F0810C49EF
:10A01000C0E70C49BEE70C49BCE70C4A0A212846B8
:10A020000BF0EFF8B9E700BF16B8020038B802002D
:10A030006DD602000300000174A4020099D602004C
:10A040001DB8020024B802002EB80200ECD50200B0
:10A05000F8B51D460F461646FBF7E8FA044C1823E0
:10A0600003FB0040C0E903760123C3800575F8BDFA
:10A070009C44002070B5144D064640B115F8011CF3
:10A080002A466C1E0CF0F1FC98B120460CE00F49FA
:10A0900028460DF057FA40B90C4905F110000DF0B3
:10A0A00051FA20B105F10F0070BD681EFCE70020D9
:10A0B000FAE7217C04F1110230460CF0D6FC0028AE
:10A0C000F5D004F11000EFE7B945002011C60200F9
:10A0D00070B50D4C2378834205460E4603D1601CB3
:10A0E0000DF030FA60B9237BAB420BD10748314603
:10A0F0000DF028FA18B101200C2303FB004070BDBD
:10A100000020F9E70020FAE77C4800208948002079
:10A1100038B54A1C0C46054668B90E4910460DF084
:10A1200011FA30B90B4904F10B000DF00BFA70B1C4
:10A130000A3420460CE009780CF097FC0028F8D18E
:10A14000A17A04F10B0228460CF08FFCEFE7002007
:10A1500038BD00BF11C602002DE9F04180460F4610
:10A1600016461D46FFF7B4FF044680B90F49FFF7B6
:10A17000AFFF044630B9BDE8F0410D4A0D4801215A
:10A180000DF0DEB900F8018B39460DF0FEF9228999
:10A1900063891AB92BB92681658104E0964238BFDC
:10A1A00026819D42F8D8BDE8F08100BF11C60200AB
:10A1B000BED6020094A402002DE9F8431E46BDF865
:10A1C0002030D1F80C8081460F46002B45D1731EFC
:10A1D000012B45D8012E4146157818BF1588FFF789
:10A1E00097FF0446C0B915B93046BDE8F88341462B
:10A1F000FFF78EFF044638B91B481C4A02210DF0B8
:10A200009FF96FF01000F0E709F1700101300DF0D7
:10A21000BCF999F808302370D8F81C308BB9258127
:10A22000B8F81430AB4203D0414638460DF05FF920
:10A23000002DD9D10E49601C0DF0A7F9257025819C
:10A24000D2E72A463946484698470028CDDB0138F0
:10A250000128E4D96FF00D00C7E76FF00600C4E7EE
:10A260006FF00C00C1E700BF94A40200DDD602002D
:10A2700011C6020008B5044A044801210DF060F936
:10A280006FF0040008BD00BFF7D6020094A40200DE
:10A2900010B50A4801210DF063F938B90849094A97
:10A2A0000B88094CA24202D300B10B8010BD50684C
:10A2B00003449BB208320120F4E700BFD8450020D8
:10A2C000944800203CA402005CA40200024608B5A9
:10A2D000084901300DF059F9002313720C32BFF315
:10A2E0005B8F52E8001F42E800300028F9D1BFF32D
:10A2F0005B8F08BD11C602002DE9F0411F46BDF875
:10A300001830012B0646904636D83B44012B3D467B
:10A3100035DCFFF7AFFE044668B9FFF7ABFE044635
:10A3200048B91A4A1A4802210DF00AF96FF01005CF
:10A330002846BDE8F08197B1217A98F800200023E3
:10A3400021FA03F0C70703D522FA03F0C00719D595
:10A350000133032BF4D102F007021143217206F1FD
:10A360007001601C0DF011F92046337A00F80C3BA7
:10A3700000210DF0F5F8DBE76FF00605D8E76FF088
:10A380000C05D5E76FF01205D2E700BF0AD702002F
:10A3900094A4020010B56FF0020104460F480DF0BE
:10A3A000FBF80E480DF0D6F8C20704D50C48002281
:10A3B000002306F0FBFB20460DF071F860B120464B
:10A3C000FFF758FE40B1037ADB0705D5BDE8104022
:10A3D00000210C300DF0C4B810BD00BF383500208E
:10A3E0000835002013B5BDF810100B4C1046082995
:10A3F0004FF42812CDE900420BD8C1F108049C4269
:10A40000A8BF1C46224669440FF03FF9204602B01F
:10A4100010BD6FF00604F9E7180028002DE9F04799
:10A42000284B164682689A4207462BD1C568AB8AEC
:10A4300043B36C1C05F115094FF00008B4F8073060
:10A440009BB114F8011C224630460CF00EFBE0B91B
:10A4500014F8010C2146FEF725FA30B1837A072B58
:10A4600008BF4FF00108FDF7B3FE0A344C45E5D1B3
:10A47000B8F1000F06D1AB69A5F8148013B14146BD
:10A48000384698470120BDE8F08706F1700A307A17
:10A4900051460CF065F878B90B4B9D4202D130461D
:10A4A0000DF00FF9094920460DF06FF8002304F86C
:10A4B000013CA4F80730D8E7514620460DF065F876
:10A4C000D3E700BFB9A10100280E002011C6020089
:10A4D00008B50C4800210DF043F888B9FFF7D8FE05
:10A4E00009490A480EF0F6FD002308484FF4A4720B
:10A4F000FBF708FABDE80840054906480EF0EABD3A
:10A5000008BD00BFD845002085A701009034002079
:10A510008DA90100083500202DE9F041034648B11E
:10A52000008A38B91249DFF84CE001244FF0140CCE
:10A53000714501D3BDE8F081D1E90076BB4204D377
:10A540000CFB0672143A93420ED93444A2B208317D
:10A550001446EDE70CFB0578434507D00135621939
:10A56000B54292B2F6D1F2E70025F8E71046E1E7EE
:10A570003CA402005CA402002DE9F04F89B099468A
:10A58000BDF8483004460F4690461BB94FF6FF739E
:10A59000ADF84830314B1B88A34230D2BDF848306B
:10A5A000ADF81E302E4B1D687DBB09B0BDE8F08FA5
:10A5B00069685144A14220D289B208358A46294BA4
:10A5C0009D42F5D3EAE7149B28680493139B0393F9
:10A5D00012ABCDE90193CDF800803B4622460BFB40
:10A5E00006000CF0E8FF0028DFD001366B680AEBAC
:10A5F0000601B34289B2E6D8DFE70026F6E71A4D36
:10A600004FF0010A4FF0140BD9E7083D4FF0140A40
:10A610000DF11E0BAE68BEB96B689E4219D2286858
:10A62000149B0AFB06002246018A0493139BCDE982
:10A630000089CDE902B33B460CF0BDFF0028B4D041
:10A640000136E9E70026E7E756F8083C1B8AA342F3
:10A65000F8D8AD68002DA8D0083DDBE7944800206D
:10A66000DC4500205CA402003CA4020010B5C8B088
:10A6700000241AAA694604A8CDE90044CDE90244A1
:10A680000BF062FC68B14FF6FF710120154A04AB74
:10A690000DF06AF9144804A90BF0EBFC40B9134A19
:10A6A00000E0134A134801210CF04AFF48B010BDE6
:10A6B0000D4B03F110020134197812F8010D03F863
:10A6C000010B082C1170F6D1BFF35B8F0A4B53E8D6
:10A6D000001F41F0080143E80012002AF7D1BFF340
:10A6E0005B8FE3E7177602008034002048D7020032
:10A6F00036D7020094A4020038350020F8B51E4970
:10A70000BDF818600446A1F1300015461F460EF052
:10A7100000FD1A480CF01EFF010701D4FFF7A6FF49
:10A720002046FFF7A7FCA8B1037ADA0712D500F19B
:10A730000C0108460CF00EFFC3070BD4BFF35B8F70
:10A7400051E8003F43F0020341E80032002AF7D10C
:10A75000BFF35B8F102E0CD8C6F110040849BC4221
:10A76000A8BF3C462246314428460EF08EFF2046C4
:10A77000F8BD6FF00604FAE7C03400203835002039
:10A780008034002008B505480CF0E4FE030703D42C
:10A79000BDE80840FFF76ABF08BD00BF383500209C
:10A7A00007B500230193FFF7B7FE411C89B20846A5
:10A7B000034A01AB0DF0D8F8019803B05DF804FB33
:10A7C000BD7602002DE9F047894651684F8A17F09F
:10A7D00094078046154609D02B4A2C4802210CF0DC
:10A7E000AFFE4FF0FF352846BDE8F08702220DF09E
:10A7F000E2F838B9264A254802210CF0A1FE6FF094
:10A800001505F0E74FF470200021AE8AFFF7D6FA65
:10A810000236044688B11F4B4360C56032461D2195
:10A820004046FEF7FBFF064650B918481A4A022177
:10A830000CF086FE2046FFF7E5FA6FF00B05D2E735
:10A8400001233A46394606F10C0AFFF701FC0221C2
:10A8500050460BF017FD0746504627F8029BA98A81
:10A860000BF010FDAA8A296938460EF00EFFA6608B
:10A87000214640460CF0F6FD05460028B3D02046A0
:10A88000FFF7C0FAAFE700BF5BD7020094A4020055
:10A8900071D702000B7502009CD7020030B5044648
:10A8A0008BB037480CF056FE42070D4661D514B107
:10A8B000A37A072B60D168680590FFF72DFE2A6800
:10A8C000ADF818003AB305A902912E490191012172
:10A8D000002300914FF6FF710593FFF74DFE059B96
:10A8E0001BB96FF001000BB030BD6B60059B1868A1
:10A8F00000238DF8103004A942F60303ADF812309E
:10A900000BF003FD70B90598C3689B799B0605D4CD
:10A910006FF01500E7E70028E8D1E2E70CF0D2FF7E
:10A92000ADF81800BDF818003CB101230146AB7525
:10A930002A462046FFF746FFD5E76FF07F030793CF
:10A940000223ADF8203042F60213ADF8123005AB09
:10A95000AC7502930C4B01930123009304AA234688
:10A960004FF6FF7109958DF81040FFF705FE079827
:10A97000B9E76FF00A00B6E76FF07F00B3E700BFFA
:10A980005C0800203975020091AC010073B500F13C
:10A990003005044650F8083C0193A0F120066FF002
:10A9A000010128460CF0F8FD114B44F81C3C114BFA
:10A9B00044F8183C01AB002044F8103C042324F870
:10A9C000080C24F8060C24F80C3C3146FFF766FF0F
:10A9D00058B9BFF35B8F55E8003F43F0020345E8E9
:10A9E0000032002AF7D1BFF35B8F02B070BD00BF09
:10A9F000FCAD020095A301002DE9F047364B156828
:10AA000082689A4200AF044662D1D0F80C8008F107
:10AA1000010608F11509B6F80730EBB116F8011C6C
:10AA2000324628460CF021F8B0B14FF49572214619
:10AA300028460CF0A4FF032812D1EA4688B06A46E3
:10AA4000264BC2E9053442F8100F254800234FF485
:10AA5000C451F9F7A3F9D5460A364E45DBD137E0A4
:10AA6000414620460CF043FD1E4B984530D1287AD4
:10AA700005F17001FFF72CFB044648B303890BB9BD
:10AA800043892BB32846FDF7EDFC174A238922F8AA
:10AA9000203002EB8003618959801449144C18233B
:10AAA00003FB001300B202EB800200EB40005C608D
:10AAB0001A61104C9C60042201EBC00128469A8266
:10AAC000FFF7ECFE20B10C4A054801210CF038FDDF
:10AAD0000120BD46BDE8F087B9A10100C3D702003F
:10AAE00094A40200280E002078480020A0450020F1
:10AAF000FCAD020019770200D7D702002DE9F84318
:10AB0000884651684B8A03F094030746144643B1C4
:10AB10002148224A02210CF013FD4FF0FF30BDE81E
:10AB2000F88301220CF047FF38B91B481C4A022168
:10AB30000CF006FD6FF01500F1E7A2891B2102322F
:10AB40003846FEF76BFE054638B91348154A022110
:10AB50000CF0F6FC6FF00B00E1E700F10C090221AC
:10AB600048460BF08FFB0646484626F8028BA18923
:10AB70000BF088FBA289A16830460EF086FDD4E96F
:10AB8000041228460123FFF763FA29463846BDE838
:10AB9000F8430CF03ABC00BF94A402005BD702005B
:10ABA00071D70200F4D7020030B504468BB03548A7
:10ABB0000CF0D0FC42070D465DD514B1A37A072BEB
:10ABC0005CD168680590FFF7A7FC2A68ADF818000B
:10ABD0003AB305A902912C4901910121002300916A
:10ABE0004FF6FF710593FFF7C7FC059B1BB96FF08C
:10ABF00001000BB030BD6B60059B186800238DF819
:10AC0000103004A942F60303ADF812300BF07DFBBF
:10AC100070B90598C3689B79DB0605D46FF0150001
:10AC2000E7E70028E8D1E2E70CF04CFEADF81800A9
:10AC3000BDF818002CB101462A462046FFF75EFFFA
:10AC4000D7E742F60212ADF8122005AA6FF07F0393
:10AC500002920E4A07930123CDE90032ADF820306D
:10AC600004AA23464FF6FF7109958DF81040FFF7AF
:10AC700083FC0798BDE76FF00A00BAE76FF07F002A
:10AC8000B7E700BF5C0800203975020091AC0100F5
:10AC90002DE9F047424B144682689A42804636D1ED
:10ACA000D0F80C903F4B994519D13F4D3F4F0026AE
:10ACB000394628460CF046FC78B915F8010C0722F5
:10ACC0002946FDF741FE38BB236915F8010C1A69C6
:10ACD000294653881288FFF73FFA0C35D6B109F19F
:10ACE000010709F1150AB7F80720A3899A420BD189
:10ACF00017F8010C3946FDF7D5FD054620B1837ADA
:10AD0000072B0CD0FDF764FA0A37BA45EBD10120C6
:10AD1000BDE8F0870126CBE7FDF75AFADDE7D9F861
:10AD2000203023B14146984708B92846EAE7B8F8E9
:10AD3000123013F0940605D01D4A1E4802210CF073
:10AD4000FFFBF2E7A389022B15D1B7F8073013F008
:10AD5000020604D12846FDF73BFAA660D4E7226933
:10AD6000A1882846FFF72EFD064688B92269937D03
:10AD700001339375EEE7012BECD1B7F8073013F0F0
:10AD80000106E7D02269A1882846FFF7B7FE0646EC
:10AD90002846FDF71DFA002EA660B5DA0020B7E7B9
:10ADA000B9A10100280E00207D48002011C6020034
:10ADB0005BD7020094A4020007B5064A00906B46D8
:10ADC00001204FF6FF718DF804000CF0CDFD03B0AB
:10ADD0005DF804FBF9A90100F8B5084B1C680546AD
:10ADE0000E4617464CB154F8043C043C1BB13A469D
:10ADF0003146284698476468F4E7F8BDE4450020EA
:10AE000070B503460F4A04464FF6FF7101200CF05F
:10AE1000ABFD2046FFF72EF9054688B104F1700618
:10AE2000207A31460BF09CFB20B92846BDE87040E3
:10AE3000FFF74CBA3146681CBDE870400CF0A5BB6A
:10AE400070BD00BF1DA4010080B500AF88B06A4688
:10AE5000074BC2E90530032342F8103F05480023A1
:10AE60004FF4C251F8F79AFF6FF00B00BD4680BD5A
:10AE70002CD80200CCA40200044B1A680AB1FFF7D8
:10AE8000E3BF034858600B6010467047EC45002054
:10AE900000AF0200054B0122C3F8002590F8861090
:10AEA00009B1DA6070471A605A607047007000405C
:10AEB0002DE9F0410E798D7906F01F03072B1DD87F
:10AEC0000C780B2C15D8DFE804F0070707071406E9
:10AED00014140E10141204244A78032A12D0042ADF
:10AEE0001ED0424A06E00524F6E70624F4E70724CC
:10AEF000F2E73F4A3F4801210AF0EEFD6FF01500EE
:10AF0000BDE8F08101204A8844F20A07BA4259D8C4
:10AF100043F6FE77BA4205D8002A61D0364AE9E7FF
:10AF20000020F0E7A2F57F523F3A0B2AF6D801A79E
:10AF300057F822F0E9AF01001DAF01001DAF01007D
:10AF40001DAF010065AF01001DAF0100C1AF0100E1
:10AF50001DAF01001DAF01001DAF01001DAF0100BD
:10AF6000E1AF01000022254F4FF00108000397F8E0
:10AF7000A8C008FA03FE40EA042016F020065FFA93
:10AF80008EFE40EA02404FEA031214BF2CEA0E0C78
:10AF90004CEA0E0C02F1804287F8A8C002F5E042AC
:10AFA00018BF46461F44497987F8A01040EA06506A
:10AFB000C2F818050020C2F81005C2F814559FE722
:10AFC0000122D0E744F21407BA420BD044F228071A
:10AFD000BA4209D044F20F07BA429FD10322C2E716
:10AFE0000222C0E70422BEE70522BCE777D80200B0
:10AFF00058D802005CA402009BD80200F808002088
:10B00000F7B50D464FF0FF3367484FF0FF3205F0BC
:10B010006FFB6E68731EFE2B05D9644A64480121DC
:10B020000AF05AFD12E000236248634F1A4626FADE
:10B0300003F111F0010134D017F803C0BCF1000F87
:10B040000CD15E4A5A4801210AF04FFD6FF01504F9
:10B05000554805F027FB204603B0F0BD00EB031E6A
:10B060006C7CDEF81815003C18BF012421F08071BB
:10B0700041EA0461CEF8181503F1510109010132CA
:10B0800040F801C0D2B20133082BD0D12B7CA3F100
:10B09000080106291ED8DFE801F01F1D211D111D22
:10B0A0001B0000EB031CDCF8184524F08074CCF87E
:10B0B000184503F1510424010151E4E702233D49FD
:10B0C000012AC1F8F0356B7C0AD95BB13C4AA5E78F
:10B0D0000323F4E73B4AB5E70023F0E70123EEE75B
:10B0E000082B10D8C1F8F4352B6851006BB9EB6808
:10B0F0008B420ED2344A00912D4801210AF0FFFC08
:10B100006FF00B04A4E7314A9CE79B8903FB011114
:10B11000EDE7284BA968C3F82C162F46C3F8302654
:10B120000FCF2B4C04F174060FC63B68336000262A
:10B1300026672B6827469BB30FCB04F1880585E86B
:10B140000F006567A4F8986050B3BFF35B8F57E8B2
:10B15000003F47E80062002AF9D1BFF35B8F1D4929
:10B16000D4F888501C4A4FF400400F463146E5FBA6
:10B17000007100233846F0F76DFD0022CDE9000193
:10B18000002304F1080006F013FB14484FF0FF32CF
:10B190004FF0FF3305F0ACFA00B12067246F57E79A
:10B1A0000B48FFF777FEF0E738090020C6D8020009
:10B1B0005CA402000070004098090020E4D802005E
:10B1C00023D90200FED8020078D9020055D9020026
:10B1D000F80800203F420F0040420F0050090020B5
:10B1E00010B50E4B0024C3F80441D3F80421C3F872
:10B1F0001041D3F810211222C3F804230720F9F7D5
:10B2000083FD224601210720F9F7AEFD0448836C37
:10B2100013B9403005F046FA002010BD0070004020
:10B22000F8080020F8B53C4BD3F80421002A66D07A
:10B230000021C3F80411D3F80421384C01229A608C
:10B24000C3F80015A66F94F8A8703742254606D1BA
:10B25000636FC3B93248BDE8F84005F023BAD3F8AC
:10B260002C16F6B213461E4208D01F4205D0B1F983
:10B270000020002ABCBF00220A8002315B009BB282
:10B280009F42F0D2E4E7D4F88C30B4F898202BB188
:10B2900024499847012814D0022828D0B4F89830BF
:10B2A000B4F894209A4222D90133A4F898301A4B6A
:10B2B000D3F82C26D3F8341689B202EB4102C3F836
:10B2C0002C26D4F8883023B9BDE8F8401348FFF79E
:10B2D000E1BDBFF35B8F55E8003F5A1E45E80021F2
:10B2E0000029F8D1BFF35B8F012BEDDCF8BDD4F85A
:10B2F0008830002BAED00C480EF0E0F8AAE7D3F867
:10B3000010110029F2D0C3F81021D3F81021012226
:10B310009A601A605A60E9E700700040F80800205F
:10B32000500900206C09002000090020084B70B56E
:10B33000C31A0D4607499B1004465943064840224C
:10B340000CF049FC2B4601462046BDE870401847EA
:10B3500054460020B76DDBB6D8A1020073B50C4C83
:10B360000C4A4023041B00930D460B460A49A410C7
:10B370006143064609480CF059FC011E05DA3046C7
:10B380002B4602B0BDE87040184702B070BD00BF48
:10B3900054460020957C0200B76DDBB6D8A10200B0
:10B3A000002270B5012104461046F9F7DDFC0F4874
:10B3B00003F08AF80E4B984215D10DF01CFA26695D
:10B3C0000C4930460AF056FA00280BDB012535649B
:10B3D0002469084904F11C000AF04CFA002801DB3A
:10B3E000E564002070BD6FF00400FBE755B5010077
:10B3F0000000AD0B34AF02007FB500220123CDE980
:10B40000022304ABCDE90433094ACDF800D06B46E2
:10B41000CDF804D00CF037FC002805DB4FF4804257
:10B420000023684605F064F907B05DF804FB00BF2F
:10B43000AF7C020010B5074C23782BB94FF4A570F0
:10B440000DF0EAFB01232370BDE81040002003F05B
:10B450002BB800BF6279002010B5EFF311844023B0
:10B4600083F31288BFF36F8F074A136823F002013A
:10B47000DB07116002D401200DF0B8F984F31188C4
:10B48000BFF36F8F10BD00BFA446002030B4104B37
:10B490000C2202FB003301460020D3E90E529863D0
:10B4A000EFF31180402484F31288BFF36F8F1C6C7C
:10B4B00004F0C00444F002041C6480F31188BFF35C
:10B4C0006F8F1DB12B46034830BC184730BC704706
:10B4D00054460020D8A1020010B4EFF3118240239B
:10B4E00083F31288BFF36F8F1848016841F002049C
:10B4F0000460C80708D482F31188BFF36F8F01205E
:10B500005DF8044B02F0D0BF4FF08041D1F80C043D
:10B51000D1F80C14C907EED5EFF3118083F312882C
:10B52000BFF36F8F0A490B6C03F0C00343F00203B3
:10B530000B6480F31188BFF36F8F82F31188BFF320
:10B540006F8F00205DF8044BFFF7A0BFA4460020DA
:10B550005446002010B1012804D07047034B1B6CE7
:10B560005B0701D1FFF792BF704700BF5446002030
:10B570002DE9F0413849BFF35B8F0746012251E8BE
:10B58000003F41E800200028F9D1BFF35B8F33B9B9
:10B59000324933484B60CB608A600AF07EF97B1EEB
:10B5A000012B2BD8012F07D14FF08043D3F81C3447
:10B5B00003F00303012B21D00DF0DFFD0546F8B9A0
:10B5C000284B1B78E3B14FF080430222C3F80823D5
:10B5D0000646DFF894804FF08044D4F81824D4F85D
:10B5E0001834D20315D503F00303012B01D0012F2A
:10B5F0000FD155B386F31188BFF36F8FBDE8F0818B
:10B60000EFF31186402383F31288BFF36F8F012578
:10B61000DFE7ADB130460AF088FDD4F81835002BCD
:10B62000DBD1D4F80421002AD7D0C4F80431D4F8EF
:10B6300004310123C4F81835C8F88031A360CCE781
:10B640000021212005F0F2FDE7E74FF080430222C0
:10B65000C3F80423D2E700BF504600204046002034
:10B6600070460020357B002000E100E008B5074867
:10B670000DF0D7FA38B10648F9F73CFE0448F7F761
:10B68000FBFD002008BD6FF01200FBE728A20200BE
:10B6900095B601000A2838B5074D044604D1AB68B9
:10B6A0000D215B6828469847AB6803485B68E1B2A8
:10B6B0009847204638BD00BF28A2020010B5036994
:10B6C0004468BFF35B8F012202FA01F1103353E8A3
:10B6D00000CF4CEA010C43E800C00028F7D1BFF3CB
:10B6E0005B8F236943F30733002B08DB590903F011
:10B6F0001F039A4001F14003014941F8232010BD86
:10B7000000E100E0EFF31182402383F31288BFF3DE
:10B710006F8F0A4BD3F8001161B10021D3F80805EF
:10B72000C3F80011D3F80031C0B282F31188BFF31F
:10B730006F8F70476FF00A00F7E700BF00D000403E
:10B74000F0B5034610469C7893F803C0EFF31182DE
:10B75000402585F31288BFF36F8F1F7893F801E0BF
:10B76000E41B04EA0C04A04288BFA0B23E180CEA15
:10B7700006063D461E7082F31188BFF36F8F0A18CC
:10B780008A4216D177450CD1EFF31182402181F323
:10B790001288BFF36F8F1978597082F31188BFF345
:10B7A0006F8F1B79241AA34222BF064B01221A6015
:10B7B000F0BD5E190135767901F8016B05EA0C05DB
:10B7C000DEE700BF00D00040DB432DE9F04713F077
:10B7D00001050E46144604D02248FFF7B1FFBDE82C
:10B7E000F0879AB3EFF31188402383F31288BFF3F5
:10B7F0006F8F0D20F9F7AAFA07460D20F9F792FA94
:10B8000088F31188BFF36F8FDFF85CA0DFF85C80EE
:10B81000CAF80051DAF800314FF400590123CAF890
:10B8200000302546C8F88091DAF8003183B1FFF77F
:10B8300069FF031EC8F88091F6DB013DADB2735578
:10B84000002DF1D117B10D20F9F75EFA2046C6E7B9
:10B85000EFF31180402383F31288BFF36F8F0AF058
:10B8600064FCE1E70C47002000D0004000E100E06C
:10B870002DE9F041124F0D46144607F1450814B961
:10B880002046BDE8F0814FF0FF334FF0FF323846DD
:10B8900004F02EFF224629464046FFF751FF064698
:10B8A000384604F0FFFE3EB94FF0FF324FF0FF3351
:10B8B000044804F01DFFE6E7A41BA4B23544DEE70C
:10B8C000DC460020F446002038B5194C0122114610
:10B8D00020460DF02DFB0122002104F118000DF08F
:10B8E00027FB40F20743A4F848304FF0706323630E
:10B8F0000C2384F8343000250E4B84F84550A4F80E
:10B900004650D3F8042522F00102C3F80425012192
:10B91000C3F80051D3F80021C3F804132A46196074
:10B920000D20F9F721FA0D20F9F7EEF9284638BD78
:10B93000DC46002000D0004010B5FFF7E3FE0028F1
:10B9400020DB174B93F8322093F8314093F83310F3
:10B95000141B31EA0404C0B20DD193F8472093F8C8
:10B96000464093F84810141B31EA04040BD10D4BE8
:10B9700001225A600EE09C180132114084F8350013
:10B9800083F8321010BD9C180132114084F84A002F
:10B9900083F847100448BDE8104004F083BE00BFA0
:10B9A000DC46002000D00040F446002038B5456851
:10B9B0002B69B3B11035284603F08EF9044680B9DF
:10B9C0000146284603F054F9084B98420BD1084928
:10B9D0002246284603F034F9224605210620F9F7CD
:10B9E000C3F9002038BD6FF00400FBE70000AD0B89
:10B9F000F5B90100430970B507D10B4B596821B166
:10BA000001250C68094E854001B970BD8A682A403D
:10BA100002D04B68304698471CB1236821461C462B
:10BA2000F2E72346FAE700BF30470020ECA102000E
:10BA30002DE9F043476840F20636D0063B7B87B0DD
:10BA400002EA060654BFC2F34010032001F01F05AE
:10BA5000B6F5837F144645EA43158DF8030043D0BD
:10BA60000FD8062E18D007D8B6B1022E3ED06FF0F0
:10BA7000150007B0BDE8F083B6F5807FF7D1012649
:10BA80000AE040F20222964232D0B6F5407F31D031
:10BA9000B6F5007FEBD102260123220303FA01F160
:10BAA0002AD57B68C3F808153B695BBB05F01F020C
:10BAB0006D0974D1920002F1A04284F48031D2F871
:10BAC0000037C1F30041C4F3404423F4E16344EA86
:10BAD000410423F007031C4344EA800444EA06249B
:10BAE000C2F800470020C4E70726D5E70426D3E7BD
:10BAF0000526D1E70326CFE7630344BF7B68C3F87D
:10BB00000C15D1E710370DF102022946384603F033
:10BB10009DF814F4403F80460CD1294638460CF07D
:10BB2000FAFE214B9845DDD19DF80210384603F00E
:10BB3000DDF8D7E701AB4FF0000903AA29463846E4
:10BB4000CDE90439CDE90199CDF80C9002F052FF0E
:10BB5000154B98428BD114F4003315D09DF8033067
:10BB60008DF80E3084F48034C4F300444B4603AAAD
:10BB7000294638468DF80C608DF80D4002F0EAFF3A
:10BB8000094B9842CDD072E7CDE9043303AA0DF1F9
:10BB9000030329463846039302F02CFFF0E702F531
:10BBA000E07253F82230FFDE0000AD0BF0B54068C4
:10BBB000057B01F01F0444EA4514056987B0002D98
:10BBC00060D0B2F5001F00F1100506D121462846CD
:10BBD0000CF0A3FE002007B0F0BD01AE0027B2F5C7
:10BBE000800F0197776038D1B3F1007F14BF052330
:10BBF00004238DF804300023CDE9046303938368A4
:10BC000023FA01F111F0010119D1B2F1A07F16D18F
:10BC100004F01F03620903F5E07339D14FF0A0422D
:10BC200052F82330DB070AD40DF1030632462146D1
:10BC3000284603F00BF8184B984219D0029603AA35
:10BC40002146284602F0D6FE144B98421DD101220F
:10BC50002146284603F056F8BCE7B3F1C06F05D083
:10BC6000B3F1007F14BF01230223C2E70323C0E71F
:10BC70003146284603F040F8084B9842DED06FF07A
:10BC80000B00A8E76FF08500A5E76FF01500A2E7AD
:10BC900051F82330FFDE00BF0400AD0B0000AD0BF8
:10BCA00002780B69012A08D0022A08D04AB9064A4C
:10BCB0005A6303F11C0004F0F5BC044AF8E7044A97
:10BCC000F6E7044AF4E700BF0000AD0B0100AE0B3D
:10BCD0000200AE0B0100AD0B2DE9F04FD0F8109033
:10BCE000D0F8048085B005460C461746029309F14A
:10BCF000040A4FF0FF324FF0FF33504604F0F8FCD7
:10BD000009F11C0B00230022584604F0F1FC4046C8
:10BD100003F022FF7B1E00260393B74201D80023C5
:10BD200022E0039B217AB34283BF237D83F0040387
:10BD3000C3F3800300230193029B0093D4E9002303
:10BD4000284600F08FF8034670B94FF48042002374
:10BD5000584604F0CDFC98B1404603F00DFF28464C
:10BD600000F06EF86FF004034046029303F004FF06
:10BD7000504604F097FC029B184605B0BDE8F08FD2
:10BD8000D9F83430034A934204F10C04EAD1013665
:10BD9000C3E700BF0000AD0B98B5044640682346DA
:10BDA000826900AF00F1080103F076FE0E4B984265
:10BDB00017D023686C4688B06A460C49C2E905135F
:10BDC0004FF4007393830A4B42F8103F0948002355
:10BDD0004FF4E251F7F7E2FF6FF00F00A546BD46C2
:10BDE00098BD0020FBE700BF0000AD0B54DA020055
:10BDF000030000010CA5020008B5CA0743680069EA
:10BE00000AD4C1F34202012A09D0022A0FD00A4AF9
:10BE10000A48012109F060FE6FF0150006E01B687A
:10BE20004FF0CC72C3F824250160002008BD1B68C8
:10BE30004FF0CD62F6E700BF74DA02000CA50200F5
:10BE400008B543681B68D3F80805D3F80C1503F050
:10BE500089FF034B984214BF6FF00F00002008BD0C
:10BE60000000AD0B2DE9F04186B00C4647689DF807
:10BE700034801546002112220DF106001E460DF0F9
:10BE800012FCBDF830208DF8052004F0010314F0F9
:10BE900008028DF804300296049509D0124A13481E
:10BEA000012109F019FE6FF0850006B0BDE8F081B0
:10BEB000A10705D4B8F1000F11D1002BF3D1202236
:10BEC00001A9384603F074FE094B984209D00B33A0
:10BED00098420CBF6FF00F006FF00400E5E74022BE
:10BEE000EEE70020E1E700BF86DA02000CA50200C1
:10BEF0000000AD0BB0B5446800AF054620680CF0FB
:10BF000090FE60B1E06830B9A17F0023DAB29142BF
:10BF10001ED800201AE00CF084FE0028F4D123681B
:10BF20006C4688B01B686A461849C2E905134FF48D
:10BF300000739383164B42F8103F164800234FF4CA
:10BF4000E251F7F72BFF6FF01200A546BD46B0BDDA
:10BF5000226AD25C032A03F10103D7D96C4688B068
:10BF60002B686A460C49C2E905134FF400739383AA
:10BF7000074B42F8103F074800234FF4E251F7F710
:10BF80000DFF6FF01500A546E0E700BFACDA020038
:10BF900003000001BCA50200C4DA02002DE9F04351
:10BFA0005B4E5C4F00EB810140F2FF15814202D1F4
:10BFB0000020BDE8F083046814F4804FC4F3C32C60
:10BFC000C4F3080340F09080240E16F80CC0AB4276
:10BFD00008BF4FF0FF33192C00F28980DFE804F02E
:10BFE0000D13191C1F251C87878787366387878752
:10BFF000878787878787667B7E81C2F80C355C1CC4
:10C000005ED10430D2E7C2F814355C1CF9D00024AC
:10C010005FE0C2F80835F2E7C2F81035F5E75C1CBE
:10C02000C2F80835EDD0002404E05C1CC2F80C35E1
:10C03000E7D001245FEA531E5CD14FF001084FF0B6
:10C04000A04E08FA03F9CEF80C950AE0C2F80835BC
:10C05000BCF1000FD9D15C1CD3D00024A0464FF016
:10C06000060CD0F8009009F4004EBEF1000F1CBF82
:10C070004FF00008012403F01F0E5B0942D14FEA84
:10C080008E0E0EF1A04EC9F34129DEF800373B4079
:10C0900043EA890343EA0C2343EA080343EA4403DF
:10C0A000CEF80037ADE7C2F80C35D1E7C2F86035FD
:10C0B000B3F1FF3F0468A4D0C4F30044002CB8D00F
:10C0C0005C091BD101244FF0A04E04FA03F8CEF80E
:10C0D0000885A046C5E7C2F86435E9E7C2F86835C7
:10C0E000E6E7C2F86C35E3E76FF0150061E76FF043
:10C0F00085005EE70023C3F80C35FFDE0023C3F89C
:10C100000835FAE70EF5E07E002353F82E30F4E709
:10C1100024DB0200F0F8FCFF2DE9F04104464768FB
:10C120000D460DF02AF84FF0400888B9264B1B78D1
:10C1300073B1642660680CF04CF9F0B901200CF082
:10C140006CFB013EF6D10021212005F06FF8F0E7ED
:10C15000EFF31186314688F31288BFF36F8F606862
:10C160000CF037F9A8B986F31188BFF36F8FEFE7AA
:10C1700086F31188BFF36F8FE5E7EFF31186314641
:10C1800088F31288BFF36F8F60680CF022F90028E3
:10C19000EED0BB691D706368BA691B680020C3F8E4
:10C1A00044250122C3F84825C3F82001D3F82041D3
:10C1B000C3F85801D3F858019A6081F31188BFF38E
:10C1C0006F8FBDE8F08100BF357B0020F7B50546D5
:10C1D000002201210220F8F7C7FD0220F8F794FDA4
:10C1E0006B6819681A69C1F824255A7D1B7D1343B1
:10C1F000C1F86C356E68D6E9004313F0010350D0E6
:10C200002F6907F108000CF014FB334B984208D05B
:10C210003248334A012109F05FFC6FF0040003B09B
:10C22000F0BD387A04F10C0204F590710CF0F7FAC5
:10C23000387A012707FA00F002F0F4FA0823C4F86C
:10C240000035B369C4F844350023C4F84835A76005
:10C25000D4F85831002BFBD00021C4F800156B68CE
:10C26000DC6801AA20460CF087F8002805DB019B5A
:10C27000226819791868FFF791FE6A681368082127
:10C28000C3F80015117A51B9D269C3F834250122D7
:10C29000C3F83825C3F81011D3F810111A60002024
:10C2A000BDE70822C4F80025B269C4F84425C4F8E3
:10C2B00048350123A360D4F82031002BFBD00023A4
:10C2C000C4F82031D4F820310123E3604FF48073A7
:10C2D000C4F80433BCE700BF0000AD0BACA50200FE
:10C2E0002CDB02002DE9F04383B045680669D5F8E0
:10C2F000208000AF3A1D002140460CF03DF8041E9E
:10C300001ADB7B68D8F8002019791868FFF746FE19
:10C31000041E11DB696A481C1BD005F1280000F0DF
:10C32000F1FA10F1130F04460BD1314A31480121C3
:10C330000CF080F86FF0120420460C37BD46BDE8C3
:10C34000F083411D05D12C4A2A4801210CF072F8D6
:10C35000F2E7EB699847B5684FF00108D6E9023279
:10C3600003EBC2039D4204D330460CF091F8002445
:10C37000E2E728680CF055FC0346B0B92A68297931
:10C3800010686C468AB06A461C4DD1614FF400714A
:10C3900011841B49C2E9055042F8101F15484FF49B
:10C3A0001151F7F7FBFCA546C4E728682979EB880B
:10C3B000D0F810C0D0F80890DCF80040DA0754BF7D
:10C3C00043F4B01383F4D01323F4801208FA01FE6F
:10C3D000DB074CBF44EA0E0424EA0E04CCF800400C
:10C3E000D9F800309847041EA6DB0835B6E700BF31
:10C3F00069DB020094A5020094DB0200B1DB0200BD
:10C40000040000017FB50546406829698A6D0B6EFE
:10C410000ABBABB14C6D8B6616461A46C96D0291CC
:10C42000CDE9004611B3002B18BF13460022694620
:10C43000039302F08FFE0E4B98420AD06FF0040374
:10C440002C69236404F1280004F02CF9002384F8FB
:10C450006C3004B070BD4C6D13B19A4228BF1A46BF
:10C46000002C8A6614BF16460026D7E70B46DDE788
:10C470000000AD0B38B503780C4663B98D6E5DB91D
:10C480004B6E1C696FF07303236404F1280004F001
:10C4900009F984F86C5038BD8B6D33B19D4213D9C6
:10C4A000224A234801210BF0C5FF236EA26E33B14F
:10C4B0009A4221D91D4A1E4801210BF0BBFF606E34
:10C4C000BDE83840FFF79EBF5B1B8B6573B94B6CB3
:10C4D00008334B648B6C013B8B6401F1580204F10F
:10C4E000440048310BF0ADFF6065DEE74B6D002B7B
:10C4F000DBD02B444B65D8E79B1A23667BB9E36CF2
:10C500000833E364236D013B236504F1600204F109
:10C51000500104F14C000BF094FFE065CFE7E36DB0
:10C52000002BCCD01344E365C9E700BFD5DB020084
:10C5300094A502002DE9F04F8BB000AFC7E902329D
:10C5400043687B608B8804699E048046894630D4AA
:10C550004FF0FF324FF0FF3304F1100004F0C8F841
:10C56000C4F80490D8F810A0D8F804B09AF86D3048
:10C5700023B1DAF80030994500F0D380B9F80460AF
:10C5800016F400631CD0B44AB44801210BF052FFEA
:10C590006FF0850523689B8813F4005304D1636012
:10C5A00004F1100004F07EF828462C37BD46BDE8A3
:10C5B000F08FA369002BCBD163689942C8D1D1E732
:10C5C000F50716D56D4688B0D8F800106A46A4481D
:10C5D000C2E905014FF400719183A24942F8101F8E
:10C5E0009E484FF4E251F7F7D9FBAD466FF01505C1
:10C5F000D0E7300705D59C4A984801210BF01AFF77
:10C60000F4E7C6F34513082B01D0984AF4E7D9F8AC
:10C610000050974B9D4201D8964AEDE70BF1080E6A
:10C62000BEE80F0007F1140CACE80F00DEF8003094
:10C63000CCF80030904B9D4252D9904B9D4252D93C
:10C640008F4B9D4252D98F4B9D4252D98E4B9D426A
:10C6500052D98E4B9D422CBF4FF000454FF0804584
:10C66000B107FD6106F0040349D5002B14BF032375
:10C67000022387F82030C6F3001387F82130DBF857
:10C680000030D3F8082516F0020FC6F340014FEA38
:10C6900052104FF0010336D1002840F02B81934017
:10C6A0004FF0A042C2F80C359AF86D302BB15846C5
:10C6B00002F018FD00238AF86D30754A534607F1E1
:10C6C0001401584602F0DAFC724A9042034623D025
:10C6D000714A6248012109F008FA6FF0040559E730
:10C6E0004FF00075BCE74FF08065B9E74FF000658B
:10C6F000B6E74FF08055B3E74FF00055B0E7003B89
:10C7000018BF0123B5E7002840F0F78093404FF0B1
:10C71000A042C2F80835C7E701238AF86D30CAF88D
:10C720000090012384F86C307B68596A4A1C0AD057
:10C7300003F1280000F016F9743004D1574A474835
:10C7400002210BF077FEFB68002B75D16364002398
:10C75000A36404F1580204F1480104F144000BF011
:10C7600070FEBB686065002B6ED1E3640023236517
:10C7700004F1600204F1500104F14C000BF061FE81
:10C78000E06520680023236448B183683BB1012140
:10C7900008300BF069FE236818690CF03DFA40463A
:10C7A000FFF730FE0022A06C134683427AD10023AB
:10C7B000256D1946A9427CD19342264638BF1346BF
:10C7C0004FF4FA5202FB03F556F8283B4FF4004CA5
:10C7D0001B68B5FBF3F540F2E730C83500214FF494
:10C7E0007A720023E5FB0C01EFF734FA02460B46A0
:10C7F000304603F07DFF002862D0294A1748012106
:10C800000BF018FE4FF000097868C4F8689002F049
:10C8100069FC84F86D90D8F810506FF07308C5F873
:10C82000408005F1280003F03DFF85F86C9030460C
:10C8300003F084FF454647E0FB681B686364002BF8
:10C8400085D0FB685B6883E7BB681B68E364002BEB
:10C850008CD0BB685B688AE7F3DB020094A502001A
:10C860000DDC0200030000012FDC02004EDC0200A0
:10C8700047E801007DDC02008FD003001FA1070004
:10C880003F420F007F841E00FF083D0000127A0027
:10C8900075C401000000AD0BAEDC0200D5DC020067
:10C8A000FFDC0200616C01EBC301013349680A44FB
:10C8B0007BE7E06C00EBC10001314068034479E79D
:10C8C000256C15F1740F9DD02368002B3FF462AEE8
:10C8D0009A68002A3FF45EAE998811F480567FF47E
:10C8E00059AE18690CF098F92068314608300BF001
:10C8F000BBFD4FE6C1F80C15FFDE0023C3F8083579
:10C90000FAE700BFF0B587B001238DF802300223AB
:10C910008DF804306B4403930F4601AB0DF1030116
:10C920000024049305460291059402F0E5F90C4BAE
:10C93000984206460FD103AA3946284602F05AF813
:10C94000B0420BD09DF80310284602F0CFF96FF0EB
:10C95000040007B0F0BD6FF01200FAE72046F8E7D8
:10C960000000AD0B2DE9F0410D4606460BF0D7FF58
:10C97000002207462946304602F0C4F96B0905F04B
:10C980001F0429D1A40004F1A044164BD4F80027B9
:10C99000134043F00C03C4F800370BF03FFE804611
:10C9A0003368DB597BB10027304629460BF0B5FFD1
:10C9B000D4F800270B4B134043F00403C4F80037AE
:10C9C0003846BDE8F0810BF029FEA0EB08000628F0
:10C9D000E6D96FF07307E7E704F5E074002353F836
:10C9E0002430FFDEF0F8FCFF90F87830B3B190F817
:10C9F0007A3090F8791001229B008A4003F180433D
:10CA0000074903F5C043C1F80825D3F8102522F0E3
:10CA10000302C3F81025002380F87830704700BF68
:10CA200000F001402DE9F0474568D0F8108000AFD4
:10CA300006460021686B0BF06FFD041E11DBE96BED
:10CA4000481C1AD005F14000FFF75CFF10F1130FEE
:10CA500004460AD1414A424801210BF043FD6FF0E0
:10CA600012042046BD46BDE8F087411D05D13D4A70
:10CA70003B4801210BF036FDF3E7EB6A9847D8F805
:10CA800008504FF00109D8E9023203EBC2039D427E
:10CA900015D340460BF083FD35697368002285F895
:10CAA000782093F83830002B50D005F1790002F04F
:10CAB00023FA2D4B984204463FD02C4ACBE72868F6
:10CAC0000CF0AFF80346B0B92A68297910686C46B3
:10CAD0008AB06A46264DD1614FF400711184254910
:10CAE000C2E9055042F8101F1D484FF41151F7F7E5
:10CAF00055F9A546B3E728682979EB88D0F810C026
:10CB0000D0F808A0DCF80040DA0754BF43F4B013B3
:10CB100083F4D01323F4801209FA01FEDB074CBF23
:10CB20004EEA040424EA0E04CCF80040DAF800309F
:10CB30009847041E95DB0835A5E70F4805F17A01F3
:10CB400002F0DAF8A04201D00C4A84E773680021B1
:10CB5000586B0BF0E1FC00EAE07482E769DB02004D
:10CB60009CA5020094DB02000000AD0B3FDD02003B
:10CB7000B1DB020004000001C0B102005EDD020072
:10CB80002DE9FF4105694768AA6D2B6E064682BBF9
:10CB9000002B00F0A2803C8E686DD5F85C809C4232
:10CBA00028BF1C46EA6D5AB12B6E4BB108F06043AA
:10CBB000B3F1005F04D0082CD5F8748028BF082496
:10CBC0006B6DAC6600901BB1AB6D002B18BF23469C
:10CBD000CDE901384ABB0023039300226946384659
:10CBE00002F02EFD3F4B984279D02846FFF7FCFE1D
:10CBF0006BE0696DD5F85C803C8E084613B19A42B3
:10CC000028BF1A46944228BF14460029CAD001F012
:10CC10006043B3F1005FC5D0082C28BF0824286FFB
:10CC200022460CF032FD286FBCE72A6E002AD2D0D3
:10CC3000012C0394D1D1012BCFD897F83830002B99
:10CC40003ED03269736892F87900D3F800E092F828
:10CC50007A3082F8784099009B0003F1804303F515
:10CC6000C043DEF808250EF1140CD3F810E52EF4BD
:10CC7000473E2EF4407EC3F810E5D3F810E51202CB
:10CC800002F4F85242EA0E0242F44032C3F8102590
:10CC9000D3F8102542F00102C3F81025C30003F1B8
:10CCA000804303F5F83301F1804101F5C241C3F837
:10CCB0001015C3F814C50C4B8440C3F804458CE729
:10CCC0000A4A0B4802210BF00DFC6FF004013046BC
:10CCD00004B0BDE8F0410BF084BC1946F7E704B09E
:10CCE000BDE8F0810000AD0B00F0014080DD0200E6
:10CCF0009CA5020038B503780546002B63D10C696A
:10CD0000A36E33B9606E6FF07301BDE838400BF06D
:10CD100068BC2046FFF768FEE06D48B1236E3BB16A
:10CD2000EB682BB1834203D0A26E616F0CF0ADFCB7
:10CD3000A36DA26E33B19A4213D9234A234801212D
:10CD40000BF0D0FB236EA26E33B19A4222D91E4A59
:10CD50001E4801210BF0C6FB606EBDE83840FFF7AE
:10CD60000FBF9B1AA3657BB9636C08336364A36C24
:10CD7000013BA36404F1580204F1480104F14400AA
:10CD80000BF0B7FB6065DDE7636D002BDAD0134471
:10CD90006365D7E79B1A23667BB9E36C0833E364CA
:10CDA000236D013B236504F1600204F1500104F19D
:10CDB0004C000BF09EFBE065CEE7E36D002BCBD083
:10CDC0001344E365C8E738BDD5DB02009CA502002B
:10CDD0002DE9F04F8DB000AF8846FB604368BB6023
:10CDE0008B88046999040546914633D44FF0FF328D
:10CDF0004FF0FF3304F1100003F07AFCC4F8048014
:10CE0000D5F804B0D5F810A0DBF808303B609AF8EC
:10CE10006D3023B1DAF80030984500F0D180B8F8D1
:10CE2000046016F400631CD0B24AB34801210BF031
:10CE300059FB6FF0850623689B8813F4005304D1D7
:10CE4000636004F1100003F02DFC30463437BD461A
:10CE5000BDE8F08FA369002BC8D163689845C5D1A0
:10CE6000CEE7F20715D529686D4688B06A46A34813
:10CE7000C2E905014FF400719183A14942F8101FE6
:10CE80009D484FF4E251F6F789FFAD466FF0150665
:10CE9000D1E7300705D59B4A974801210BF022FBCB
:10CEA000F4E7C6F34513082B01D0974AF4E7D8F806
:10CEB00000307B607A68954B9A4201D8944AEBE740
:10CEC0000BF10C0EBEE80F0007F1100CACE80F00E0
:10CED0009EE80F008CE80F00D7E900239A4228BF94
:10CEE0001A468C4B9A4211D28B4B9A424ED88B4B9E
:10CEF0009A424DD88A4B9A424CD88A4B9A424BD888
:10CF000089488A4B8A49824288BF0B46B1077B62B7
:10CF100006F0040342D5002B14BF0323022387F835
:10CF20002830C6F3001387F82930DBF80030D3F837
:10CF3000082516F0020FC6F340014FEA52104FF0D9
:10CF400001032FD1002840F01A8193404FF0A042F6
:10CF5000C2F80C359AF86D302BB1584602F034FB0C
:10CF600000238AF86D30734A2B4607F110015846AA
:10CF700002F0F6FA704A904203461CD06F4A5E48AF
:10CF8000012108F0B2FD6FF0040654E76C4BBDE7D9
:10CF90006C4BBBE76C4BB9E76C4BB7E7003B18BF7A
:10CFA0000123BCE7002840F0ED8093404FF0A04201
:10CFB000C2F80835CEE701238AF86D30CAF8008040
:10CFC000012384F86C30BB68D96B4A1C0AD003F18A
:10CFD0004000FFF7C7FC743004D15D4A4648022187
:10CFE0000BF080FAB9F1000F6CD1C4F84490002323
:10CFF000A36404F1580204F1480104F144000BF069
:10D0000078FAFB686065002B64D1E3640023236534
:10D0100004F1600204F1500104F14C000BF069FAD4
:10D0200000263246E0650121204626640BF097FA7F
:10D030002846FFF7A5FDA06C32463346834251D106
:10D040000023266D1946B14240F086809342A046E7
:10D0500038BF13464FF4FA5202FB03F658F8283B48
:10D060004FF4004C1B68B6FBF3F640F2E730C836CD
:10D0700000214FF47A720023E6FB0C01EEF7EAFD83
:10D0800002460B46404603F033FB024600286AD0B6
:10D09000304A194801210BF025FA0026B868A66627
:10D0A00002F092FA84F86D606FF0730128460BF07D
:10D0B00098FA404603F042FB2046FFF795FC6FF0DC
:10D0C0007306B8E6D9F800306364002B8FD0D9F826
:10D0D00004308DE7FB681B68E364002B96D0FB6887
:10D0E0005B6894E7616C01EBC301013349680A4452
:10D0F000A4E700BFF3DB02009CA502000DDC0200E8
:10D10000030000012FDC02004EDC020047E80100B2
:10D110007DDC020000127A00FF083D007F841E00C3
:10D120003F420F001FA107008FD0030048E8010015
:10D1300090D00300F5CC01000000AD0BAEDC020086
:10D1400000093D0080841E0040420F0020A107001E
:10D15000D5DC0200FFDC0200E06C00EBC100013115
:10D16000406803446FE7266C16F1740F95D0002ECB
:10D170003FF461AE014628690BF0F1F95BE6C1F8B6
:10D180000C15FFDE0023C3F80835FAE770B501235C
:10D1900083400E4ABFF35B8FDC4352E8001F01EA75
:10D1A000040542E80056002EF7D1BFF35B8F4FF421
:10D1B000803282400648C0F80823BFF35F8FBFF378
:10D1C0006F8F0B4214BF0120002070BD4C47002020
:10D1D0000010014070B40E49D1E90034D01AC318D0
:10D1E00044F1000422F07F46C1E90034A6F50013A3
:10D1F000B3F5400F09D2074B1B681A0A1B069C198E
:10D20000054B42F10005C3E9004570BC04F0E0B9EC
:10D2100050350020504700205835002011B3BFF38F
:10D220005B8F0123104A834052E800CF4CEA030C85
:10D2300042E800C10029F7D1BFF35B8F0B4A4FF4DE
:10D2400080338340C2F80433094BBFF35B8F1B6804
:10D25000BFF35B8FC340DB0742BF064B4FF4003286
:10D26000C3F80021704700BF4C4700200010014068
:10D270004847002000E100E00D4B1868010A000655
:10D28000BFF35F8F0B4BD3F80435181841F1000141
:10D29000B3F5801F0AD2084BD3E90023904271EB0B
:10D2A000030303D210F1807041F10001704700BF09
:10D2B0005047002000100140583500202DE9F04F64
:10D2C00085B016461F469DF840A00446FFF75EFF56
:10D2D0000190FFF7D1FFB04271EB070354D23E4BF0
:10D2E000301A67EB0101984271F100014FD23B4BBC
:10D2F00003EB0413D3E902239F4208BF96425ED09A
:10D3000037494FF4803804F1500508FA04F8AD00AD
:10D31000C1F848832046ADB20BF074F926F07F4B7C
:10D3200005F1804504F5A87305F58835DC464FF016
:10D3300003090293029A2CF07F4341F82230C1F88E
:10D340004483D1F80435274A6FF00200C01A6044C4
:10D3500020F07F40904232D9286868B1D1F8043576
:10D360000393A3EB0B0020F07F40B0F5000F26D90C
:10D3700020460BF047F9039BBAF1000F07D109EBE8
:10D38000030C09F10109D5E7BAF1000F09D06FF0DC
:10D39000150520460199FFF741FF284605B0BDE875
:10D3A000F08F0123104ABFF35B8FA34052E8000FB8
:10D3B000184342E800010029F8D1BFF35B8F074909
:10D3C0000E98230101EB0412C8500F9B5360C2E971
:10D3D00002670025DDE700BF010080004035002026
:10D3E00000100140FDFF7F00484700207FB51C4C26
:10D3F0001C4BC4F80833C4F848331B4B00254FF0CE
:10D40000FF304FF0FF31C4F80855C3E902014FF473
:10D410008033C4F80433154B02264FF40032012147
:10D42000C4F804631120C3F880212A46F7F79CFC56
:10D430001120F7F769FC0E4A0123A36023601360F3
:10D440000C4B0D4A0093CDE9015500232846FFF708
:10D4500035FF3046FEF78CF8284604B070BD00BF9B
:10D460000010014003000F004035002000E100E003
:10D470004C470020D5D10100FFFF7F002DE9F74385
:10D480002B4CD4F8043399070BD5D4F8043143B1AD
:10D49000284A0023C4F80431D4F804311368013356
:10D4A0001360D4F80433DA0323D5BFF35B8F224B28
:10D4B00053E8002F22F0010143E800100028F7D1C3
:10D4C000BFF35B8FD30702D4D4F840318BB1002572
:10D4D000C4F84051D4F84031FFF7CEFEEFF310828C
:10D4E00072B6164BD3E90267B042B94104D282F357
:10D4F000108803B0BDE8F0834FF0FF384FF0FF39DC
:10D50000C3E90289D3E900101D604FF48033C4F8E9
:10D510004833C4F84051D4F8403182F310880029D0
:10D52000E7D0009032463B4628468847E1E700BFF7
:10D53000001001405047002048470020403500209F
:10D5400030B5431C124C85B005D08442A8BF0446B8
:10D55000012CB8BF0124FFF78FFE0E4B0C4DD3E911
:10D560000013401AB0F5000F10D22218AA4228BFAB
:10D570002A4652184FF0000007490091CDE90100FA
:10D5800043F10003FFF79AFE05B030BD2A46F0E7ED
:10D59000FFFF7F0050350020D5D1010008B5FFF70F
:10D5A0006BFE024B1B68C01A08BD00BF503500203F
:10D5B00002460B46014802F08FBF00BF78130020DF
:10D5C000014803F001B800BF781300200149024868
:10D5D0000BF04EBD58470020F03B002010B403462E
:10D5E0000A46044881680C68194623465DF8044BD6
:10D5F000184700BF00A2020098B500AF6C468AB081
:10D600006A460D4BD161C2E905304FF400731384B3
:10D610000A4B42F8103F0A4800234FF41151F6F725
:10D62000BDFB0023A54683F31188BFF36F8F03234F
:10D63000184602DFBD4698BDD6DD02000400000199
:10D64000C4A40200F0B589B0064600AF33480D46C9
:10D6500033490BF0F1FC00F04BFE07F10C00E3F74F
:10D6600073FA6C4688B06A462E4B53612E4B936119
:10D670004FF4007393832D4B42F8103F2C492D48F3
:10D6800007F10C03F6F78AFBA5462B480BF0C9FA05
:10D6900050B92A4A2748012108F01EFA6FF01204F7
:10D6A00020462437BD46F0BD254B7B60381DE3F78F
:10D6B000AFFA034638B1234A1E48012108F015FA93
:10D6C0006FF01504ECE74FF0FF304FF0FF31FFF73C
:10D6D0006FFF04460028E3D11B491C48E3F7F2F929
:10D6E000044610B1FFF76CFFDAE741F64C5307F13F
:10D6F0000800BB60EEF781FD20B1FFF761FF6FF01E
:10D700008504CDE7012338463B70EEF76EFD002817
:10D71000F3D1FFF755FF33691D60C1E7584700207B
:10D72000B586020000CA0200FBDD02000300000112
:10D73000C01C4001C4A4020000A2020022DE0200BC
:10D74000DDD5010042DE020060350020CDD50100AC
:10D7500030B5314887B0E3F731F9E3F707FA18B18C
:10D760006FF0850007B030BDE3F714FA0028F7D159
:10D77000E3F724FA0028F3D1E3F72EFA0028EFD1DB
:10D78000E3F738FA04460028EAD1012503AA02216A
:10D790008DF80C50E3F74EF90028E3DB082303AAC9
:10D7A00007212046ADF80C30E3F744F90028D9DB17
:10D7B0001A4B039303AA03212046E3F73BF9002801
:10D7C000D0DB03AA042120468DF80C50E3F732F990
:10D7D0000028C7DB1F2303AA06212046ADF80C3022
:10D7E000E3F728F90028BDDB40F28E63984210DD94
:10D7F0000B4A009029460B4808F081F9002383F377
:10D800001188BFF36F8F0423184602DF6FF00B00FF
:10D81000A8E70020A6E700BFF9D501001B1B030203
:10D8200066DE0200C4A402007FB54FF0FF304FF067
:10D83000FF31FFF7BDFE002840F08980454D0DF116
:10D840000F01284600F052FC0446FFF7B9FE002CF9
:10D850007DD19DF80F30042B49D128786B783E2874
:10D8600016D0FF282CD0FF2B2FD14FF480730093BC
:10D87000394A3A4840F20113012108F040F90023E7
:10D8800083F31188BFF36F8F0423184602DF12E081
:10D89000AA78022AE7D1FF2BE7D000220023012437
:10D8A0002146F8F781F80646A0B924B92C4A2B483E
:10D8B000012108F011F904B0BDE87040FFF786BE01
:10D8C000AA7802F0FD02802AE4E74FF0FF324FF021
:10D8D000FF33E5E76A781F49023206F10C0008F0D1
:10D8E000D7FC204B20481B6831469847E3E7022BC2
:10D8F0000AD14FF0FF324FF0FF330320F8F744F81E
:10D90000064658B9194AD2E7082B1AD14FF0FF3210
:10D910004FF0FF330520F8F737F806466B880433DD
:10D92000B3F5807F0AD94FF4807200920B480A4AFF
:10D93000012108F0E4F884F31188A3E71A46294688
:10D94000CBE70B4A0548012108F0CFF8B3E704B054
:10D9500070BD00BF8D79002088DE0200C4A40200E3
:10D96000A8DE020054470020A0A20200C2DE02008E
:10D97000DBDE0200F7B5844E33780446002B40F01E
:10D98000AB8304238DF80730804B05881F68B7B13F
:10D990000DF106030DF10702711CB84701280ED0E6
:10D9A0009DF80630002B40F0C7819DF80730B3701A
:10D9B0000E2201237270F370B580B071C5E1B5F528
:10D9C000105F4FEA95230AD2002B4ED0013B072B64
:10D9D00008D8DFE803F00907367A070707C13F2BAD
:10D9E00000F05E82012055E0204640F2064230F908
:10D9F000033B93420FD040F21D4293421ED00120C0
:10DA000040F206439D4200F0978140F21D439D4243
:10DA100000F092813EE0EEF74CFC42F264039D423E
:10DA200040F2308342F285039D4233D842F26703CD
:10DA30009D4200F2388342F26603E8E7EEF73BFCD2
:10DA4000EBE7204640F6634230F9033B934230D087
:10DA50000DDC40F6034293421FD040F62D42934224
:10DA60001ED040F60142934212D0012064E140F6FC
:10DA70007B42934220D040F67C429342F5D19DF800
:10DA80000730434902338DF80730EEF7D1FA01E051
:10DA9000EEF7C0FA0128E8D087E7E3F791F9F9E754
:10DAA0009DF807303A4903338DF80730EEF7B7FA9F
:10DAB000F0E7EEF7B6FAEDE79DF8073034490433A6
:10DAC0008DF80730EEF7B2FAE4E72388A3F5805328
:10DAD000013B082BC9D801A252F823F001DB010059
:10DAE00013DB010027DB01006BDA01006BDA0100B8
:10DAF0006BDA01006BDA01006BDA010047DB010031
:10DB00009DF80730224808338DF80730EEF790FB78
:10DB1000C0E79DF807301E4840338DF807300AF003
:10DB2000CBFD002041E79DF8073008338DF8073022
:10DB3000174B00221A605A60F37A23F0600343F017
:10DB40006003F372EDE79DF80730114806338DF856
:10DB50000730EEF76FFB9DE7204642F24B0130F8AD
:10DB6000033B1AB28A4200F3B380B2F5005F42F27F
:10DB700064020FDC95423FF478AF40F2928242F2A9
:10DB80008503012050E700BF8D7A00206847002000
:10DB9000947A0020A3F50053013B4A2BEAD801A157
:10DBA00051F823F0EBDC0100FBDC01000DDD01008E
:10DBB00075DB010055DD01005BDD010061DD010069
:10DBC00073DD010079DD01007FDD010075DB0100FF
:10DBD00075DB010075DB010075DB01008BDD0100E9
:10DBE0009DDD0100A3DD0100A9DD010075DB010061
:10DBF00075DB0100AFDD0100C1DD0100C7DD010003
:10DC0000D9DD010075DB0100EBDD0100FDDD010068
:10DC10000FDE010075DB010075DB010075DB010023
:10DC200075DB010075DB010023DE010035DE01003C
:10DC300047DE01004DDE010053DE010075DB01000F
:10DC400075DB010075DB010075DB010075DB010090
:10DC500075DB010075DB010075DB01005FDE010093
:10DC600071DE010083DE010089DE010075DB010049
:10DC700075DB010075DB010075DB010075DB010060
:10DC800075DB010075DB010075DB010075DB010050
:10DC900075DB010075DB010075DB010075DB010040
:10DCA00075DB010075DB010075DB010075DB010030
:10DCB00075DB010075DB010075DB010075DB010020
:10DCC00075DB010075DB010075DB01008FDE0100F3
:10DCD00042F25E039A4200F0BF8042F27C039A4215
:10DCE00050D042F264039D4245E7EEF7A5FA42F2B6
:10DCF00064039D427FF491AE1EE09DF80730D24848
:10DD000003338DF80730EEF79CFAF0E79DF8073003
:10DD1000CD4808338DF807300AF009FD42F264035C
:10DD20009D4208D040F2AD8142F285039D4240F20F
:10DD3000D1810020AEE600200F2373700423B3705E
:10DD40000123F0703371A6F80550012333700020D1
:10DD500003B0F0BDEEF777FAC9E7EEF776FAC6E75B
:10DD60009DF80730B84801338DF80730EEF76FFAA9
:10DD7000BDE7EEF76EFABAE7EEF76DFAB7E7EEF742
:10DD80006CFAB4E7EEF793FAB1E79DF80730AE48C6
:10DD900001338DF80730EEF762FAA8E7EEF761FA83
:10DDA000A5E7EEF760FAA2E7EEF75FFA9FE79DF8C6
:10DDB0000730A54907338DF80730EEF758FA96E794
:10DDC000EEF757FA93E79DF807309F4910338DF827
:10DDD0000730EEF750FA8AE79DF807309A48083383
:10DDE0008DF80730EEF749FA81E79DF8073096493C
:10DDF00002338DF80730EEF742FA78E79DF80730E6
:10DE0000914902338DF80730EEF73DFA6FE79DF840
:10DE1000073008338DF807308F23F371C023F37276
:10DE20007CE79DF80730884902338DF80730EEF71C
:10DE30002EFA5CE79DF80730834804338DF80730ED
:10DE4000EEF727FA53E7EEF726FA50E700F058FA14
:10DE50004DE70AF089FC4AE70AF089FC47E79DF89C
:10DE60000730794808338DF80730EEF716FA3EE7A9
:10DE70009DF80730744904338DF80730EEF70FFA38
:10DE800035E7EEF70EFA32E7EEF70DFA2FE79DF8D9
:10DE900007306D4802338DF80730EEF706FA26E7B3
:10DEA00020464FF60B4230F8033B934222D8B3F59D
:10DEB0007C4F01D801206DE0A3F57C43013B0A2B88
:10DEC000F8D801A252F823F085DF0100A1DF01009C
:10DED000B5DE0100B5DE0100B5DE0100F1DF0100B5
:10DEE000B5DE0100B5DE0100CDDF0100DFDF01009E
:10DEF000F7DF010003F5407292B21D2ADAD8A3F5CC
:10DF00007D431D2BD6D801A252F823F009E0010071
:10DF100037E001003DE0010043E001004DE0010079
:10DF200053E00100B5DE0100B5DE0100B5DE010001
:10DF300059E00100B5DE0100B5DE01005FE001003F
:10DF4000B5DE0100B5DE0100B5DE0100B5DE010081
:10DF5000B5DE0100B5DE0100B5DE010065E00100BF
:10DF6000B5DE010077E00100B5DE0100B5DE01009D
:10DF7000B5DE0100B5DE0100B5DE0100B5DE010051
:10DF80007DE001009DF807302F480C338DF80730F5
:10DF9000EEF750F825F008034FF60252934237E5AA
:10DFA0009DF8073040338DF80730274B00221A8048
:10DFB000F37923F0230343F02303F371337A23F03F
:10DFC000070343F0070333720020E3E79DF80730AF
:10DFD0001D4817338DF80730EEF74AF8DAE79DF859
:10DFE0000730194820338DF80730EEF793F8D1E762
:10DFF000EEF73CF8CEE79DF80730134801338DF873
:10E000000730EEF7D8F8C5E79DF8073040338DF8B4
:10E0100007300D4B00221A60F37923F03F0343F0E1
:10E020003F03F371337A43F080033372737A43F022
:10E0300002037372C8E7EEF7D4F8ABE7EEF7D3F854
:10E04000A8E7EEF7D2F8A5E7947A0020EEF7CFF82C
:10E05000A0E7EEF7D2F89DE7EEF7D1F89AE7EEF7F2
:10E06000D2F897E79DF807301D4904338DF8073043
:10E07000EEF7CBF88EE7EEF7D7F88BE7EEF7D6F8AA
:10E0800088E7002042F226039D4217D842F20C0393
:10E090009D427FF6B5ACA5F500530D3B114A9BB2EE
:10E0A00006E00120EEE7A5F50153283B0E4A9BB29E
:10E0B00022FA03F3DB077FF5EDAC3DE642F23203D3
:10E0C0009D423FF439AEA5F50153033B012B3FF6CA
:10E0D000E1AC31E60020A9E44FF0FF3038E600BFA4
:10E0E000947A0020411200032F80402038B5094C5B
:10E0F00023780D461BB9BDE83840EDF77BBFA27809
:10E10000611C02320BF0C1FA0020042320702B7036
:10E1100038BD00BF8D7A002070B505460E46084C0C
:10E1200020460AF07EFD38B1A368B2B229462046E7
:10E130001B68BDE8704018476FF0120070BD00BF4B
:10E1400000A202001E4B1F4903F12002002808BF55
:10E15000194670B5104603F0BFFB034650B31A4A88
:10E160001A48012107F0C1FC12244FF0FF324FF092
:10E17000FF330120F7F708FC00F10C0602210546E9
:10E18000304608F07FF83E230370222343700121BC
:10E19000304608F077F8092303702121304608F053
:10E1A00071F800F8014B3CB12022FF210BF07BFA03
:10E1B000284670BD0446D8E705490AF0C8FAF7E7D3
:10E1C000D57A002070DF02003FDF0200BCA402000D
:10E1D000F57A00202DE9F0413E4CBFF35B8F2368B8
:10E1E000BFF35B8F022B27465BD0042B5ED0012B45
:10E1F0005ED1394C394E20212046FFF78DFF002893
:10E2000044D12022314620460BF02FFA0028F2D0CC
:10E210003348214603F04CFB05460028EBD14FF074
:10E22000FF324FF0FF330120F7F7AEFB00F10C0691
:10E2300002210446304608F025F83E2303704223AD
:10E2400043700121304608F01DF808230370412176
:10E25000304608F017F8064600F8015BC5B14022C9
:10E2600000210BF020FABFF35B8F002357E8002F4B
:10E2700047E800310029F9D1BFF35B8F44B3194857
:10E28000036921461B68BDE8F04118471F25C6E712
:10E2900013490AF05CFA203106F121000AF057FA1E
:10E2A000E1E70020FFF74EFF0446DCE70120F9E735
:10E2B0000D4A0E48022107F00FFCBFF35B8F0023CD
:10E2C00054E8002F44E800310029F9D1BFF35B8FF7
:10E2D000BDE8F0817C470020D57A002070DF020085
:10E2E000F57A0020A0A2020060DF0200BCA40200B8
:10E2F000014902480AF0A0BE638702006C47002073
:10E3000008B50B4BBFF35B8F012253E8001F0029B8
:10E3100003D143E800200028F7D1BFF35B8F05D17C
:10E32000044905480AF0A4FE002008BD0C20FCE7C3
:10E330007C4700206C470020F03B002010B50029EE
:10E34000114BBFF35B8F04460CBF0222042253E83B
:10E35000001F002903D143E800200028F7D1BFF3B4
:10E360005B8F0ED1094821460AF0F1F9084804F103
:10E3700020010AF0ECF9074907480AF079FE00206D
:10E3800010BD0C20FCE700BF7C470020F57A002080
:10E39000157B00206C470020F03B002037B532236E
:10E3A000ADF80430124A00230125192168468DF882
:10E3B0000630ADF800508DF80230ECF71DFA044637
:10E3C00090B94FF4AF60F1F748F82A46214608208B
:10E3D000F6F7CAFC2A4621460B20F6F7C5FC2A466A
:10E3E00021462846F6F7C0FC204603B030BD00BFEA
:10E3F00005E40100014902480AF03ABE80470020C6
:10E40000F03B002098B500AF6C468AB06A460D4BD1
:10E41000D161C2E905304FF4007313840A4B42F80E
:10E42000103F0A4800234FF41151F5F7B7FC0023C1
:10E43000A54683F31188BFF36F8F0323184602DFCD
:10E44000BD4698BD9CDF0200040000012CA502001F
:10E4500037B50D4D0D49002400946FF009034FF4BA
:10E460008862284602F006FB0949284602F0A4FB10
:10E47000084909480AF0E0FD224604211920F6F770
:10E4800073FC204603B030BDF03B0020809B002091
:10E49000B0DF02009987020080470020014B002076
:10E4A0001B6818479047002020B1012806D1044876
:10E4B000E9F7F4BC034B01201B681847704700BF05
:10E4C0009DE4010090470020014B1860014870470F
:10E4D000904700200000AD0B4FF0704393F8E02F01
:10E4E000062A09D1D3F8E83FC3F30313033B042BF7
:10E4F00002D8024AD05C704700207047D3DF020088
:10E50000024AD2F80034002BFBD0704700E00140F3
:10E5100010B50AF073F940B14FF08053934AD3F825
:10E520002433C3F30423C2F84035FFF7D5FF10B1FD
:10E530008F4B904A5A670AF061F948B14FF0805307
:10E540004FF08042D3F84432C3F34233C2F83C3533
:10E55000FFF7C2FF30B1884AD2F8FC3023F0807355
:10E56000C2F8FC300AF04AF940B14FF08043002273
:10E57000C3F80C21C3F81021C3F83825FFF7ACFF0E
:10E5800020B14FF080430322C3F8A025FFF7A4FF7A
:10E5900060B17A4B0522C3F810260122C3F8882601
:10E5A0000022C3F818263F22C3F814264FF08053E8
:10E5B000D3F83021511C09BF4FF07043D3F83431E8
:10E5C00093F8E02FD3F8E83F08BFC3F30313062AFC
:10E5D0004DD1033B042B03D8694AD35C002B46D0B2
:10E5E0004FF08052674BD2F80414C3F82015D2F8CC
:10E5F0000814C3F82415D2F80C14C3F82815D2F85F
:10E600001014C3F82C15D2F81414C3F83015D2F82E
:10E610001814C3F83415D2F81C14C3F84015D2F8F6
:10E620002014C3F84415D2F82414C3F84815D2F8BE
:10E630002814C3F84C15D2F82C14C3F85015D2F88E
:10E640003014C3F85415D2F83414C3F86015D2F856
:10E650003814C3F86415D2F83C14C3F86815D2F81E
:10E660004014C3F86C15D2F84424C3F870250AF09E
:10E67000C5F848B14FF080534FF08042D3F858327C
:10E6800003F04F03C2F8E43E0AF0B8F848B14FF087
:10E690008043D3F80024D20744BF6FF00102C3F8CF
:10E6A00000244FF08053D3F83021062A0ED1D3F83E
:10E6B0003431033B042B02D8334AD35C33B1334AA1
:10E6C000D2F83C3743F48063C2F83C372A4AD2F888
:10E6D000883043F47003C2F88830BFF34F8FBFF324
:10E6E0006F8F4FF08053D3F83021062A0FD1D3F823
:10E6F0003431033B042B02D8254AD35C3BB14FF0A5
:10E700001023D3F808224FF08043C3F858254FF068
:10E710001023D3F80022002A03DBD3F80432002BA5
:10E7200022DA1C4901234FF01020C1F804351524CA
:10E73000FFF7E6FEC0F80042FFF7E2FEC0F8044231
:10E74000FFF7DEFE0023C1F80435FFF7D9FEBFF363
:10E750004F8F0949104BCA6802F4E0621343CB6043
:10E76000BFF34F8F00BFFDE710BD00BF0030014079
:10E7700000C007400DF0ADBA00ED00E000500040D1
:10E78000CEDF020000C00040C9DF020000100040E0
:10E79000C4DF020000E001400400FA0530B504685F
:10E7A000CCB1BFF35B8FB4FA84F3C3F11F03DBB2C8
:10E7B00001229A4024EA020250E8005FA54204D1F7
:10E7C00040E8002CBCF1000FF6D1BFF35B8FE6D11F
:10E7D00002480B7030BD0248FCE700BF0000AD0BE3
:10E7E0000200AD0B10B50368CB40DB0714D4012346
:10E7F0008B400268BFF35B8F43EA020150E8004F91
:10E80000944204D140E8001CBCF1000FF6D1BFF3E4
:10E810005B8FEED1014810BD0148FCE70000AD0B55
:10E820000400AD0B014BC3F80405704700F0014034
:10E8300070B500F108030C4C34F81330DA050546C6
:10E840000E4607D5C3F3432304EBC30254F8333019
:10E8500052689847A3682BB1E26831462846BDE864
:10E860007040184770BD00BF880F002010B4C0B2C0
:10E87000124A083032F81030D9051CD5C3F34321B1
:10E8800023F4F85322F8103002F10E04002034F87B
:10E89000023F13F4807F03D0C3F3432399420AD08D
:10E8A00001302028F3D1002342F8313004485DF8CC
:10E8B000044BFFF797BF5DF8044B7047880F0020AB
:10E8C000E00F0020F0B5054600200446012607466B
:10E8D0008C420BD1114BD3F87C2132B10022C3F80A
:10E8E0007C21D3F87C3140F00040F0BDE3B29B00C6
:10E8F00003F580729B0806FA03F31D420BD002F168
:10E90000804202F5C042D2F800C0BCF1000F02D034
:10E910001760126818430134DAE700BF0060004056
:10E92000C0B2064B083033F81000830643BF400BDB
:10E93000800000F580704FF4BE707047880F002093
:10E94000CBB20246083308460C4931F81330990619
:10E9500011D599070FD410685B0B01219940C0F8BD
:10E960000813126802EB8303D3F8102522F0030288
:10E97000C3F810257047002109F0B0BF880F0020B0
:10E98000F7B5CDB2174E0835074636F81530DB0718
:10E990000C4624D5FFF7D4FF36F815309A0606D575
:10E9A0005B0B3A6803F5A273002142F8231020465E
:10E9B000FFF75CFF002301A826F81530019409F049
:10E9C0003AFF019B00EB8300074BD0F80027134070
:10E9D00043F00203C0F80037044803B0F0BD044818
:10E9E000FBE700BF880F0020F0F8FCFF0000AD0B34
:10E9F0000400AD0B2DE9FF41136807460C46154690
:10EA0000FBB1CEB2DFF83C81083638F8162002F0B0
:10EA10002202222A22D00022CDE900228DF80E20E7
:10EA20008DF80F200DF10E010DF10F02204609F0B7
:10EA30000CFF38F8163023F0020343F0010328F8E6
:10EA400016306B684BB393F800C05A683D4EE3B282
:10EA5000083336F81310880702D5B2B13A481FE0E0
:10EA600021F02001C904C90C26F813106AB1BCF1C9
:10EA7000030FF3D86A68386852681278BCF1000F47
:10EA800011D102F5A27240F822C036F8132022F00C
:10EA90001C0242EA8C0226F81320AB6843BB2B48C9
:10EAA00004B0BDE8F08100EB820041EA4231D0F8C9
:10EAB00010E52EF0030EC0F810E53F6807EB820763
:10EAC00041F02001D7F8100526F8131020F4473044
:10EAD00020F44070C7F810052002D7F810E500F4C4
:10EAE000F85040EA0C4040EA0E00C7F81005CCE7A9
:10EAF000D3E900672046FFF7B9FE002ECFD0114DB5
:10EB0000D5E90023964203D19F4201D1002209E0BA
:10EB10000F480DF10F01FFF741FE0C4B9842BFD19A
:10EB20009DF80F2045F83260E4B205EBC2030834CB
:10EB30005F6035F8143043EA422343F4807325F8CC
:10EB40001430ACE7880F00200400AD0B0000AD0BC3
:10EB5000E00F00202DE9FF4107460C461E4612B388
:10EB6000CDB2DFF8D080083538F81530980701D4D9
:10EB7000990622D413F01C0F02D05378012B1CD01D
:10EB800001238DF80F300023CDE900230DF10F0193
:10EB9000931C2046013209F058FE38F8153043F036
:10EBA000030328F81530002E42D0E1B2214D083180
:10EBB00035F811C01CF0020F03D11F4804B0BDE8A6
:10EBC000F08196F800E03A680EF5A270002342F852
:10EBD000203041F6DF720CEA020225F8112096F887
:10EBE00001C0BCF1000F23D03868B67800EB8E006E
:10EBF0004FEA0C4CD0F8103523F4981323F4F85353
:10EC0000C0F81035230203F4F8530CF4403C3605E9
:10EC1000D0F8107543EA0C0306F4801642EA4E322F
:10EC2000334342F020023B4325F81120C0F8103551
:10EC30000248C3E7880F00200400AD0B0000AD0BB5
:10EC4000014BC3E902127047880F0020C9B2083196
:10EC5000044B33F81130990643BF5B0B0248137025
:10EC600002487047880F00200000AD0B0400AD0B78
:10EC700070B5164D95F8604006462CBB21464022E3
:10EC800005F110000AF00FFD30682E6D21468E420E
:10EC90000ED10023C0F87C31D0F87C3140F307302E
:10ECA000F6F732F801230A4885F86030AB6570BD8D
:10ECB000CBB29B0003F580727C2B08BF845001F11E
:10ECC000010108BF8358E2E70248F0E7880F0020FF
:10ECD0000000AD0B0C00AD0B034B93F86000003847
:10ECE00018BF0120704700BF880F00200148FFF7C0
:10ECF00079BD00BFDC0F00200148FFF74FBD00BF0A
:10ED0000DC0F002073B503680C46D3F80413002908
:10ED1000A4BF4FF00041C3F80413E3B21D49083308
:10ED200031F8133099061AD513F0020617D15B0B90
:10ED30009C00056804F580716E5069580168214493
:10ED4000D1F8104544F00104C1F810452AB101681A
:10ED5000012202FA03F3C1F8043302B070BDC3F319
:10ED60008203042B12D0052B12D001A8019409F0C4
:10ED700062FD019AD0F81035D34003F00103991CCD
:10ED8000204602B0BDE8704009F0A8BD0321F7E7B6
:10ED90000221F5E7880F00202DE9F347544B554F2A
:10EDA000D3F80403396DC0B240F00040FFF78AFD8C
:10EDB000051E18DA0023F96D0093684609F09DFDE1
:10EDC0004FF0010897F85C30DA075AD4396D4FF0EC
:10EDD0000040FFF777FDF96D684609F08EFD0028C9
:10EDE000F0D125F000450124002D69D102B0BDE825
:10EDF000F08794FAA4F4B4FA84F4E00804F1080368
:10EE000004F0070237F813901DF80030019408FA57
:10EE100002F223EA02030DF8003001A809F00BFD0D
:10EE2000019B03F5E0734FEA990150F82360C9F3A1
:10EE3000820A4B07D146C6F3014626D520465146E5
:10EE4000FFF7F6FC01A8019409F0F5FC019B03F51E
:10EE5000E073F6B250F82330C3F301439E4207D16A
:10EE60000021204609F03AFD3146204609F036FDE2
:10EE700001A8019409F0DFFC019B08FA03F3C0F834
:10EE80002035009C002CB4D1A0E7022E0CD1032128
:10EE9000204609F023FD0AF00503012BE8D149467D
:10EEA0002046FFF7C5FCE3E70221204609F016FDE6
:10EEB000BAF1030FF3D0032EDAD1BAF1020FEDE766
:10EEC00095FAA5F3B3FA83F304FA03F29B0003F176
:10EED000804303F5C04325EA0205D3F81005D3F8B3
:10EEE0001015C0F30420C1F30141FFF7A1FC7BE73B
:10EEF00000600040880F002001460148FFF74EBC2B
:10EF0000EC0F002007B5019001A809F00BFD019B53
:10EF100000EB8300054BD0F80027134043F00303B8
:10EF2000C0F8003703B05DF804FB00BFF0F8FCFF49
:10EF300073B5CB7B0446002B38D10B7B0878012BB3
:10EF400077D809F006FD0B78019301A809F0EAFCD7
:10EF5000019B00EB83003C4BD0F80027134043F0AB
:10EF60000103C0F800374878FF2804D009F0F1FC0D
:10EF70004878FFF7C7FF8B78FF2B0FD001A88D7B58
:10EF8000019309F0CFFC019B00EB83002E4BD0F8DE
:10EF90000027134043EA8503C0F80037C878FF28EC
:10EFA00004D009F0C9FCC878FFF7ACFF23792748E3
:10EFB000CA78282505FB03039A770B7C9BB94B780D
:10EFC00025680E78FF2B18BF1A468B78C5F80865A0
:10EFD00008BF4FF0FF32FF2B08BF4FF0FF33C5F8DB
:10EFE0000C25C5F8103523688A68C3F824254B7BA7
:10EFF0000A7B2568003B18BF0123022A1CD0032A84
:10F000001DD0012A01D143F00203C5F854352379FC
:10F010004979282202FB0303D97723795343C35844
:10F0200083B1206840F3073002B0BDE87040F5F7C7
:10F030006BBE09F081FC86E743F00403E5E743F08B
:10F040000603E2E702B070BDF0F8FCFF9447002031
:10F0500007B5019001A809F065FC019B00EB830056
:10F06000054BD0F80027134043F00203C0F80037E7
:10F0700003B05DF804FB00BFF0F8FCFF2DE9F041A0
:10F0800090F80480144C4FF0280C0CFB08FC04EBA7
:10F090000C06074696F81CE0BEF1000F19D144F8A3
:10F0A0000C20736041B1CB7B86F82530CB78B377E9
:10F0B0004B79F377FFF73CFF3A6808480123C2F821
:10F0C0000035282202FB0844002262772377BDE83E
:10F0D000F0810348FBE700BF944700200000AD0B20
:10F0E0000C00AD0B70B50679194C056828237343E5
:10F0F000E35833B145F30730F5F714FE0423C5F8A0
:10F1000008330023C5F80035282303FB064393F892
:10F110002530BBB9D5F80805FFF79AFFD5F81005DB
:10F12000421C01D0FFF794FFD5F80C05431C01D019
:10F13000FFF78EFF282303FB0643987FFF2801D0AB
:10F14000FFF786FF282303FB06440023237770BDC7
:10F15000944700202DE9F8430779394C28237B4355
:10F160009046E2180E46517F8146002966D1E35849
:10F170000BB10123537796E80F00282505FB0745BF
:10F1800005F10C0C8CE80F00A87F0023FF2885F800
:10F19000243001D009F0DDFB2823B8F1000F06D0A0
:10F1A00003FB0743002227485A77BDE8F883D9F8C4
:10F1B000005003FB07430422C5F80823C3F820804E
:10F1C000C5F80881D5F8082172689AB133681B78B0
:10F1D000C5F81C357368012B0ED933685B78C5F808
:10F1E0001C3528237B43E65876B10423C5F8043345
:10F1F0001548DAE7DB7FEBE7F368012BF1D9282329
:10F2000003FB0743DB7FEAE707EB870104EBC10160
:10F21000D5F80831002BFBD0C5F808612846D5F891
:10F22000083109F0A3FB0028F2D1282303FB07448F
:10F23000A07FFF28DCD009F07FFBD9E70348B4E7C3
:10F24000944700200300AD0B0000AD0B0B00AD0B8D
:10F2500010B54FF040200023C0F808310A49D0F81B
:10F26000083109F083FB68B9887FFF2801D009F0D5
:10F2700063FB00234B770B72BDE81040D1E90031EE
:10F280000248184710BD00BF944700209C4700204B
:10F29000012370B504460D46436164260022022115
:10F2A000204609F0ABFB20B9012009F0B6FA013E77
:10F2B000F4D100236B774FF08053D3F83021511CE9
:10F2C00009BF4FF07043D3F8343193F8E02FD3F8EF
:10F2D000E83F08BFC3F30313062A1CD1033B042BEA
:10F2E00002D80F4AD35CB3B14FF0FF320023D4F8F9
:10F2F0000805D4F80C15C4F80035C4F80825C4F87E
:10F300000C250922C4F80025C4F80035C4F8080506
:10F31000C4F80C1570BD0023C4F80035FAE700BF2F
:10F32000D8DF02000C4B984213D00AD80B4B9842FE
:10F330000FD00B4B98420CD00A4BC31A584258417D
:10F340007047094B984204D0084B984201D0084BB3
:10F35000F3E70120704700BF40420F0090D0030048
:10F3600020A1070048E8010000093D0000127A00D2
:10F3700080841E00431C15D000F01F0340090BD1F0
:10F380009B0003F1A043084AD3F800170A4042F05B
:10F390000202C3F800277047002203F5E07352F819
:10F3A0002330FFDE704700BFF0F8FCFF38B514468D
:10F3B000421C054616D0012902D1A3B109F05CFB1D
:10F3C00005F01F036D0911D19B0003F1A0430A4A08
:10F3D000D3F8000741EA84040240144344EA41019F
:10F3E000C3F8001738BD09F054FBE9E7002203F524
:10F3F000E07352F82330FFDEF0F8FCFF2DE9F8430C
:10F40000504B4D6990F804909D4206460C4600F022
:10F41000848077D84C4B9D4200F082804B4B9D42BC
:10F4200000F081804A4B9D420CBF4FF000754FF0B9
:10F430008045DFF82881E07E242202FB0983997F42
:10F4400060F3000199773379217C02FB03839A7F73
:10F4500061F341029A77E77EEFB9237E2068012BA2
:10F4600094BF002301233A460121FFF79FFF606804
:10F470003B463A460121FFF799FFA27EA0683B4632
:10F480003946FFF793FF237CE06883F001033A4697
:10F490000121FFF78BFF242303FB0983E2681A6233
:10F4A000217C9A7F61F341029A77277FA07C217E9D
:10F4B000637E326847B9D4E900C7A468C2F808C5BA
:10F4C000C2F80C75C2F81045003B18BF0123022991
:10F4D000C2F8C005C2F824552BD003292CD001292D
:10F4E00001D143F00203C2F8543533792422534347
:10F4F00058F803301BB33068BDE8F84340F30730D9
:10F50000F5F702BC134B9D4210D0134B9D420CBF2C
:10F510004FF000454FF080458BE74FF0805588E76E
:10F520004FF0806585E74FF0006582E74FF00055AA
:10F530007FE743F00403D6E743F00603D3E7BDE8D3
:10F54000F88300BF40420F0090D0030020A10700C5
:10F5500048E8010080841E0000127A00BC470020A9
:10F560002DE9F8430746144C97F80480242505FB41
:10F5700008F504EB05091E4699F81C30C3B999B18A
:10F580004869FFF7CFFEA8B138466251C9F8046058
:10F59000FFF734FF242303FB084400236377074865
:10F5A00001232377BDE8F8836251C9F80460F1E7CD
:10F5B0000348F7E70348F5E7BC4700200000AD0B20
:10F5C0000C00AD0B0400AD0B2DE9F04104460679AB
:10F5D0000068194D40F30730F5F7A4FB242373436B
:10F5E000EB5853B12368154AC3F8082306EBC6014C
:10F5F000206805EB8101FFF74BFE2368242404FB00
:10F600000654D3F80805D3F80C75D3F81085A37FFA
:10F61000DB070AD4FFF7AEFE4046FFF7ABFE3846E5
:10F62000FFF7A8FE206AFFF7A5FE242303FB06557B
:10F6300000232B77BDE8F081BC4700205201080071
:10F640002DE9F04390F804805D4D242303FB08F37B
:10F650001746EA180E46517F85B08146002940F0D2
:10F66000AD80EB5823B117F0140F04BF012353777B
:10F6700096E80F00242404FB085404F10C0C8CE8D9
:10F680000F00206A421C04D0A37F9B071AD509F003
:10F69000F3F93368D9F8004023B103F06043B3F1C4
:10F6A000005F06D1B36883B103F06043B3F1005F3C
:10F6B0000BD0242303FB0853002242485A7705B09D
:10F6C000BDE8F08309F0E5F9E3E717F0010318BF9F
:10F6D0000123C4F8503517F0020318BF0123C4F802
:10F6E000403596E80F00EC468CE80F0017F0080252
:10F6F0000AD00023C4F84C31019303934FF4002344
:10F70000D4F84C11C4F80433009BC4F84435019B71
:10F71000C4F84835029BC4F83435039BC4F8383527
:10F720000023C4F81831D4F818310723C4F8003581
:10F73000242303FB08F3FAB9E8580121EA182161F0
:10F7400060B9D4F81831002BFBD062464021204626
:10F7500009F054F9242303FB08F3EA18EB581BBB08
:10F76000106A461C14D108EBC80805EB8801204636
:10F77000FFF78EFD1448A2E7EA18EB58A3B9106A08
:10F78000411CF7D0937F9A070BD509F082F9F1E776
:10F79000937F9B0702D509F07CF9E4E709F06CF947
:10F7A000E1E709F069F9E5E717F0040F4FF04003CE
:10F7B00014BFC4F80833C4F80433DBE703487EE71A
:10F7C000BC4700200A00AD0B0000AD0B0B00AD0BD9
:10F7D00010B5234BD3F8042311031FD5D3F84C21C4
:10F7E000E2B10022C3F84C21D3F84C11C3F8182120
:10F7F000D3F818214FF40022C3F80823194AD2E99C
:10F800000301C3F84405C3F84815D2E90521C3F83C
:10F8100034250122C3F838151A6110BD124A104868
:10F82000402109F0EBF80028F7D00E4C206A421C6A
:10F8300004D0A37F9B070FD509F02BF9637F1BB181
:10F8400008490748FFF724FD002323720748D4E93D
:10F850000031BDE81040184709F00EF9EEE700BF8F
:10F8600000300240BC470020C8470020C4470020A9
:10F87000CB7B10B433B9D1E900420368C3F8084523
:10F88000C3F80C2503688A68C3F8242503793C2251
:10F890005343064AD35833B100685DF8044B40F334
:10F8A0000730F5F731BA5DF8044B7047E0470020A8
:10F8B00013B53B4B01930023C0F80431D0F8042169
:10F8C000C0F82431D0F82421C0F81C31D0F81C2114
:10F8D000C0F80831D0F80821C0F800324B6381F835
:10F8E0002F300123036291F82D209A4218BF8360C4
:10F8F0004B6B8A6A934204460ED24A6AD35CC0F8C4
:10F900001C350B6803B340F286238B608B68254857
:10F91000C4F8043302B010BD91F82C3013B10123A8
:10F92000C361EEE70B6A13F0400F4FF0010316BFFF
:10F93000C361436181F82D30E3E7204609F0B6F852
:10F9400028B1019B013B0193019B002BF5DC91F851
:10F950002F305BB91348019B002BDBDC0023C4F87C
:10F96000003505231048C4F80035D3E7D4F8C43473
:10F97000C4F8C4348BB10D4A0B4813F0010F18BF03
:10F98000104613F0020F02F1010218BF104613F0E7
:10F99000040F074B18BF1846DDE70348DBE700BF3D
:10F9A000A08601000000AD0B0100AD0B0000AE0B06
:10F9B0000200AE0B13B5334B01930023C0F80431A2
:10F9C000D0F80421C0F82431D0F82421C0F81C312B
:10F9D000D0F81C21C0F80831D0F808214B6381F819
:10F9E0002F308B6A012B044617D10B6A5B0614D4A7
:10F9F0000223C4F800320123236291F82D20022A49
:10FA000018BF23600B688BB140F286238B608B6834
:10FA10001D48C4F8043302B010BD0123E9E72046B5
:10FA200009F044F828B1019B013B0193019B002B95
:10FA3000F5DC91F82F305BB91348019B002BEADC11
:10FA40000023C4F8003505231048C4F80035E2E768
:10FA5000D4F8C434C4F8C4348BB10D4A0B4813F045
:10FA6000010F18BF104613F0020F02F1010218BF78
:10FA7000104613F0040F074B18BF1846DDE7034884
:10FA8000DBE700BFA08601000000AD0B0100AD0B5D
:10FA90000000AE0B0200AE0BF8B506792A4D4FF010
:10FAA0003C0C0CFB06FC05EB0C0494F82E70002FAC
:10FAB0003DD1A76045F80C20636084F82D7084F870
:10FAC000317084F8307051B34B7B84F838308F7BC1
:10FAD00084F839700FBB0A6802F01F03520928D15D
:10FAE0009B0003F1A043DFF86CC0D3F8004740F25D
:10FAF0000C6704EA0C043C43C3F800474C6804F06C
:10FB00001F0364091AD19B0003F1A043D3F8002717
:10FB100002EA0C023A43C3F80027FFF7A9FE3C2390
:10FB200003FB06550948012385F82E30F8BD084827
:10FB3000FCE703F5E07357F82330FFDE03F5E073CD
:10FB400052F82330F9E700BFE04700200000AD0B7A
:10FB50000C00AD0BF0F8FCFF036802790521C3F837
:10FB60000015044B3C2101FB0233022283F82E20B6
:10FB7000704700BFE047002003680B4A0179C3F8D3
:10FB80000823D3F8002222F00302C3F80022002247
:10FB9000C3F80025054B3C2000FB0133012183F80D
:10FBA0002E1083F83020704786420400E047002082
:10FBB0002DE9F047314F0479D0F800903C2303FB46
:10FBC00004730D4693F82D30012B944604D10B7825
:10FBD000012B06D12A4811E0022B02D10B78012B10
:10FBE000F8D13C26274BC9F8083306FB047696F873
:10FBF00030302BB1B3682448C9F80433BDE8F0872E
:10FC00008CF00403C3F3800386F83030C6F820C0BC
:10FC1000A846B8E80F0006F10C0EAEE80F00D8F8C1
:10FC20000030CEF800306B68B362EB6873626B78BB
:10FC3000C9F888352B78C4EB041A012B07EB8A0A24
:10FC400017D09BB9CCF3401C3C2303FB04735146F3
:10FC5000484683F82CC0FFF72BFE3C235C433A193F
:10FC60003B59002BCAD182F83030C7E74FF0010C66
:10FC7000EAE751464846FFF79DFEEEE7E0470020E1
:10FC80000500AD0B864204000B00AD0BF0B5324C05
:10FC9000324887B0214608F009FF002859D194F86E
:10FCA0002F70FFB9227B931E012B1BD8606AA369BA
:10FCB000984217D1E36963626369A362236A2748A4
:10FCC00084F82D70C3F34013032A84F82C3004D138
:10FCD00007B0BDE8F040FFF7EBBD07B0BDE8F0406E
:10FCE000FFF768BE1E4E0FCE01AD0FC533682B6007
:10FCF00047B31A4AD2F8C434C2F8C43413F002012C
:10FD000006D001238DF80030002384F8303007E05E
:10FD100013F0040209D002238DF8003084F830106B
:10FD2000D4E900316846984713E013F0010305D089
:10FD300003238DF8003084F83020F1E704228DF899
:10FD40000020E2E7236A8DF800705B0784F83070CA
:10FD5000E6D507B0F0BD00BFE0470020003000400E
:10FD6000EC470020F7B5064608F042FF084608F0C9
:10FD70003FFF01A8019608F031FF019B2E4D00EBDB
:10FD800083000C46D0F80037019440F20D612B40FF
:10FD90000B43C0F8003701A808F020FF019B00EBDF
:10FDA00083000127D0F800372B400B43C0F8003701
:10FDB000042008F032FD092501A8019408F00EFF87
:10FDC000019AD0F81035D340DB0715D401A801966D
:10FDD00008F004FF019B07FA03F3C0F80C35042078
:10FDE00008F01BFD304608F003FF013D042008F039
:10FDF00014FD15F0FF05DFD101A8019408F0EEFE17
:10FE0000019A01239340C0F80C35042008F005FD49
:10FE1000204608F0EDFE042008F0FFFC01A8019444
:10FE200008F0DCFE019AD0F810350448D34003F006
:10FE30000103C01A03B0F0BDF0F8FCFF0100AD0BE8
:10FE400008B5124BA8220021184609F02CFC032209
:10FE500002610F4942610F4A8161C2614FF48062C1
:10FE60000262002282624262C26201660A494166FF
:10FE700010218166094902670346C266426711F88C
:10FE8000010D98540132102AF9D108BD1004002048
:10FE9000DDDF02001000002000000020F6DF02007D
:10FEA0002DE9F84FDFF87C80182606FB008E00FB5A
:10FEB00006664644DEF82440DEF828C07368A44590
:10FEC00007468946154603EB040022D8DEF820B029
:10FED000ABEB040A0AF1FF339A4203D809F0D5FBD1
:10FEE0002C440FE063449A4219D852462C4409F03E
:10FEF000CCFBB4EB0B0405D07068224609EB0A0179
:10FF000009F0C3FB182303FB078301205C62BDE8F3
:10FF1000F88F0CF1FF3CACEB040C9445DED20020D2
:10FF2000F5E700BF10040020034B182202FB00334A
:10FF30009A6A586A801A70471004002003484FF0EC
:10FF4000FF324FF0FF3300F0C7BA00BF8C13002020
:10FF5000014800F039BB00BF8C130020014B9868AA
:10FF6000983070471C48002010B50446F3F736FE61
:10FF70000348044A012105F0AFFD204608F05CFE6D
:10FF80004CA50200F7DF02002DE9F843044600AF5C
:10FF90000D46EFF31188402383F31288BFF36F8F70
:10FFA0000428294A98BF294B9668117C94BF53F8BE
:10FFB0002030274BE9468AB06A462648C2E9073115
:10FFC00040F201339384244BC2E9050442F8103F08
:10FFD000224800234FF43151F3F7E0FECD4645B1FE
:10FFE000EB69C3F3080323B11D4A1C48012105F046
:10FFF00073FD2EB1304609F0C6F808B1037803B995
:020000040002F8
:100000001848E9468AB06A46174BD061C2E90536FE
:1000100040F201331384154B42F8103F00230F4880
:100020004FF41151F3F7BAFE2946CD462046FFF7AB
:100030009BFF88F31188BFF36F8F3046F4F7C4FD40
:10004000BD46BDE8F88300BF1C480020D4B10200C3
:1000500006E0020014E00200050000014CA50200C9
:100060003CE00200AAC902005DE0020004000001B9
:1000700038B5094B53F82040013053F82050A542C1
:1000800000D838BD636823B1204608F0DDFD083490
:10009000F5E723689847FAE7E8B1020070B52B4B03
:1000A0002B4C2C4D012286B003201A70FFF7E0FF85
:1000B000F4F7D0F908F0E4FD0420FFF7D9FF264655
:1000C000AE4204F1300410D300F0F2FF204C224E77
:1000D000AC4226D301F000F8F1F738FC1F4A137B3D
:1000E00023F00103137306B070BD54F80C3C059364
:1000F00054F8103C049354F8143C039354F8183CFF
:10010000029354F81C3C019354F8203C009354E9AA
:100110000A2354E90C0100F05FFD54F8303C5E65A1
:10012000CDE7D4E90A23B3F1FF3F08BFB2F1FF3FA7
:1001300005D052EA0301206803D109F026F83034D3
:10014000C6E73146183001F0C9F9F8E7357B0020E1
:1001500000A4020000A40200B9920200003E0020A8
:1001600008B50348034A0021121A08F085FD08BDAE
:10017000B0150020387B002070B5174E174D184978
:1001800086B0F82303FB0066164B059301220F236C
:10019000CDE903320023CDE90133182303FB0055D9
:1001A00004464FF4C07000FB04110F4B00954FF450
:1001B000A072304600F010FD737B0C4AEE6023F015
:1001C000040373734FF4086304FB033313442C7468
:1001D0006B6006B070BD00BF083D00201C480020C9
:1001E00080A80020BFE00200CF8D020000A0002008
:1001F000BFB50020FFF73CFF2E4B83F308882E4C41
:100200002E4E63692E4F43F400736361E02384F83C
:10021000223000252023E37725766576A57684F8BD
:100220002050636A43F4E023636284F82350F4F7B8
:1002300047FCF4F7C1FE4FF0FF33A362E362214CA9
:10024000F4F79AFFF4F7DCFEF3F734FC40F2011305
:100250002046A381C4E9275501F00CFBB46008F0E7
:10026000DFFC0120FFF704FF0220174CFFF700FF1F
:1002700000F052FF154BB46105930123144900951A
:10028000CDE903534FF404623B46CDE901552046C6
:1002900000F0A2FC627B064622F004022046627354
:1002A00008F0AFFF2846FFF767FF3A463146204681
:1002B000F4F758FE80A8002000ED00E01C48002064
:1002C0009D00020010400020003E0020C4E002001B
:1002D00000AA002038B5064C064DAC4201D30020E0
:1002E00038BDD4E90112204608F0CBFC1434F4E701
:1002F000141300202813002038B5064C064D0020AA
:10030000AC4200D338BD204608F021FD0028F9DBBF
:100310001C34F5E7C01200201413002073B50C46FE
:10032000EFF31181402585F31288BFF36F8FC56805
:100330005DB125602B68C360836901338361002050
:1003400081F31188BFF36F8F11E052EA030603D1E6
:1003500025606FF00B00F3E7CDE90023024608307B
:1003600000F0F2FD18B9034B9B685B69236002B093
:1003700070BD00BF1C4800202DE9F34104460E4625
:1003800000F10808EFF31187402181F31288BFF3D1
:100390006F8F056AC1688D4230D208F0A7FFA2684E
:1003A0000546314680B10024406909F06EF92846BF
:1003B000C5F8B04008F025FF4046394600F034FE4D
:1003C000204602B0BDE8F081E06909F05EF9E3691A
:1003D000A26813446269E361934204BF2369E36145
:1003E000236A013304F124002362102109F0C8F8C4
:1003F000002087F31188BFF36F8FE2E752EA030111
:100400000AD0074989684E61CDE900233946024682
:10041000404600F099FDD4E76FF02200E9E700BF05
:100420001C480020F7B5044604F108070846EFF31E
:100430001186402181F31288BFF36F8F216A002952
:1004400032D0A268A16909F020F9A369A268134417
:100450006269A361934204BF2369A361236A013BDC
:100460002362204608F042FF054668B34169A2684E
:10047000E06909F00AF9E369A26813446269E3617B
:10048000934204BF2369E361236A0133236200249A
:100490002846C5F8B04008F0B4FE3846314600F0B2
:1004A000C3FD204603B0F0BD52EA03010AD009495A
:1004B00089684861CDE9002331462246384600F07C
:1004C00043FDEFE76FF0220086F31188BFF36F8FD3
:1004D000E8E700BF1C4800202DE9F3410446174619
:1004E0001E46EFF31188402383F31288BFF36F8F0A
:1004F000C368334A7BB180689168884219D057EA53
:10050000060318D188F31188BFF36F8F6FF00F00C7
:1005100002B0BDE8F081916891F90E1021610133BC
:10052000E3609368A36088F31188BFF36F8F0020A6
:10053000EEE72169F2E791F90E1090F90E30994239
:10054000A8BF19466FF07E029142B8BF11468B4298
:100550002DDD08F047FC0546CDE900761948224616
:10056000414600F0F1FC0028E1D0EFF31186402372
:1005700083F31288BFF36F8FA068D0B1236821691D
:100580009C420AD04BB193F90E309942A8BF19464C
:100590006FF07E039942B8BF194608F023FC40B1C2
:1005A0000848314600F040FD6FF00A00B0E7002532
:1005B000D2E7002DF4D186F31188BFF36F8FF3E7F4
:1005C0001C480020367B002038B5836804466BB396
:1005D000194A926893422CD1C368012B03D9013B7D
:1005E000C360002038BDEFF31185402383F31288E8
:1005F000BFF36F8F0169806808F0F4FB204608F0B4
:1006000075FEA06060B190F90E2022610022C0F852
:10061000B02008F0F6FD0948294600F005FDE0E7A6
:10062000E06085F31188BFF36F8FDAE76FF0150094
:10063000D8E74FF0FF30D5E71C480020367B00207C
:1006400037B51146EFF31185402282F31288BFF3CC
:100650006F8F04689CB12368426823F003039442BF
:10066000036008BF43600121204608F030FC0446C7
:1006700085F31188BFF36F8F204603B030BD51EA78
:100680000302F5D000F10802CDE900131046294617
:1006900000F05AFC0028EFD1014B9B685C69EBE746
:1006A0001C48002038B50446EFF31185402383F33E
:1006B0001288BFF36F8F08F019FE50B10022C0F806
:1006C000B02008F09EFD29460848BDE8384000F0FB
:1006D000ABBCD4E902329A4218BF0133A3600221B5
:1006E00004F1100008F04CFFEDE700BF367B00205E
:1006F00013B5EFF31181402484F31288BFF36F8F99
:10070000846844B1013C846081F31188BFF36F8F2A
:10071000002002B010BD52EA030406D181F3118813
:10072000BFF36F8F6FF00F00F3E7CDE900230246B0
:10073000014800F009FCECE7367B002070B5044668
:10074000EFF31185402383F31288BFF36F8F6FF0AF
:100750000A06204608F0CAFD20B1C0F8B06008F0D3
:1007600050FDF6E7A060022104F1100008F008FF38
:1007700029460248BDE8704000F056BC367B002098
:100780001FB5094A92E8030002AB83E803004FF467
:1007900004620093054906484FF0FF3300F06AF900
:1007A000002005B05DF804FB58A6020080B20020CE
:1007B000F83E00202DE9F0434A4E85B005464FF043
:1007C000FF384FF0FF39EFF31187402383F312888E
:1007D000BFF36F8FD5F8F8408CB9022105F588700A
:1007E00008F0B6FB00285CD10023CDE90089029314
:1007F00005F5807239463C4800F05AFDE3E7D5F82C
:10080000FC202368C5F8F830944208BFC5F8FC30D6
:10081000D5F8103143F00203C5F81031E36823F036
:10082000040343F00103E360636887F31188BFF3B7
:100830006F8F20469847EFF31187402383F3128888
:10084000BFF36F8FE368D90623F0010233D4E2606F
:10085000E3689A0716D5306823F00203E36088B195
:100860000368002270B141688C4232D1036852BBE8
:1008700072683360824200D17360002340F8083B05
:10088000FFF710FFD5F8103123F00203C5F810313F
:1008900087F31188BFF36F8FDB0594D400F044FC1D
:1008A00091E705F5847400220121204608F077FDC8
:1008B0000028F8D198E723F01103E36004F1100059
:1008C000FFF7F0FEC4E713607368834208BF7260ED
:1008D000D3E723B11968024618460B46C2E719460A
:1008E000F9E700BF48480020367B002070B5C36898
:1008F000C3F340069B0705460C460DD50122002197
:1009000004F1080008F014FB00232360054B656028
:100910005A681AB9C3E90044304670BD14605C607F
:10092000FAE700BF48480020F8B5C3689A070446B4
:100930000F46C3F340062CD45B071AD40B680BB9DF
:1009400083680B60E368DD0744BFA3683B603D68D4
:100950004CBF02260126002D3AD01F4B9B68AB42AC
:100960000AD0D5F81031D807C3F3800214D46FF041
:10097000120600233B6025E008F0FFFBD5F810319C
:100980000028F0D1D907C3F3C002F0D552B15B07FC
:1009900008D46FF00F06ECE7002AFAD1C3F3C003C6
:1009A000002BF6D100232360D5F8FC3063B9C5E9EC
:1009B0003E44284608F0E7FAE36843F00403E360A6
:1009C0003B68A3603046F8BD1C60C5F8FC40F0E70A
:1009D0006FF01506CDE700BF1C4800202DE9F0415F
:1009E000C36803F00503002B07460C4614BF4FF005
:1009F00001084FF0000822D08668D6F8F85025B1DB
:100A0000AF4201D02D68FAE701250122002104F14F
:100A1000100008F08DFA1349204608F00DFBE3683A
:100A200043F01003E3609DB13B68236073B9D6F8CF
:100A3000FC303BB9C6E93E44304608F0A4FA4046D3
:100A4000BDE8F0811C60C6F8FC40F5E73C60F3E7C8
:100A5000D6F8F8302360D6F8FC30C6F8F840002B02
:100A6000EAD1F0E7678F02000146014808F000BBB9
:100A7000F83E0020F0B589B004460020C4E93E00ED
:100A80000E9D04F58070C4E9400004F58470C4E94B
:100A900042004DB32879002840F2011008BF012020
:100AA000C4F8100100204FF0FF364FF0FF37CDE9BA
:100AB0000330CDE90100CDE906670C4B00942046D8
:100AC00000F0F2F855B1296811B1204600F074F831
:100AD0006B791BB1237B43F001032373204609B0DC
:100AE000BDE8F04008F051BB0120D9E7B50702008E
:100AF00037B501900846EFF31184402181F3128845
:100B0000BFF36F8FC16811F01E0F16D153EA0205B3
:100B100008D101A9FFF708FF84F31188BFF36F8F95
:100B200003B030BD41F00801C1600199816210300D
:100B3000034900F0D3FC0120EEE70020ECE700BF02
:100B4000FD8F020001460148FFF7D2BFF83E0020AA
:100B5000F7B50C46019016461D46EFF3118740236A
:100B600083F31288BFF36F8F084608F0FDF955EA4A
:100B7000060309D101A92046FFF7D6FE87F31188A5
:100B8000BFF36F8F03B0F0BDE368074943F008037C
:100B9000E360019BA36204F1100032462B4600F093
:100BA0009DFC0120EAE700BFFD8F020001460148DD
:100BB000FFF7CEBFF83E002010B5044608B9054B3C
:100BC0009C681F2204F1780008F0FBFE002084F8E6
:100BD000970010BD1C4800202DE9F04F073285B06A
:100BE00022F0070204469A46BF3200F15803C0E9DA
:100BF000163322F07F02129B23730020119BA373F4
:100C000004253F2ADDE90E98C4E90600109F139ED3
:100C1000A0606573E07301F1400CA2F1400305D8B8
:100C200080F31188BFF36F8F284602DF8D184FF0D5
:100C3000000BC4E927C3C4F8A4B05346CDE901872B
:100C4000CDF800902A462046F4F7D6F8C4E919A951
:100C5000C4E91B87C4F854B0EFF31183402282F338
:100C60001288BFF36F8F0F4FBA6A6267BC6283F35B
:100C70001188BFF36F8F8EB11F22314604F17800C7
:100C800008F09FFE84F897B0BB680BB1D3F8A8308A
:100C9000C4F8A830284605B0BDE8F08F84F8786025
:100CA000F2E700BF1C480020F0B587B0002505958D
:100CB000109D04950F9D03950E9D0295DDE912761A
:100CC0000D9D01950C9D00950446FFF785FFB6F13B
:100CD000FF3F08BFB7F1FF3F05D056EA070305D134
:100CE000204600F0B3F9204607B0F0BD03493A466C
:100CF000334604F1180000F0F1FBF4E7B99202006A
:100D000038B50D4D2B4653F81C4F9C4200D004B90A
:100D1000EC68AB6838B95A7BD20604D1A26912B923
:100D2000DA897F2A05D89C4202D0204600F000FBD9
:100D30002346AB6138BD00BF1C48002008B590F9C0
:100D40000D20437B002A014604DA03F07F0343733E
:100D500008F01DFA044B9868431A58425841BDE800
:100D60000840FFF7CDBF00BF1C48002070B490F9C9
:100D70000D30427B002B29DBD30627D183692BBBA7
:100D8000134962F07F0242730A4652F81C4F9442A4
:100D900018BF23460C6A23B9C0E90024206008620A
:100DA0000CE090F90E5093F90E60B5420AD0AE42B5
:100DB00008DD5A68C0E900321060586070BC00203D
:100DC000FFF79EBF9C42E7D01B68E4E770BC70470A
:100DD0001C4800202DE9F041002A427B0E460CBF42
:100DE00010210821114204460FD141EA0203D20921
:100DF00018D14373082925D00120FFF781FFBFF3E5
:100E00005F8F637B23F060036373304B9B68A34267
:100E100055D1EFF30583002B51D13046BDE8F041A9
:100E2000F3F7E8BE03F07F03437308F0B0F9E1E79E
:100E30000120FFF765FF2046F4F770F8204600F028
:100E4000CFFADCE7A36813B1204608F0A8F904F153
:100E5000180008F0C7FAA56D04F15807AF4211D089
:100E60004FF0000875B1284608F099F905F118000F
:100E700008F0B8FAC5F8B0802846FFF777FFA56DEF
:100E8000AF42EFD1114FBB689C42D1D1EFF3058344
:100E9000002BCDD00120FFF733FF20460C4DF4F797
:100EA0003DF8204600F09CFA40F20113AB81284641
:100EB0000023C5E9273300F0DDFCBD609FE786F322
:100EC0001188BFF36F8FBDE8F08100BF1C48002080
:100ED0001040002070B590F90D20437B002A014698
:100EE00004DA03F07F03437308F051F94B7B154A92
:100EF00063F07F0310464B7350F81C3F146A834223
:100F000008BF002323B9C1E90004216011620CE08D
:100F100091F90E5093F90E60B5420ED0AE420CDD41
:100F20005868C1E90030016059609068431A58421E
:100F3000BDE870405841FFF7E3BE9C42E3D01B6818
:100F4000E0E700BF1C480020F8B5124B0C461146E4
:100F5000114A98681060DDE90676EFF311824022AD
:100F600082F31288BFF36F8F9D68284608F021F93D
:100F7000B6F1FF3F08BFB7F1FF3F06D007493A4639
:100F8000334605F1180000F0A9FA2046BDE8F84004
:100F9000F3F730BE1C48002050480020B9920200F0
:100FA000F8B50446EFF31186402383F31288BFF3AC
:100FB0006F8F437BDA0649B219D18569BDB903F059
:100FC0007F03437308F0E3F8437B164A817363F0B1
:100FD0007F034373134653F81C0F984218BF05460E
:100FE000106A5DB9C4E900300460146211E0A173B5
:100FF000002086F31188BFF36F8FF8BD95F90E704E
:10100000B9420BD08F4209DD6B68C4E900531C6004
:101010006C600120FFF774FE0120EAE7A842E1D0EE
:101020002D68DEE71C48002049B9EFF3058030B990
:10103000054B9A699B689A4201D0F3F7DBBD81F3B7
:101040001188BFF36F8F70471C48002010B5EFF375
:101050001184402282F31288BFF36F8F427B5107C5
:1010600004D484F31188BFF36F8F10BD22F0040203
:101070004273FFF77BFE21460248BDE81040FFF7B0
:10108000D3BF00BF367B0020034648B9EFF305828B
:1010900032B9064A91699268914201D0F3F7AABD2C
:1010A00083F31188BFF36F8F704700BF1C48002087
:1010B000EFF31181402383F31288BFF36F8F054B49
:1010C0009A68D37B013BD37381F31188BFF36F8F91
:1010D000704700BF1C48002038B5EFF3118540244D
:1010E00084F31288BFF36F8F0A4B9A68D37B013366
:1010F000D3730020FFF704FE85F31188BFF36F8FD1
:10110000EFF3118084F31288BFF36F8FBDE838408E
:10111000FFF7BABF1C480020024B03F11C02C3E9D1
:10112000072270471C480020F8B5EFF311854023D3
:1011300083F31288BFF36F8F19498868437B03F0EC
:101140007F03437308F023F88B685A7B084662F0EC
:101150007F025A7350F81C2F0C6A824208BF00228B
:1011600022B9C3E9000423600B620CE093F90E601E
:1011700092F90E70BE420ED0B7420CDD5168C3E941
:1011800000210B6053600120FFF7BAFD2846BDE83F
:10119000F840F3F72FBDA242E3D01268E0E700BFAA
:1011A0001C48002050EA01032DE9F04105460E4697
:1011B00003D1FFF7B9FF00202BE0831C71F1FF334F
:1011C00029DB08F024F92C18EFF31188402383F36E
:1011D0001288BFF36F8F124F124BB8681860FFF779
:1011E000ADFDB86810492A463346183000F076F94C
:1011F000BA68537B43F0100353734046F3F7FAFC8D
:1012000008F005F9201A63EB0303012873F10003CA
:10121000D1DBBDE8F0816FF00104241AD4E700BFF0
:101220001C48002050480020B9920200B1F1FF3F55
:1012300008BFB0F1FF3F08B506D10A4B986807F028
:10124000EFFF4FF0FF3008BDFFF7ACFF4FF47A71AE
:1012500047F6FF730022C0FB0132D80B40EA424040
:10126000F1E700BF1C4800200C490D4A38B50024A6
:101270004FF400458C462146C0FB05C10023604663
:10128000EAF7E8FCC117FFF78DFF054A47F6FF7341
:10129000C0FB0234DB0B43EA444038BD3F420F0041
:1012A00040420F00014B9868704700BF1C48002067
:1012B000D3B5DDE90667089CCDE90067FFF744FE7A
:1012C0001CB1034B9B685B69236002B0D0BD00BFBB
:1012D0001C480020044BC01A044BC0105843044B58
:1012E00001221A54704700BF08410020ABAAAAAAE5
:1012F000367B0020C3897F2B12D80A4B1B6863B151
:10130000094B90F90E201B689A4209DB437BDB06F0
:1013100006D1064BC31A18BF012303F00100704722
:101320000023FAE75848002054480020083D0020D8
:1013300070B50E4B0E4C1E7C06EB460304EBC3044B
:101340000546204608F04EF80A4B002228469A55DA
:10135000FFF7D0FF48B1084B08491A68013A204608
:10136000D317BDE8704000F0B9B870BD1C4800202C
:1013700008410020367B002058480020D51202008A
:1013800038B5EFF31185402383F31288BFF36F8FD5
:10139000104B114A9C681068A04206D1FFF7C8FFA5
:1013A00085F31188BFF36F8F38BD00211B7C11605E
:1013B0000A4AD35C002BF3D02046FFF79BFF00289E
:1013C000EED0637BDB0602D12046FFF783FD20468B
:1013D000E4E700BF1C48002050480020367B002076
:1013E000EFF31181402383F31288BFF36F8F0A4A12
:1013F000936A834207D15B6F936281F31188BFF3D5
:101400006F8F70471346002BF7D05A6F8242F9D185
:10141000426F5A67F1E700BF1C48002008B5064834
:10142000064A0749121A07F029FCBDE80840054A98
:101430000549064807F022BCC0040020AC15002076
:10144000E4E3020000000000DCE30200C00400202E
:10145000034B1B680BB9FCF7A1B80020704700BF15
:101460005C48002030B570B10B4B5B6898420AD0E5
:10147000036843B1D3E90421D0E90445121941EBD3
:101480000501C3E90421D0E9003213605A6000234A
:10149000C0E9003330BD00BFF00F002010B50E4B87
:1014A0001C689C4204D1FFF7D3FF6FF0004010BDD1
:1014B000FFF7CEFF002CF8D0D4E904321B1A62EB00
:1014C000E072B3F1004F72F10001EEDA002AACBF16
:1014D00018460020EBE700BFF00F0020B3F1FF3FFC
:1014E00008BFB2F1FF3FF8B504461D4616465ED070
:1014F0008160EFF31187402383F31288BFF36F8F6E
:10150000013275F1FF3324DA2E49D1E900206FF062
:1015100001039B1A4FF0FF3262EB00009E1B60EB51
:101520000500012E70F1000301DA01260020C4E954
:101530000460254ED6F800C07568B44508BF4FF06A
:10154000000CBCF1000F0DD1C4E900652C60746083
:101550001CE0FFF77DFF013645F10005361845EB2D
:10156000E070E4E7DCE90420D4E90431934271EB54
:10157000000E1DDAD21ADCF8043060EB0100CCE971
:101580000420C4E900C31C60CCF804403368B342B3
:1015900009D09C4207D10D4B1C6824B9FFF77EFF90
:1015A0002146FBF7CDFF87F31188BFF36F8FF8BD9E
:1015B0009B1A61EB0001AC45C4E90431C4D0DCF8EE
:1015C00000C0BEE720410020F00F00205C48002052
:1015D0002DE9F84FEFF31186402383F31288BFF310
:1015E0006F8FDFF8B8902B4D2B4C2860D9F8000096
:1015F0004FF0000A484508BF00204FF0000BD4E927
:10160000001E2B68374680B3D0E904864FEAE37C9E
:1016100043457CEB060206DAB8EB030266EB0C06E8
:10162000C0E9042621E018EB01014EEBE873C0E9A4
:1016300004ABC4E90013FFF715FF87F31188BFF36C
:101640006F8F83689847EFF31187402383F31288E5
:10165000BFF36F8F2B68D9F80000A3EB0803484550
:101660003E462B60CBD1D4E9001E59184EEBE373F4
:10167000C4E9001300242C60FFF710FF2146FBF79C
:101680005FFF87F31188BFF36F8FBDE8F84FFFF757
:1016900077BE00BF5C48002020410020F00F0020F2
:1016A00010B5EFF31184402383F31288BFF36F8FDB
:1016B000FFF7CEFE054A0346D2E90001181841EBB8
:1016C000E37184F31188BFF36F8F10BD20410020B8
:1016D000F8B50446EFF31187402383F31288BFF374
:1016E0006F8F026822B187F31188BFF36F8FF8BD47
:1016F000D0E90A36581C46F10001022871F10001B8
:1017000027D3012B76F10001BCBF012316465D1ED5
:1017100046F1FF3607F07FFE013041F1000140192C
:1017200046EB0101012871F100013ADB07F073FE7D
:10173000013041F100016FF00102401946EB010355
:10174000121A4FF0FF3161EB030318492046FFF7EF
:10175000C5FE236B01332363236A6BB187F31188C2
:10176000BFF36F8F236A20469847EFF3118740231A
:1017700083F31288BFF36F8F54F8185FA542B2D07D
:10178000002DB0D0284607F065FD0023C5F8B03025
:1017900087F31188BFF36F8F2846BDE8F84007F044
:1017A00030BD6FF001024FF0FF33CEE7D1160200DB
:1017B0002DE9F04105461C4690461F46EFF3118681
:1017C000402383F31288BFF36F8FB4F1FF3F08BF4C
:1017D000B2F1FF3F05D186F31188BFF36F8FBDE8EB
:1017E000F081531C74F1FF3309DB012A74F100030B
:1017F000BCBF0122002412F1FF3844F1FF37284614
:1018000007F0F0FDDDE90623C5E90A2300232B6379
:10181000034942463B462846FFF760FEDBE700BF30
:10182000D116020038B50346EFF31185402282F34A
:101830001288BFF36F8FC16001218160006883420D
:1018400006D185F31188BFF36F8F0024204638BD81
:10185000D0E9003213605A600023C0E9003307F07A
:1018600049FE294604460248FFF7DEFBEEE700BFCB
:10187000377B0020014BC0F8A830704714130020BC
:1018800038B504460D4607F078FC28B9064B9B682E
:10189000D3F8A8300BB938BD044B2A462146184668
:1018A000BDE8384007F086BE1C4800201413002015
:1018B00030B599B00546684600F028F869460446F8
:1018C00008A800F053FA08A90443284600F08AF952
:1018D000204619B030BD00BF70B598B005466846C7
:1018E000164600F013F83146044608A800F046F901
:1018F00008A96A460443084600F082F908A904438F
:10190000284600F06DF9204618B070BD70B50B6820
:10191000124E1BBAC3614B681BBA83618B681BBA3A
:101920004361CB681BBA03610B691BBAC3604B6987
:101930001BBA83608B691BBA4360CB691BBA324602
:10194000036001460446DEF73BFC3146054602468D
:101950002046DEF755FC681E70BD00BF00B20200D5
:101960002DE9F04188B00C46064602F12001684698
:1019700006F120079046DEF729FF6A466946684669
:10198000DEF746FE69463846DEF720FF3A4639461E
:10199000384604F12005DEF73BFE6A466946684694
:1019A000DEF736FE41462846DEF710FF6A4641461E
:1019B0003046DEF7F3FE2A4629466846DEF728FE63
:1019C0002A4669466846DEF723FE124A694668469B
:1019D000DEF71EFE69462046DEF7F8FE3246214657
:1019E0002046DEF753FE324621462046DEF74EFE05
:1019F000224631462846DEF749FE6A4629462846F1
:101A0000DEF7CCFE3A4629462846DEF73FFE08B010
:101A1000BDE8F081E0B20200F0B599B004460D4691
:101A20000A4601466846DEF731FE69466846DEF73B
:101A3000CDFE6A46214608A805F1200604F12007DC
:101A4000DEF7ACFE6A4629466846DEF7A7FE324658
:101A5000394610A8DEF7DCFD324639463046DEF75F
:101A600015FE31462846DEF7B1FE6A4608A9204633
:101A7000DEF7CEFD224629462846DEF707FE6A46F7
:101A800008A96846DEF702FE6A4639463846DEF7A0
:101A900085FE2A4608A96846DEF7F8FD6A46314603
:101AA0003046DEF77BFE3A4631463046DEF7EEFD45
:101AB00010A96846DEF78AFE224669462046DEF710
:101AC000E5FD08A922460846DEF7E0FD10A908AAB0
:101AD0000846DEF763FE3A4610A93846DEF7D6FD23
:101AE00019B0F0BD2DE9F04188B00C46054690468E
:101AF0000A4601466846DEF7C9FD69466846DEF7D4
:101B000065FE6A462946284604F12006DEF746FEB1
:101B100005F120076A4621466846DEF73FFE324659
:101B200039463046DEF7B2FD31462046DEF74EFE3E
:101B30002A4621462046DEF7A9FD6A462146204670
:101B4000DEF7A4FD6A4629464046DEF79FFD424681
:101B500039463846DEF722FE224629466846DEF739
:101B600095FD6A4631463046DEF718FE3A46314664
:101B70003046DEF78BFD08B0BDE8F08170B500F1AE
:101B8000200690B00D46044600F014F905F120013E
:101B9000304600F00FF9214608A8DEF717FE08A925
:101BA00008460D4ADEF734FD08A922460846DEF74E
:101BB000F5FD08A9094A0846DEF72AFD31466846C0
:101BC000DEF704FE202269460DEB0200DEF7F2FC90
:101BD000013810B070BD00BFE0B20200C0B2020018
:101BE00000F002B938B504460D4600F0FDF805F1E5
:101BF000200104F12000BDE8384000F0F5B800BF36
:101C00002DE9F0471346B8B0544A89468046194634
:101C100010A8DEF7D5FA5249024610A8DEF7F0FA0E
:101C2000179E4E4900EAD6760746C6F1010210A873
:101C3000DEF7E6FA179B4A466FEA030A28A918A8B6
:101C4000FFF78EFE4FEADA7A20A9CAF101020846B0
:101C500000F092F8C7F10107FE246A4618A928A8E7
:101C6000FFF740FF631138AA02EB830304F01F0261
:101C700053F8A03CD340554603F0010A8AEA050513
:101C80002A4628A918A8DEF717FB2A4630A920A85B
:101C9000DEF712FB013C28A918A8FFF7BDFE631C64
:101CA000DBD1CAF1010220A908A800F065F886EA94
:101CB0000A066A4618A928A8FFF714FF28A9324681
:101CC00018A8DEF7F9FA324630A920A8DEF7F4FAB0
:101CD00008A96A460846DEF761FD08A9084600F033
:101CE0009DF808A908F1200409F120020846DEF752
:101CF00055FD20A908AA2046DEF750FD08AA18A91C
:101D00006846DEF74BFD69466846DEF75FFD18AAB8
:101D1000694608A8DEF742FD21466846DEF756FD13
:101D200008AA69461046DEF7B1FC0E4A08A96846C3
:101D3000DEF7ACFC20462021DEF750FC08A9024665
:101D400044426846DEF7B8FA4046074A6946DEF77D
:101D500025FD3C43204638B0BDE8F08740B2020084
:101D600060B20200C0B2020020B202000A4601497D
:101D7000FFF746BF80B2020070B588B004460D463A
:101D8000164600212022684607F08DFC00232946D4
:101D900020222046009307F078FC2A4669466846D0
:101DA000DEF774FC324669462046DEF785FA08B055
:101DB00070BD00BF0B681BBAC3614B681BBA83615F
:101DC0008B681BBA4361CB681BBA03610B691BBAF2
:101DD000C3604B691BBA83608B691BBA4360CB69D4
:101DE0001BBA0360704700BFCB691BBA03608B69E5
:101DF0001BBA43604B691BBA83600B691BBAC36093
:101E0000CB681BBA03618B681BBA43614B681BBA72
:101E100083610B681BBAC361704700BF70B598B08F
:101E20000D46064610A8DEF7D1FC2A4610A96846E2
:101E3000DEF7B4FC694610A8DEF7C8FC10A9084616
:101E4000DEF7C4FC6A4610A908A8DEF7A7FC08A9BB
:101E500010A8DEF7BBFC10A90846DEF7B7FC10A9F6
:101E60000846DEF7B3FC10A90846DEF7AFFC10A960
:101E700008AA0846DEF792FC10A90846DEF7A6FC81
:101E800010A90846DEF7A2FC10A96A4608A8DEF7EA
:101E900085FC052408A910A8DEF798FC10A90846BF
:101EA000DEF794FC013C10A9F5D108AA0846DEF73C
:101EB00075FC052410A90846DEF788FC10A9084621
:101EC000DEF784FC013CF5D110A908AA0846DEF72C
:101ED00065FC10A908A8DEF779FC08A90846DEF71A
:101EE00075FC08A96A466846DEF758FC1024694666
:101EF00010A8DEF76BFC10A90846DEF767FC013C72
:101F000010A9F5D12A460846DEF748FC402410A95E
:101F10000846DEF75BFC10A90846DEF757FC013CDB
:101F2000F5D110A96A460846DEF738FC102410A93E
:101F30000846DEF74BFC10A90846DEF747FC013CDB
:101F4000F5D110A96A460846DEF728FC102410A92E
:101F50000846DEF73BFC10A90846DEF737FC013CDB
:101F6000F5D110A908AA0846DEF718FC2A4610A9E0
:101F70003046DEF713FC18B070BD00BF10EE100A3B
:101F8000C0F3C7527F3A162A15DC002A08DA01325C
:101F900000F0004301D143F07E5300EE103A704749
:101FA000074911410142FAD04FF480031341034421
:101FB00023EA0103F1E7802AF1D130EE000A7047ED
:101FC000FFFF7F0008B52DED028BB0EE408A00F0D8
:101FD000C7F8144B93F90030013314D0B4EE488A9B
:101FE000F1EE10FA0FD6B5EEC08AF1EE10FA0ADC67
:101FF000B5EE408AF1EE10FA08D104F0D1F82223B0
:102000009FED090A0360BDEC028B08BD04F0C8F81F
:10201000BDEC028B21230360BDE80840034800F0BB
:1020200071BC00BF61120020000080FFD3BE02001F
:1020300008B52DED048BB0EE409AF0EE608A00F00A
:1020400081F9434B93F900300133B0EE408A12D04E
:10205000F4EE688AF1EE10FA0DD6B4EE499AF1EE7C
:1020600010FA0DD7F5EE408AF1EE10FAF7EE007A8D
:1020700008BFB0EE678AB0EE480ABDEC048B08BD1D
:10208000DFED349AB4EE699AF1EE10FA16D1F4EE5F
:10209000698AF1EE10FA58D0B0EE680A07F0DBFA60
:1020A0000028E8D0F4EEE98AF1EE10FAE3D504F066
:1020B00077F8212303609FED288ADCE707F0CBFA4D
:1020C00058BBB0EE490A07F0C6FA30B3B0EE680A62
:1020D00007F0C1FA08B3B4EE488AF1EE10FA06D759
:1020E00004F05EF8212389EEA98A0360C3E704F0B7
:1020F00057F8B5EEC09A2223F1EE10FA036002D42D
:102100009FED168AB7E7B0EE680A00F001FCB4EE66
:10211000680AF1EE10FAF3D0CDE7B5EE408AF1EEA1
:1021200010FAA8D1B0EE490A07F095FA0028A2D01B
:10213000B0EE680A07F08FFA00289CD004F030F85F
:1021400022239FED048A036095E7B7EE008A92E7A9
:102150006112002000000000000080FF0000807F6E
:1021600010EE103A33F0004206D19FED667ADFEDB3
:10217000667A87EE270A7047002B1A4602DA30EE9D
:10218000407AF4E7B3F1FF4F02DB30EE000A70470C
:10219000B3F5000FB8BFDFED5D7A5D48BEBF60EEFE
:1021A000277A6FF0180117EE902A4FEAE253C2F334
:1021B00016021044A8BF00217F3B0B4400F400012D
:1021C00081F07E51114300EE101A524903EBD053B7
:1021D00002F10F00F7EE007A014030EE670A89BB8A
:1021E000B5EE400AF1EE10FA0FD1002B00F0878017
:1021F00007EE903A9FED480A9FED487AF8EEE77AAD
:1022000027EE800AA7EE870A7047DFED456AF6EEF3
:10221000007AE0EE667A20EE007A27EE277A13B98C
:1022200030EE470A704707EE903ADFED3B6AF8EE72
:10223000E77AA7EEE67A37EE400A9FED387A97EE16
:10224000870A7047F0EE007A70EE277ADFED355A94
:10225000DFED354A354980EE276A1144C2F5571241
:1022600002F522720A43002A07EE903A26EE065A39
:10227000F8EEE76A25EE057ADFED2D7AE7EE257AAE
:10228000DFED2C5AE7EE875ADFED2B7AE7EE247A62
:10229000DFED2A4AE7EE874ADFED297AE4EE877A16
:1022A00067EE857AE5EE877A1ADDB6EE007A20EEE3
:1022B000077A27EE007A77EE877A67EE867A13B987
:1022C00037EE677AACE79FED146AE6EE867A37EE72
:1022D000677A37EE400ADFED117A96EEA70A70476B
:1022E00070EE677A67EE867A13B930EE670A704748
:1022F0009FED097AE6EEC77A37EEC00AEBE79FED6D
:10230000020A7047000000CC000000000000004CF2
:1023100020FB4A00F0FF7F00D1F717378071313F73
:10232000ABAAAA3E4FD01C3E9788173E305CCFFF29
:10233000298E633ECDCCCC3E25333A3E2549923E94
:10234000ABAA2A3F2DE9F84310EE904A34F000473B
:102350002DED028BB0EE408AF0EE608A00F09282A2
:1023600010EE109A29F00046B6F1FF4F06D8B7F1EB
:10237000FF4F0AD9B6F17E5F00F08482BDEC028B7C
:102380008948BDE8F84300F0BDBAB9F1000FB04686
:102390002BDAB7F1974F11D3B7F1FF4F28D00225B1
:1023A000B4F17C5F3FD1B9F1000F69DBB0EE480AB0
:1023B000BDEC028BBDE8F84307F043B9B7F17E5F8F
:1023C00029D3FB15C3F1960347FA03F505FA03F386
:1023D000BB423AD1B7F17E5F3FD1002C80F25882E8
:1023E000F7EE007A87EE880A0CE0B7F1FF4F3CD198
:1023F000B6F17E5F00F0468208D9002C80F245825B
:102400009FED6A0ABDEC028BBDE8F883002CF7DA79
:10241000B1EE680AF6E7B4F1804F2CD0B4F17C5FDE
:102420004FF000052CD0B0EE480A07F00DF9B6F1D8
:10243000FF4F03D016B1B6F17E5F3BD1002CBCBF7D
:10244000F7EE007A87EE800A23E0B7F17E5FC4D012
:10245000B4F1804F0FD00025E5E7B4F1804F0AD0EA
:1024600005F00105C5F10205DDE7B7F17E5FB4D0E7
:10247000B4F1804F02D128EE080AC3E700258FE7A8
:10248000B0EE480A07F0E0F8B6F1FF4F01D0002E99
:10249000D1D1B9F1000FB5DAA6F17E562E4304D1A1
:1024A00070EE407A87EEA70AACE7012DAAD1B1EE13
:1024B000400AA7E74FEAD970013855EA000304D172
:1024C00038EE488A88EE080A9CE7B7F19A4F7FD920
:1024D000374B9E4206D8002C92DA9FED360A20EE4A
:1024E000000A8FE7344B9E4202D9002CF5DC87E7C7
:1024F000F7EE007A30EE670ADFED306AF5EE007A2B
:10250000E0EE676AF6EE007AE6EEC07A20EE007A38
:1025100027EE277ADFED2A7A67EEC77A9FED297AD0
:10252000E0EE077A9FED287AF0EE676AE0EE076A40
:1025300016EE903A23F47F6323F00F0306EE903AF1
:10254000E0EE476A77EEE67A013D24F47F640543C6
:10255000B7EE007A24F00F04BFEE008A18BFB0EE89
:10256000478A07EE104A67EEA80A38EEC77A07EEE8
:10257000903AE7EE270A07EE104A67EE877A30EEC8
:10258000A77A17EE101A002921F0004340F3F180DA
:10259000B3F1864F40F2DE80DFED067A28EE270A9F
:1025A00020EE270A2EE700BFD3BE02000000000085
:1025B000F7FF7F3FCAF249710700803FABAAAA3EEE
:1025C0003BAAB83F70A5EC3600AAB83F0000804B8C
:1025D00019F0FF4F01BF5FED037A60EE277A6FF0CD
:1025E000170317EE908A4FEAE85218BF00237F3A8C
:1025F0001A44A94BC8F31608984548F07E5106DDE9
:10260000A64B984540F3A4800132A1F500010026B5
:10261000A34B03EB860307EE101AD3ED005AA14B30
:1026200075EE877AF7EE006AC6EEA74A491041F0C8
:10263000005101F5802101EB465137EE656A07EE46
:10264000901A26EE245A77EEE55A15EE107A1F40BE
:1026500006EE907AA6EEE76A37EE657A65EE057AC1
:10266000A6EEC76ADFED905A9FED907AE7EE875AA3
:102670009FED8F7AA5EEA77ADFED8E5AE7EE275A07
:102680009FED8D7AA5EEA77ADFED8C5A26EE246AAF
:10269000E7EE275A35EE267A67EEA74A27EE067A46
:1026A000F0EE087AA4EEA57AF0EE675AE6EEA65AA6
:1026B00075EE875A15EE901A194005EE901A75EED0
:1026C000E77AE6EEE67A77EE677A67EE857AE6EE07
:1026D000257AB0EE676AA6EEA56A16EE101A1940C2
:1026E00006EE101AB0EE467AA6EEE57A744901EBD2
:1026F000860177EEC77A9FED737ADFED735A67EE46
:10270000877A9FED727AE6EE077A91ED007A77EE9E
:10271000877A07EE102AF0EE676A6D4AE6EE256AC0
:1027200002EB860292ED005AB8EEC77A76EE856A21
:1027300076EE876A16EE902A134006EE903A36EE51
:10274000C77A37EE457AA6EE657A77EEC77AFBE66A
:1027500001265DE71CD1DFED5F6A37EE677A70EE28
:10276000A66AF4EEC76AF1EE10FA3FF715AF8623BA
:1027700012E0594A934202D9DFED587A0EE707D1A9
:1027800037EE677AB4EEE07AF1EE10FAEFDBF3E7BA
:10279000B3F17C5F71D9DB157E3B4FF4000018412B
:1027A0000844C0F3C7534E4A7F3B1A41024007EE2C
:1027B000102AC0F3160040F40000C3F117031841BB
:1027C000002977EEC77AB8BF404237EEA07ADFED36
:1027D000456A9FED456A17EE103A23F47F6323F0B4
:1027E0000F0307EE103A77EE677AB7EE000A70EE45
:1027F000E70ADFED3E7A67EE277AE0EEA67AF0EEA2
:10280000676AE7EE066AF0EE665AE7EE465A26EE8B
:10281000A67A77EEE57A9FED366ADFED365AA7EEB7
:10282000256ADFED355AE6EE075A9FED346AA5EECC
:10283000876ADFED335AE6EE075AB0EE666AA5EE18
:10284000C76AB0EE007A66EE865A36EE476AE6EE62
:10285000A77A85EE867A77EE677A77EEE67A30EEBB
:10286000670A10EE103A03EBC053B3F5000F06DA17
:1028700000F0A8F820EE080AC4E50020A5E700EE65
:10288000103AF7E7B7EE000ABCE5B0EE680AB9E522
:10289000B0EE480AB6E500BF71C41C00D6B35D00B7
:1028A00010B3020000F0FFFF55326C3E42F1533E80
:1028B00005A38B3EABAAAA3EB76DDB3E9A99193FA2
:1028C00000B302004F38763F0038763FA0C39D36F4
:1028D00008B302003CAA3833000016436042A20D40
:1028E000000080FF1872313F0072313F8CBEBF354F
:1028F0000EEADDB54CBB313355B38A38610B36BBBC
:10290000ABAA2A3E9FED010A704700BF0000C07FBE
:1029100010EE103AC3F3C7527F3A162A13B523F0CC
:10292000004145DC21B3002A4FEAD37422DA23495F
:10293000C3F3160201EB8401524291ED007A520A70
:10294000190D02F4800209050A4307EE902A77EE7A
:10295000277A03F00043CDED017ADDED017A77EEC1
:10296000C77A17EE902A22F00042134300EE103A85
:1029700002B010BD124911410B42F9D0480813EAC8
:10298000510105D023EA00014FF4001313410B431A
:102990000A4A02EB840292ED007A07EE903A77EE53
:1029A000277ACDED017A9DED010A30EE470ADFE787
:1029B000B1F1FF4FDCD330EE000AD9E718B30200C3
:1029C000FFFF7F0010EE103A33F000422AD0B2F140
:1029D000FF4F02D330EE000A704713F0FF4F22D1B1
:1029E000224BDFED237A984220EE270A16DB10EE09
:1029F000103AC3F3C752193A1044FE2815DDDFED33
:102A00001D7ADFED1D6A10EE103AB0EE677A002BEA
:102A1000B8BFF0EE667A27EE870A7047DFED177AC7
:102A200027EE800A7047D20DE6E7002806DD23F086
:102A3000FF4343EAC05300EE103A704710F1160FFF
:102A400009DADFED0E7ADFED0E6A10EE103AB0EE25
:102A5000677A002BDCE7193023F0FF4343EAC053C9
:102A60009FED080A07EE903ADAE700BFB03CFFFF9F
:102A70000000004CCAF24971CAF249F16042A20D4D
:102A80006042A28D000000330EB403B5014603ABD3
:102A9000054853F8042B0068019300F0B3F802B026
:102AA0005DF804EB03B07047F80F0020024B0146BD
:102AB000186800F04DB800BFF80F002038B5054683
:102AC000002941D051F8043C0C1F002BB8BFE4187A
:102AD00000F0E2FF1D4A136833B9636014602846B2
:102AE000BDE8384000F0DEBFA34208D920682118B5
:102AF0008B4201BF19685B6809182160EDE71A462F
:102B00005B680BB1A342FAD911685018A0420BD1EF
:102B100020680144501883421160E0D118685B6856
:102B2000536008441060DAE702D90C232B60D6E723
:102B3000206821188B4204BF19685B68636004BF7A
:102B4000091821605460CAE738BD00BF64480020FE
:102B5000F8B5CD1C25F0030508350C2D38BF0C2524
:102B6000002D064601DBA94203D90C233360002067
:102B7000F8BD00F091FF21490A6814469CB9204F26
:102B80003B6823B92146304600F0C8FC386029462E
:102B9000304600F0C3FC431C23D10C233360304685
:102BA00000F080FFE3E723685B1B17D40B2B03D9EE
:102BB00023601C44256004E06368A2420CBF0B60E4
:102BC0005360304600F06EFF04F10B00231D20F02F
:102BD0000700C21A1CBF1B1AA350C9E7224664682B
:102BE000CCE7C41C24F00304A042E3D0211A3046F1
:102BF00000F094FC0130DDD1CFE700BF6448002035
:102C0000604800202DE9F04F0D469DB014469846CF
:102C1000064618B183690BB900F06AFE874B9D42E6
:102C20001BD175686B6ED90705D4AB899A0502D4A0
:102C3000A86D03F0ADFAAB891B0701D52B69EBB981
:102C40002946304600F03CFDC0B16B6EDC070ED566
:102C50004FF0FF301DB0BDE8F08F794B9D4201D1A0
:102C6000B568DFE7774B9D4208BFF568DAE7AB89C7
:102C70009805EDD4A86D03F091FAE9E700230993D4
:102C800020238DF82930CDF80C803023DFF8B8816F
:102C90008DF82A304FF0010923469A4613F8012B8C
:102CA0000AB1252AF9D1BAEB040B0BD05B462246B8
:102CB0002946304606F016FD013000F0A680099A3C
:102CC0005A4409929AF80030002B00F09E800023AD
:102CD0004FF0FF32CDE905230AF1010A049307936F
:102CE0008DF853301A935446574814F8011B0522A7
:102CF000DDF7F6F9049BD0B9D90644BF20228DF840
:102D000053201A0744BF2B228DF853209AF8002035
:102D10002A2A14D0079A544600204FF00A0C214664
:102D200011F8013B303B092B4AD970B914E0A0EBF4
:102D3000080009FA00F018430490A246D3E7039A6A
:102D4000111D12680391002A01DB079204E0524230
:102D500043F002030792049323782E2B0AD1637861
:102D60002A2B32D1039B1A1D1B68039243EAE3739B
:102D700002340593DFF8E0A0217803225046DDF706
:102D8000AFF938B1049BA0EB0A0040228240134304
:102D90000134049314F8011B2C488DF828100622E6
:102DA000DDF79EF900283FD0294B1BBB039B07335F
:102DB00023F0070308330393099B3B4409936BE714
:102DC0000CFB02320C460120A9E7002301340593D5
:102DD00019464FF00A0C204610F8012B303A092A08
:102DE00003D9002BC6D00591C4E70CFB0121044692
:102DF0000123F0E703AB00932A46164B04A93046A3
:102E000000F02CF80746781CD6D16B6ED90705D494
:102E1000AB899A0502D4A86D03F0C0F9AB895B06B3
:102E20003FF516AF099815E703AB00932A46094B07
:102E300004A9304600F044FAE4E700BF64B302009E
:102E400044B3020024B3020023E202002DE2020098
:102E50005D2E0200E596020029E202002DE9F04F06
:102E60008DB00C46DDF8588016461F46054600F02A
:102E7000BDFD036804931846ECF747FB00230A9353
:102E8000D8F800300590073323F0070303F1080258
:102E900094F818A0D4F800B0C8F80020D3E900894D
:102EA00029F000430793CDF81880C4E91289DDE9C1
:102EB0000601A04B4FF0FF32E8F7EEFD70BBDDE9F5
:102EC00006019C4B4FF0FF32E8F7C8FD30BB0022F3
:102ED000002340464946E8F7B7FD10B12D2384F89A
:102EE0004330954A954BBAF1470F94BF90469846A8
:102EF000032323612BF0040323604FF000090097A4
:102F000033460BAA2146284606F0A1FC013040F0CA
:102F100096804FF0FF300DB0BDE8F08F42464B4633
:102F200040464946E8F7B8FD40B14B46002BBCBFD0
:102F30002D2384F84330824A824BD4E763685A1CBD
:102F400026D1062363604BF4806200232260039342
:102F50000AABCDE901A309AB0093616849EC108B82
:102F60000DF12303284606F0CFFBBAF1670F09994C
:102F7000804615D1CB1C3BDB6368994238DC0A9B49
:102F8000994255DB23682161D80745D54B1C42E0A7
:102F90000AF0DF02472AD6D1002BD4D10123D1E792
:102FA000BAF1470F07D1C81C25DB63688B4222DBCF
:102FB0004FF0670AE3E7BAF1650F1FD801395246AF
:102FC00004F15000099106F008FC0A9A1318012A2E
:102FD0008146236102DC2268D20701D501332361D7
:102FE0009DF82330002B8AD02D2384F8433086E7C8
:102FF0004FF0650AE2E74FF0450ADFE7BAF1660FE6
:10300000BDD1002963680BDD216113B92268D007A7
:1030100002D501330B442361A1654FF00009DFE7BE
:1030200013B92268D20701D50233F4E70123F2E78E
:103030000029D4BFC1F1020201221344EBE7236847
:103040005A0507D42369424631462846B84701301D
:103050002BD15EE7BAF1650F40F2DC80D4E91201B2
:1030600000220023E8F7E6FC002833D0364A01238B
:1030700031462846B84701303FF44BAFDDE9093807
:10308000434502DB2368D8070FD5DDE90423314629
:103090002846B84701303FF43CAF4FF0000908F133
:1030A000FF3804F11A0AC84509DC23689B0700F1C0
:1030B0000281E0680B9B9842B8BF18462BE70123BA
:1030C000524631462846B84701303FF422AF09F155
:1030D0000109E8E7099B002B38DC1B4A0123314634
:1030E0002846B84701303FF414AFDDE9093959EA01
:1030F000030302D12368D907D7D5DDE9042331467C
:103100002846B84701303FF404AF4FF0000A04F1FD
:103110001A0B099B5B42534501DC4B4693E70123A5
:103120005A4631462846B84701303FF4F2AE0AF11C
:10313000010AEEE7FFFFEF7F34E2020060BF02000A
:1031400038E202003CE20200D4CA0200A36DDDF8BE
:1031500028A05345A8BF5346002B994636DC4FF0B4
:10316000000B29EAE97904F11A02A36D0693A3EB97
:1031700009035B4531DC099B9A453ADC2368DA0791
:1031800037D4099BAAEB0309069BAAEB03039945D5
:10319000A8BF9946B9F1000F33DC4FF0000829EAC7
:1031A000E97904F11A0B099BAAEB0303A3EB0903CA
:1031B00043457FF77AAF01235A4631462846B84740
:1031C00001303FF4A6AE08F10108ECE74246314673
:1031D0002846B8470130C2D19BE601233146284634
:1031E0000692B84701303FF494AE069A0BF1010BFA
:1031F000BBE7DDE9042331462846B8470130C0D19A
:1032000087E6069A4B46424431462846B847013085
:10321000C3D17EE6DDF828A0BAF1010F01DCDB079F
:1032200036D50123424631462846B84701303FF49F
:1032300070AEDDE9042331462846B84701303FF43B
:1032400068AED4E91201002200230AF1FF3AE8F740
:10325000F1FBC0B9534608F1010231462846B84790
:1032600001300CD155E601235A4631462846B8476D
:1032700001303FF44EAE08F10108D045F3DB4B4678
:1032800004F15002E0E64FF0000804F11A0BF4E7F5
:1032900001234246E1E701234A4631462846B84722
:1032A00001303FF436AE08F10108E3680B995B1A70
:1032B0004345F0DCFDE64FF0000804F11909F4E79E
:1032C0002DE9FF470F7E0C9D782F914680460C46D6
:1032D0009A4601F1430207D8622F0AD8002F00F066
:1032E000E080582F00F0BB8004F1420684F8427061
:1032F0003AE0A7F16303152BF6D801A151F823F0AA
:10330000593302006D330200E9320200E932020053
:10331000E9320200E93202006D330200E9320200B4
:10332000E9320200E9320200E93202008934020087
:10333000FD3302003F340200E9320200E9320200AC
:10334000AB340200E9320200FD330200E932020030
:10335000E9320200473402002B681A1D1B682A60FC
:1033600004F1420684F842300123ABE02368296867
:103370001F0601F10400286001D50D6803E05E0618
:10338000FBD5B1F900506168002D7ADA2D200029B3
:1033900084F84300A1602DDA5E486D420A23164688
:1033A000B5FBF3F103FB1157C75D06F8017D2F460E
:1033B000BB420D46F4D9082B0BD12368DF0708D593
:1033C000236961689942DEBF302306F8013C06F1AB
:1033D000FF36921B2261CDF800A04B4603AA21467E
:1033E000404606F034FA013071D14FF0FF3004B09E
:1033F000BDE8F08723F004032360CDE72B68206845
:10340000191D2960050601D51D6802E04106FBD59E
:103410001D8840486F2F14BF0A230823002184F819
:1034200043106668A660002EB9DB216821F0040114
:103430002160002DB3D1002EB1D11646BBE7236821
:1034400043F0200323603448782784F845702968C6
:1034500023680E1D2E601E0603D50D6804E02D485E
:10346000F3E75D06F9D50D88D90744BF43F0200383
:1034700023600DB11023D1E7236823F020032360DC
:10348000F8E724480A23CCE72B6826686169181DF1
:10349000286035061B6801D5196002E07006FBD56F
:1034A000198000232361164695E72B681A1D2A60B0
:1034B0001E68626800213046DCF712FE08B1801BEE
:1034C000606063682361002384F8433083E72369E5
:1034D000324649464046D047013086D023689B0794
:1034E00014D4E068039B9842B8BF18467FE70123D5
:1034F000324649464046D04701303FF476AF013569
:10350000E36803995B1AAB42F1DCEAE7002504F1BA
:103510001906F5E740E2020051E2020038B5064D17
:103520000023044608462B60F1F702FF431C02D13A
:103530002B6803B1236038BD684800200CB430B557
:10354000174B0C1E1D689DB008DA8B232B604FF0C3
:10355000FF301DB0BDE8304002B070474FF4027339
:10356000ADF8143014BF04F1FF33234604930793DE
:103570004FF6FF7302900690ADF81630209A21ABFB
:1035800002A92846019300F0ADFD431CBCBF8B236C
:103590002B60002CDDD0029B00221A70D9E700BFFF
:1035A000F80F00200EB430B59CB01FAC4FF4017280
:1035B00054F8045BADF8142002900690EBF7A5FFD9
:1035C0000B4B039007900B930A48019400230F9331
:1035D00014934FF6FF73ADF816302A46234602A91E
:1035E000006800F07BFE1CB0BDE8304003B07047BF
:1035F0004B990200F80F0020F8B50E461446054618
:1036000018B183690BB900F073F9214B9C4210D1BA
:103610006C68A369A360A3891A0701D5236993B9CC
:103620002146284600F04CF868B14FF0FF37384685
:10363000F8BD184B9C4201D1AC68EAE7164B9C429E
:1036400008BFEC68E5E723692068C01A6369F6B231
:103650008342374605DC2146284600F0CBF8002897
:10366000E3D1A368013BA36023685A1C22601E704B
:1036700063690130834204D0A389DB07D7D50A2EC2
:10368000D5D12146284600F0B5F80028CFD0CCE7A8
:1036900064B3020044B3020024B3020038B5074DFE
:1036A00004460846114600222A601A4602F07EFDB2
:1036B000431C02D12B6803B1236038BD6848002049
:1036C000314B70B51D6806460C4625B1AB6913B980
:1036D000284600F00DF92D4B9C420ED16C68B4F9D0
:1036E0000C301A072CD4DD0611D40922326043F0C5
:1036F0004003A3814FF0FF303DE0254B9C4201D1B8
:10370000AC68ECE7234B9C4208BFEC68E7E758073E
:1037100012D5616B41B104F14403994202D03046A5
:10372000FFF7CCF900236363A38923F02403A3816B
:103730000023636023692360A38943F00803A38106
:1037400023694BB9A38903F42073B3F5007F03D039
:103750002146304600F060F9B4F90C3013F0010254
:103760000AD00022A26062695242A261226942B973
:1037700013F08000BBD170BD990758BF6269A26089
:10378000F4E70020F7E700BFF80F002064B3020061
:1037900044B3020024B302001FB514461A46094B75
:1037A0001B680546D86854B9074B1C46CDE901345F
:1037B00000912B460549FFF767F9F1F7CDFD044B62
:1037C000F4E700BFF80F0020D3BE02006FE2020052
:1037D00062E2020038B5064D0023044608462B601D
:1037E00002F0E0FC431C02D12B6803B1236038BD1A
:1037F0006848002038B50B6905460C4613B900250A
:10380000284638BD18B183690BB900F071F8144B24
:103810009C421BD16C68B4F90C30002BEFD0626E67
:10382000D00704D4990502D4A06D02F0B1FC28465B
:10383000214606F06DF9636EDA070546E0D4A389E8
:103840009B05DDD4A06D02F0A9FCD9E7054B9C4295
:1038500001D1AC68DFE7044B9C4208BFEC68DAE7B3
:1038600064B3020044B3020024B30200002310B585
:103870000446C0E90033C0E90433836081814366B4
:10388000C2818361194608225C3005F00CFF054BAC
:103890006362054BA362054BE362054B246223631D
:1038A00010BD00BF299902004F99020087990200BC
:1038B000AB990200014906F0C5B900BFF537020017
:1038C000014802F065BC00BF3C130020014802F033
:1038D00065BC00BF3C130020014802F059BC00BF8A
:1038E00050130020014802F059BC00BF50130020C3
:1038F00010B50446FFF7F0FFA3691BB1BDE8104007
:10390000FFF7F0BFC4E912332365134B134A1B685A
:10391000A262A34204BF0123A361204600F020F865
:103920006060204600F01CF8A060204600F018F807
:103930000022E06004216068FFF798FFA068012280
:103940000921FFF793FFE06802221221FFF78EFFA3
:103950000123A361D2E700BF20B30200B538020003
:10396000F8B50746FFF7ACFF1E4B1E68B36913B9E5
:103970003046FFF7BDFF4836D6E90134013B03D599
:1039800033680BB33668F7E7B4F90C50D5B9164B6A
:10399000E36004F15800656602F0F0FBFFF796FF64
:1039A000C4E90155C4E904552560A56108222946EA
:1039B00004F15C0005F077FEC4E90D55C4E9125529
:1039C0002046F8BD6834D9E70421384606F024F9CA
:1039D000044630600028D5D1FFF778FF0C233B6008
:1039E000EEE700BF20B302000100FFFF0048704770
:1039F0004C11002038B5074D0446084611460022F8
:103A00002A601A4602F0D4FB431C02D12B6803B192
:103A1000236038BD684800208B89F7B59D070646AE
:103A20000C4607D504F1470323602361012363613A
:103A300003B0F0BD01AB6A4606F023F9009F0546CE
:103A400039463046FFF784F848B9B4F90C309A0586
:103A5000EED423F0030343F00203A381E2E70D4B0E
:103A6000B362A389206043F08003A381019BC4E972
:103A700004075BB1B4F90E10304601F013F828B119
:103A8000A38923F0030343F00103A381A3891D430A
:103A9000A581CDE7B5380200014802F079BB00BF2F
:103AA00028130020014802F079BB00BF2813002032
:103AB00070B5466A04460D4676B91020FEF7F6FF4B
:103AC0000246606220B9184B18486621FFF764FE71
:103AD000C0E901660660C660666AF36883B1636A1E
:103AE000DB6853F82500B8B9012101FA05F6721D0B
:103AF0009200204606F06FF960B1C0E901560EE071
:103B000021220421204606F066F9636AF060DB6832
:103B1000002BE4D1002070BD026843F8252000236B
:103B2000C0E90333F7E700BFABE2020047E302005E
:103B300070B5466A05460C4676B91020FEF7B6FF0A
:103B40000246686220B9094B09488A21FFF724FE22
:103B5000C0E901660660C6603CB16B6A6268DB68FA
:103B600053F82210216043F8224070BDABE20200FE
:103B700047E302002DE9F0410D6907460C461E4659
:103B800001F1140C0020DCF8003099B202FB016155
:103B90001E0C0B0C02FB063389B2013001EB034112
:103BA00085424CF8041B4FEA1346ECDC0EB3A368C5
:103BB000AB4219DC616838460131FFF779FF804676
:103BC00028B902460C4B0D48B521FFF7E5FD2269E7
:103BD000023204F10C0192000C3005F056FD214632
:103BE0003846FFF7A5FF444604EB850301355E61C7
:103BF00025612046BDE8F08136E3020047E302007C
:103C000010B50C460121FFF753FF024628B9054BBA
:103C100005484FF4A071FFF7BFFD01234461036124
:103C200010BD00BF36E3020047E302002DE9F04F6C
:103C300014460A6923699A42A8BF23460F46A4BFC7
:103C40000C461F46D4F810A0D7F81090A3686168FE
:103C50000AEB0906B34285B0B8BF0131FFF728FF70
:103C600030B90246444B454840F25D11FFF794FDE0
:103C700000F1140505EB86082B460022434521D3AD
:103C800007F1140104F1140202EB8A0201EB89032B
:103C90000293131B153B23F00303043304F11507B0
:103CA000BA4238BF04230193029B03918B420CD884
:103CB000002E03DD58F8043D002B5BD0066105B0F3
:103CC000BDE8F08F43F8042BD8E7B1F800A0BAF1B3
:103CD000000F24D004F1140EA9464FF0000C5EF83A
:103CE000047BD9F800301FFA87FB9BB20AFB0B3329
:103CF0004FEA174BD9F8007063444FEA174C0AFBA0
:103D00000BC707EB13479BB243EA0743724549F8D9
:103D1000043B4FEA174CE2D8019B45F803C0039BD4
:103D2000B3F802900431B9F1000F21D02B6804F1EF
:103D3000140CAE464FF0000ABCF800B0BEF802709A
:103D400009FB0B7757449BB243EA07434EF8043B09
:103D50005CF8043B4FEA134ABEF8003009FB0A3313
:103D600003EB174362454FEA134AE5D8019FEB5135
:103D7000043599E7013E9BE736E3020047E3020082
:103D80002DE9F843154612F0030207460E4607D008
:103D9000254C013A002354F82220FFF7EBFE06469B
:103DA000AD103DD07C6A7CB91020FEF77FFE024644
:103DB000786228B91D4B1E484FF4D771FFF7ECFC11
:103DC000C0E901440460C460D7F82480D8F80840F2
:103DD0004CB940F271213846FFF712FF0023C8F8B2
:103DE0000800044603604FF00009EB070AD531468E
:103DF00022463846FFF71AFF314680463846FFF71D
:103E000097FE46466D100BD0206838B922462146F1
:103E10003846FFF70BFF2060C0F800900446E4E747
:103E20003046BDE8F88300BF84B30200ABE2020075
:103E300047E302002DE9F0470C464968236903EB8C
:103E40006218A368074691464FEA621A08F1010614
:103E5000B3420BDB3846FFF72BFE054648B9024656
:103E6000284B294840F2D911FFF796FC01315B003D
:103E7000EEE7002300F1140100F11002184653454B
:103E800033DB20692AEAEA7A04F1140319F01F09E6
:103E900001EB8A0103EB800C2BD0C9F1200E8A467E
:103EA0000022186800FA09F010434AF8040B53F88E
:103EB000042B9C4522FA0EF2F3D8ACEB0403153B1D
:103EC00023F00303043304F11500844538BF0423B1
:103ED000CA500AB108F10206013E38462E61214659
:103EE000FFF726FE2846BDE8F08742F8040F0133AD
:103EF000C5E7043953F8042B41F8042F9C45F9D841
:103F0000EAE700BF36E3020047E302002DE9F74F7E
:103F10008946064611464846144605F041FF051EEF
:103F200012D129463046FFF7C3FD024628B93F4B60
:103F300040F232213E48FFF72FFC0123C0E904354F
:103F4000104603B0BDE8F08FBCBF4B46A1463046DB
:103F5000D9F80410BABF1C4601250025FFF7A8FDBB
:103F6000024618B9314B4FF41071E3E7D9F81070DD
:103F70002669C56009F1100309F1140504F1140E56
:103F800000F1140B05EB87080EEB86060193D9466A
:103F90004FF0000C019B5EF8040B53F804AF019343
:103FA0001FFA8AF3194683B2CB1A000C6344C0EBA4
:103FB0001A4000EB23409BB243EA0043764549F8A0
:103FC000043B4FEA204CE5D8331B153B23F0030399
:103FD00015340433A64238BF04231D445B441E46F7
:103FE0002C4644450ED308F10301491B21F003017F
:103FF000033DA84538BF00210B4453F8041D91B17F
:1040000017619DE754F8041BE646080C1CFA81FC76
:10401000714400EB2C4089B241EA004146F8041B90
:104020004FEA204CDDE7013FE7E700BF36E302003F
:1040300047E302002DE9F7430F46012159EC108BAD
:104040001646FFF735FD044630B90246234B244897
:1040500040F20A31FFF7A0FBC9F30A55C9F3130375
:104060000DB143F480130193B8F1000323D06846E7
:10407000009305F068FEDDE90012D0B1C0F1200325
:1040800002FA03F30B43C24063610192019BA361F7
:10409000002B0CBF012202222261A5B1A5F23345FB
:1040A00005443D60C0F135003060204603B0BDE8F6
:1040B000F0836161EAE701A805F045FE019B6361B9
:1040C00020300122E8E704EB8203A0F2324038609E
:1040D000186905F016FEC0EB4210E5E736E3020072
:1040E00047E302002DE9F04F98468B891B069DB0EF
:1040F00007460D46144610D50B6973B94021FEF7EB
:1041000027FD2860286130B90C233B604FF0FF3059
:104110001DB0BDE8F08F40236B610023099320237D
:104120008DF82930CDF80C803023DFF89C818DF894
:104130002A304FF0010923469A4613F8012B0AB1A1
:10414000252AF9D1BAEB040B0BD05B46224629464F
:10415000384605F073FE013000F0A780099A5A44F2
:1041600009929AF80030002B00F09F8000234FF056
:10417000FF32CDE905230AF1010A049307938DF874
:1041800053301A935446052214F8011B4E48DBF7AE
:10419000A7FF049AD8B9D00644BF20238DF8533026
:1041A000110744BF2B238DF853309AF800302A2B87
:1041B00015D0079A544600204FF00A0C214611F8FA
:1041C000013B303B092B4BD9B0B1079214E0A0EB77
:1041D000080309FA03F313430493A246D2E7039BAF
:1041E000191D1B680391002BBBBF5B4242F002020A
:1041F00007930793B8BF049223782E2B0AD16378D4
:104200002A2B32D1039B1A1D1B68039243EAE373E6
:1042100002340593DFF8C0A0217803225046DBF773
:104220005FFF38B1049BA0EB0A0040228240134399
:104230000134049314F8011B24488DF82810062239
:10424000DBF74EFF002836D0214B1BBB039B073307
:1042500023F0070308330393099B334409936AE768
:104260000CFB02320C460120A8E700230134059321
:1042700019464FF00A0C204610F8012B303A092A53
:1042800003D9002BC6D00591C4E70CFB01210446DD
:104290000123F0E703AB00932A460E4B04A93846EE
:1042A000FEF7DCFD421C0646D6D1AB895B063FF526
:1042B0002DAF09982CE703AB00932A46054B04A9C0
:1042C0003846FEF7FDFFEDE723E202002DE2020093
:1042D0005D2E02003D9E020029E202002DE9F0471A
:1042E0000C46ADF5227D0021CDE94411A649A091EF
:1042F0000DF10408A549A64FCDF818810646A191F5
:1043000000931378002B00F05A81F95C11F008013A
:1043100002F1010519D06368002B0FDD23681A78BC
:10432000BA5C120701D42A46EBE7459A013245925E
:1043300062680133013A62602360ECE7A19B214689
:10434000304698470028E9D0EDE7252B12D0994652
:104350006368002B40F39380226813784B4540F04C
:104360002E816368013B6360459B0132013322600B
:104370004593D8E74191439153782A2B02BF1023EC
:10438000951C41930A22A94619F8011BA1F130039B
:10439000092B1ED9DFF8FCA103225046DBF7A0FE53
:1043A00038B1419AA0EB0A000123834013434193A3
:1043B0004D4615F8013B782B06D8572B10D8252BE6
:1043C000C5D057D8002B65D0032347930A234293C7
:1043D0006BE0439B02FB0311303943914D46D2E71A
:1043E000A3F15802202AEFD801A151F822F000BF12
:1043F000DF440200C9430200C94302000145020034
:10440000C9430200C9430200C9430200C943020074
:10441000C9430200C9430200C94302001745020014
:10442000FD4402007B4402007B4402007B44020006
:10443000C9430200F1440200C9430200C94302001B
:10444000C9430200C943020027450200F9440200A3
:104450009B440200C9430200C943020023450200F5
:10446000C9430200FD440200C9430200C9430200DF
:10447000DF440200453B022BA6D8052314E0A19B94
:1044800021463046984700283FF466AF44980028FC
:1044900040F08D804FF0FF308DE0419B43F4087376
:1044A000419310234293042347936368002B49DD13
:1044B000419B590604D423681A78BA5C120748D481
:1044C000479B022B57DC6B46224641A9304600F041
:1044D0007BF8012873D002287FF425AFD6E7419AF4
:1044E00042F40072419210226E2B429202D9DAE716
:1044F000002342930323D7E70823D3E70A22F3E7F5
:104500002946404605F04DFD419B43F04003419351
:1045100005460123C8E7419B43F040034193002334
:10452000C2E70223C0E74198C3063FF5FCAE009BFB
:10453000459A191D00911B6810F0010F14BF1A80D5
:104540001A60F0E6A19B2146304698470028AFD07C
:104550009CE7459A013245926268013A002A6260FE
:1045600002DD01332360A6E7A19B21463046984730
:104570000028A0D08AE7042B0EDC6B46224641A916
:10458000304600F07BF8A4E7F39E0200699F02002A
:1045900023E1020029E202000A4B002B3FF4C3AEE4
:1045A0006B46224641A93046AFF3008091E7A389CC
:1045B0005B063FF56FAF0DF5227DBDE8F0874498AF
:1045C000F9E700BF000000002DE9F84315468A68AE
:1045D00080460C4632B98A69002A14BF4FF0FF3278
:1045E00001228A602268DFF89090D1065FBF1A68C6
:1045F000111D196016680027A06988B1012807D12C
:104600002B681A7863699B5C53B9002F31D022E084
:10461000022820D12B681B7819F803301B071AD405
:104620002368DA065EBF2B681B7806F8013B2A6810
:104630006B6801322A60A268013B013A6B60013766
:10464000A26042B1002BD7DCD4F880312946404625
:1046500098470028D0D0236813F0100305D1E268F2
:104660000132E260A26902B1337023693B442361E5
:104670000020BDE8F88300BF23E102002DE9F04FE0
:1046800098467A4B0C468246164693E8070087B058
:1046900003AB83E80700764BA169764A032908BF7C
:1046A0001A46A36801925A1EB2F5AE7F88BF6FF416
:1046B000AE75274682BF03EB050940F25D13A36088
:1046C00057F81C3B43F4506398BF4FF00009236038
:1046D0003D464FF0000B316803AB097853F82B00CF
:1046E0000222DBF7FDFC002840D0BBF1010F12D104
:1046F00062682AB92268082142F40072616022606F
:10470000226822F4A0622260A268511EA160DAB978
:104710004FF0020BDFE7BBF1020F06D0A268511E7B
:10472000A1608AB94FF0010BD5E7226802F4C0619D
:10473000B1F5007F1FD142F480722260A26810217F
:104740006160511EA160B2B13268511C31601278B3
:1047500005F8012B7268013A002A726006DCD4F871
:104760008021314650469047002874D10BF1010B4F
:10477000BBF1030FAFD163680BB90A2363606368B1
:104780003D496069C91A05F00CFC4FF0000BA368A5
:10479000226873B33168606991F800C010F80C00AA
:1047A00038B3BCF1300F16D1100514D50BF1010B45
:1047B000B9F1000F03D0013309F1FF39A360736829
:1047C000013B002B73600DDD336801333360A36858
:1047D000013BA360DBE722F4106222600B7805F84E
:1047E000013BECE7D4F88031314650469847002829
:1047F000EDD02368D9050DD5BD4209D915F8011CA6
:10480000D4F87C3132465046984705F1FF394D4681
:10481000BD4228D0226812F0100213D12A706368BA
:10482000019E39465046B047D8F8003021681A1D1D
:10483000C8F8002011F0200F1B680FD01860E36843
:104840000133E3602369ED1B5D442B4423610020A9
:1048500007B0BDE8F08F4FF0000BCAE7CA074CBFA6
:1048600018801860EBE70120F2E700BF30A80200D3
:1048700015A0020019A00200CCE3020038B5074DD4
:1048800004460846114600222A601A4601F08CFCB4
:10489000431C02D12B6803B1236038BD6848002057
:1048A000242B2DE9F0478646904601D8012B06D1EE
:1048B00001F076FC162303600020BDE8F08736483F
:1048C0000D462A4615F8014B065D16F00806F8D18C
:1048D0002D2C24D12C780126951C2BBB302C30D0CC
:1048E0000A2306F1004C0CF1FF3C0022BCFBF3F95B
:1048F000104603FB19CAA4F13007092F28D83C46FB
:10490000A34234DD571C07D081452DD301D1A245E8
:104910002ADB00FB0340012215F8014BEBE72B2CAF
:1049200004BF2C78951CD8E7102BDAD1302CD8D1C5
:104930002A7802F0DF02582AD3D16C78102302358E
:10494000CFE72B7803F0DF03582BF6D00823C8E716
:10495000A4F14107192F01D8373CD1E7A4F1610731
:10496000192F04D8573CCBE74FF0FF32D4E7531C44
:1049700008D12223CEF800306046B8F1000F9CD059
:10498000691E06E006B14042B8F1000F95D0002A3A
:10499000F6D1C8F8001090E723E102002DE9F043BA
:1049A000364E86460D46284615F8014B375D17F002
:1049B0000807F8D12D2C26D12C780127851C3BBB6C
:1049C000302C32D00A234FF0FF380026B8FBF3F822
:1049D00003FB08F96FEA09093046A4F1300CBCF179
:1049E000090F29D86446A34237DDB6F1FF3F07D04F
:1049F00080452FD301D1A1452CDB00FB03400126CC
:104A000015F8014BE9E72B2C04BF2C78851CD6E761
:104A1000102BD8D1302CD6D1287800F0DF005828C0
:104A2000D1D16C7810230235CDE72B7803F0DF036A
:104A3000582BF6D00823C6E7A4F1410CBCF1190F9E
:104A400001D8373CCFE7A4F1610CBCF1190F04D8B1
:104A5000573CC8E74FF0FF36D2E7731C06D122233C
:104A6000CEF80030304632B9BDE8F08307B140429D
:104A7000002AF9D006B1691E1160F5E723E10200B2
:104A800038B5074D00230446084611462B6001F057
:104A900091FB431C02D12B6803B1236038BD00BFDA
:104AA0006848002038B5064D0023044608462B60B0
:104AB00001F05FFB431C02D12B6803B1236038BDBA
:104AC000684800207047F0B587B004460F46164688
:104AD0000021182268461D4604F0E5FD694620467F
:104AE000CDE90176ADF80C50F6F75EF807B0F0BDF1
:104AF000FBF76ABD014640F2E73008B54FF47A7221
:104B0000002300EBC1304914E7F7A4F8BDE80840E2
:104B1000FCF78CBB41F2670398420EDC40F6485329
:104B200098420CDD5F23A0F6485058434FF4487379
:104B3000B0FBF3F00530C0B2704764207047052029
:104B400070471FB503468DF80120022200681B79CB
:104B50008DF80010CDF804D002928DF80C209DF84D
:104B60000C20816842F002028DF80C208C68012232
:104B700001A9A047B0FA80F0400904B010BD10B5FB
:104B800086B0009203930122089B019204930022B5
:104B900007238DF808208DF814309DF814308268B2
:104BA00043F002038DF8143094680B4602226946E4
:104BB000A04706B010BD836800EBC101B3F5004FFC
:104BC0002CBF51F8220031F81200704700EBC101F0
:104BD0008068B0F5004F2CBF41F8223021F8123028
:104BE000704708B50122FFF7E6FFD04008BD836893
:104BF000B3F5004F00EBC10108D34B681AB143F085
:104C000001034B60704723F00103FAE74B881AB1A8
:104C100043F001034B80704723F00103FAE7530090
:104C20000122FFF7D3BF8368B3F5004F34BF0423DD
:104C30000823C91A081AC0087047B0F5004F34BFDE
:104C400004230823481C0833A0EBD300B0FA80F0FB
:104C5000C0F11F0070472DE9F041174603220E46B0
:104C60000446FFF7A8FF8642054607F104080AD16B
:104C7000E3680122BA4023EA0203E360002344F818
:104C80002830BDE8F081314602222046FFF793FF2D
:104C90002B460646014644F8285020460322FFF7DB
:104CA00095FF3346294620460222BDE8F041FFF732
:104CB0008DBF70B50D4686680446FFF792FFB6F5C6
:104CC000004F014601D3012809D03046FFF7B5FF58
:104CD000294602462046BDE87040FFF7BCBF70BDC4
:104CE0002DE9F04705468068FFF7A7FF05EB800A2E
:104CF0008846DAF810900646B9F1000F1BD003275A
:104D0000DAF8104028462146FFF76BFF404507D3ED
:104D1000324621462846FFF79EFF2046BDE8F08731
:104D2000032221462846FFF746FF013FCAF810003C
:104D300001D08145E4D1EB6801364FF0FF34B44037
:104D40001C40EAD094FAA4F2B2FA82F2131D55F88C
:104D50002340DEE72DE9F041144605460E46FFF7F5
:104D600040FFA4EB0608371B07444246314628465D
:104D7000FFF755FF3A4621462846FFF750FF4346C6
:104D8000002221462846FFF721FF21462846FFF74B
:104D900028FF3B46211800222846BDE8F041FFF7D6
:104DA00015BF2DE9F041164604460F46FFF719FFDF
:104DB000314605462046FFF714FF05442A4639468A
:104DC0002046FFF72CFF31462046FFF70AFF2B460F
:104DD000311800222046BDE8F041FFF7F7BE2DE96B
:104DE000F0410D4686680446FFF7FBFEB6F5004F1E
:104DF000014601D3012832D03046FFF71EFF04EBF5
:104E000080010E6996B9E368012282401343E36092
:104E100002220D612B4629462046FFF7D7FE0322CA
:104E200029462046BDE8F041FFF7D0BE02223146B8
:104E30002046FFF7C0FE2946034607462046FFF7F7
:104E4000C5FE0322334629462046FFF7BFFE3946FA
:104E50002B462046FFF7BAFE02223146E1E7BDE8C5
:104E6000F081F8B50C460546FFF7BBFE2618012277
:104E700031462846FFF79FFEC3070CD4314628462B
:104E8000FFF717FF21462846FFF7ABFE2146221801
:104E90002846FFF786FF002221462846FFF78BFEB3
:104EA000271A012239462846FFF785FE10EA020636
:104EB00013D139462846FFF7FCFE214632462846E4
:104EC000FFF779FE2246211A2846FFF76AFF21469E
:104ED00032462846FFF76FFE241A21462846BDE8D1
:104EE000F840FFF77CBF38B571B105682846FFF779
:104EF0009AFE0022044601462846FFF778FE214626
:104F0000BDE83840FFF7ADBF38BD70B5066809B9D8
:104F1000002070BDB368B3EBD10FF9D9B3F5004FE2
:104F200034BF04230823CC1D1C44E408214630462A
:104F3000FFF7D6FE05460028EAD001463046FFF7C7
:104F400050FEA04209D92C44294630462246FFF79C
:104F500001FF21463046FFF742FF30460122294635
:104F6000FFF745FEB368B3F5004F34BF04230823B1
:104F700003EBC5031844CCE72DE9F8430668144653
:104F8000B26801F1FF39B2F5004F34BF04230823A2
:104F900019EA01090F460BD0494239408B424F466E
:104FA00028BF0B46894654B900252846BDE8F8833A
:104FB0009942F8D82146BDE8F843FFF7A6BFB2EB07
:104FC000D40FF1D9E11DB2F5004F394434BF0422AA
:104FD0000822C91A1144C9083046FFF781FE8046ED
:104FE0000028E1D0B368B3F5004F34BF0423082391
:104FF00009EBC0051D4435447B1E1D44B5FBF7F588
:105000007D43A5EB090529463046FFF70CFE2C44ED
:10501000073424F00704A41B804507464FEAE40444
:1050200008D2024641463046FFF794FE41463046DC
:10503000FFF7D5FE39463046FFF7D3FD38448442AA
:1050400008D2394630462246FFF784FE21463046D4
:10505000FFF7C5FE012239463046FFF7C8FDA4E739
:10506000B2F5802F2CBF08230423D21A2DE9F0417A
:105070008C18CD1D25F0070524F00704641B0026BD
:10508000E40805602146AC60EE602046FFF7D5FDE0
:10509000421D9200013002F107074FEAD707A2F143
:1050A00010023146B8BF324605F1100004F0FBFA99
:1050B0003A4631462846FFF7B2FD3346324631467E
:1050C0002846FFF783FDA4EB070828463146012256
:1050D000FFF78DFD42463946FFF7A1FD3B463246BC
:1050E00039462846FFF772FD21462846FFF797FD0F
:1050F0004346324621462846FFF768FD21462846AA
:105100000122FFF774FD3946BDE8F041FFF767BEA5
:105110002DE9F04706460D46174698462BB398F8FA
:10512000004093F80190DB78A40004EB430498F866
:1051300002301C4444444FF0000ACA4509D3D8F851
:10514000042008F1080339463046AC46BDE8F04774
:10515000604714F8013B48F823402046EAF7D5F9A8
:10516000013004440AF1010AE7E76FF01500BDE8D9
:10517000F08770B5002502462846144614F8013B16
:105180000BB9184609E098B18D4207D1702B04D0B5
:10519000A3F140023A2A0BD8002070BDA3F14006CB
:1051A0003A2E05D853780135941C002BE9D0002005
:1051B000252B08BF80F001002246DEE70020704763
:1051C00030B50C688B6814B14A689A4202DC01332E
:1051D0008B6030BD013A9A4214BF05460025E55464
:1051E0008B68F4E700F0FFBB0FB407B504A951F8D2
:1051F000040B019100F0F7FB03B05DF804EB04B081
:1052000070470CB407B504AB53F8042B0193EEF7C9
:1052100039F803B05DF804EB02B07047044608B5F6
:10522000084611461A46A047FCF73CF8EFF7CCFCBD
:105230000020704708B500F0B3FF162303604FF05D
:10524000FF3008BD08461146F0F75AB80CB407B550
:10525000034604AADB68084652F8041B01929847EB
:1052600003B05DF804EB02B07047FBF735B9FBF70C
:10527000ABB9D0E9002130B54FF03333A2FB0324A2
:10528000D51843EB0405A1FB0313521844EB0304A8
:10529000521944F10002891843F10003C0E90013D8
:1052A00030BD10B50A68002A03460FDD013A0A60D6
:1052B0001A6844680A20A2FB001200FB0422100FA7
:1052C00022F07042C3E90012303010BD3020FCE7FC
:1052D0002DE9F0410746884615461E461446B4425D
:1052E00005D30EB1601B08E02378002BFAD014F828
:1052F000010B4146B8470028F1DABDE8F0810FB450
:1053000007B504A951F8040B0191FFF76BFF03B037
:105310005DF804EB04B0704710B50369024613F062
:10532000080009D11368D4689C4297BF126AE31A37
:10533000D31A01200B6010BD00231846FAE713B5FD
:1053400001A90446FFF7E8FF20B1019BE268013B99
:1053500013440193206A019BC01A013802B010BDAA
:1053600010B5044650182269236AD20702D5013BC2
:10537000184010BD984228BFC01AFAE710B504467D
:105380000A46C168FFF7ECFF2369E06023F00803D9
:10539000236110BD38B50D46C2698B00016843F02A
:1053A000020342F82130044601682A46FFF7D8FF7D
:1053B000E36861682060984202BF236943F00803F4
:1053C00023612A462046FFF7CBFF606038BD2DE9F8
:1053D000F74FC768C6699B4616F8273003F00303EA
:1053E000022B04468846914606EB870A4FF00003DD
:1053F00009D01360CBF800302369990710D400203E
:1054000003B0BDE8F08F56F8271013608908CBF879
:105410000030F1D0FFF7B2FFE368A3600120EFE7AF
:10542000A3695046984716F82730DA070546E6D5AF
:1054300013F002031DD0B8F1000F03D041462046FF
:10544000FFF7A8FF61682A462046FFF789FFD4E9E5
:1054500002319942606004D12A462046FFF780FF5E
:10546000A060A3682360E360236943F0080323611D
:10547000D4E7014620460193FFF780FFE268A2606F
:10548000B8F1000F04D02168E269019B42F8213095
:1054900005EB0802CBF8002021682046FFF760FFEB
:1054A0002369206043F00803236116F827306FF367
:1054B000000306F82730C9F800A0AFE770B504462E
:1054C0001546FFF74DFF2368834205D1236921600C
:1054D00023F00803236170BDE269AB0043F00203CF
:1054E00042F82130204661682A46FFF739FF6060A4
:1054F000F1E738B503695B07044606D5456AFFF74F
:105500001EFF85422CBF6562606238BD38B50D460E
:1055100004461C22002104F0C6F8EB68A361AB68C6
:1055200063612B68E3616B682362002262622A690F
:1055300023B1591E194208BF42F001022261012223
:1055400004F128000021BDE8384003F0F1BC2DE94A
:10555000F04F87B000250093036A03958B42044601
:105560000E4692460595A94639D3EFF3118B402399
:1055700083F31288BFF36F8F059AD8462AB1294664
:105580002046FFF79BFF0023059304A92046FFF761
:10559000C3FE0499B14207462AD32268E36913F88F
:1055A000221021F0030103F8221003EB8209216885
:1055B00032462046FFF7D4FEE3682060984212D0BE
:1055C000002788F31188BFF36F8F039929B16269AF
:1055D0000AB12046904700230393002FC5D14846C7
:1055E00007B0BDE8F08F236943F008032361E7E7C4
:1055F00018B12046FFF7CEFEE3E7009B5AEA03030B
:1056000019D0019103F0B9FD0199A0B98BF311886C
:10561000BFF36F8F009B524604F12800FBF768F838
:10562000EFF31188402383F31288BFF36F8FB0FA32
:1056300080F77F09C5E705AB03AA20462568FFF779
:10564000C6FE0746BDE770B50446836908460D46A9
:1056500098470246EFF31186402383F31288BFF385
:105660006F8F2B7843F001032B7061682046FFF7A2
:1056700077FE60602046FFF73CFF86F31188BFF39A
:105680006F8F70BD2DE9F04104464027EFF311867E
:1056900087F31288BFF36F8F236913F0080FA36895
:1056A00002D16268934200D9226AE169D21A32B902
:1056B00086F31188BFF36F8F4FF0000833E011F8C5
:1056C000232012F0030001EB8308F1D0022803D15C
:1056D00051F82350AD0805D1D00712D4A369404634
:1056E00098470546A1682A462046FFF739FE294615
:1056F000A0602046FFF742FE86F31188BFF36F8F4C
:10570000C4E742F0020201F823204046A369A568DD
:105710009847294602462046FFF722FEA06086F3FE
:105720001188BFF36F8F4046BDE8F081F8B504469D
:10573000836908460D4698470646EFF311874023D4
:1057400083F31288BFF36F8F2B786FF300032B70F6
:1057500023699B0705D5E268E36903EB82039D4259
:105760001AD12B786FF341032B70D4E9023199429F
:1057700004D132462046FFF7F3FDA06031462046B3
:10578000FFF7FCFD87F31188BFF36F8F04F128004A
:10579000BDE8F840FAF786BF2B6860F39F032B60E3
:1057A000F0E7EFF31181402383F31288BFF36F8F8B
:1057B000036913F0080F836802D14268934200D94D
:1057C000026AD31A81F31188BFF36F8F181E18BFB6
:1057D00001207047038B13F0070305D10368002BEA
:1057E0000CBF002003207047022B05D1408BB0FA7C
:1057F00080F0400980007047012B05D10368002B21
:105800000CBF0020052070470020704710B50C46E3
:1058100000B111B96FF0150010BD081D00F094F82B
:105820000028F9D1A368032BF6D9F3E72DE9F0415D
:105830000D4607461946281D90461E4600F098F86A
:10584000044638B13346424629463846A446BDE8A8
:10585000F0416047BDE8F08110B4EFF311824024BD
:1058600084F31288BFF36F8F41615DF8044B01210F
:10587000EDF7E6BE38B50C46054658B151B10B6898
:1058800043B14B6833B11C22002103F00CFF2C61A3
:10589000002038BD6FF01500FBE770B505460E46D9
:1058A000FFF7B4FF041E14DBEFF31182402383F3F0
:1058B0001288BFF36F8F6B8B2C8B4FF6FF718B426F
:1058C00004F0070407D182F31188BFF36F8F6FF0E4
:1058D0000A04204670BD022C0CD101336B8382F385
:1058E0001188BFF36F8F0023224631462846FFF709
:1058F0009DFFEEE7062C14D8DFE804F00413131321
:10590000041A0400002333606B683BB9C5E90066E4
:10591000ACB902212846EDF793FEDAE71E606E600F
:10592000F6E782F31188BFF36F8F6FF00404D0E7BE
:1059300082F31188BFF36F8F6FF08504C9E782F39C
:105940001188BFF36F8FC4E7034640B1426802F08D
:105950000302022A06D0032A04D0012A05D06FF0E0
:10596000150070471A68002AF9D000209860704727
:1059700010B54268816002F00302022A03464FF02C
:10598000000407D0032A02D05C60002001E0186800
:105990005C6010BD18685C600028F6D0FBF742FF21
:1059A000F3E7704703785B075FBF03684288C3F380
:1059B0004A2303EB12105DBF173020F00700800868
:1059C000002070470020704702F028BE0346BFF356
:1059D0005B8F53E8000F421C43E800210029F8D1F7
:1059E000BFF35B8F70471FB50023CDE90201CDE9FE
:1059F00000331A4619461846EEF754FA05B05DF81A
:105A000004FB0120EDF7FCBF0020704770B5D2E920
:105A100001369B1B8B420C4615460AD313680A4677
:105A20000146981903F031FEAB682344AB60204671
:105A300070BD6FF01B00FBE770B50E4615461946AA
:105A4000044618B9BDE87040EDF7DABF33B1C2F3D0
:105A50004A231030120D184403F017FEC4E9005613
:105A60002046BDE87040EEF765B92DE9F3415F1CB3
:105A70004FEA8708064608F1170020F00700800863
:105A80000C461546EEF730F80023ADF805308DF8DA
:105A900007308DF8047068B10346019A43F8102F5F
:105AA000A8F104012A46294452F8045B43F8045F34
:105AB0008A42F9D1A20102F4E07242EA482222F0BD
:105AC0007F4222F47002002322F03F02314602B0EE
:105AD000BDE8F041FFF7B0BF07B50123019201AA6D
:105AE000FFF7C3FF03B05DF804FB07B5CDE9002362
:105AF00002236A46FFF7B9FF03B05DF804FB1FB548
:105B0000CDE90123069B039301AA0323FFF7ADFF11
:105B100005B05DF804FBF8B506460D4614461F4671
:105B200004B9F8BD214628463A46B047241A054430
:105B3000F6E710B5426881680446D2E900230068A0
:105B4000FFF7E9FF636800221A6010BD13B5002457
:105B50000094E9F735FE02B010BD38B54B681A68FD
:105B6000CB689A4205460C4602D10846FFF7E1FF92
:105B70006368BFF35B8F53E8002F511C43E80010AC
:105B80000028F8D1BFF35B8FA3689D54002038BD77
:105B90000A2838B504460D4602D10D20FFF7DDFF77
:105BA00029462046FFF7D9FF002038BD2DE9F043F4
:105BB000054687B008460E8891F80090D1F8088015
:105BC0000C461746EEF7BEF9011EC6F38216C9F35E
:105BD000C2091EDB4846EEF7BFF80346214660883F
:105BE00051F8102B0196C2F34A22002A01EB02045D
:105BF000C0F30B1008BF00210022CDE90407CDE956
:105C00000214009241462846EEF7C8F907B0BDE8F5
:105C1000F0830023E2E743681B685B68002099611A
:105C2000704743681B681A685268536070472DE9D3
:105C3000F04143681B685A68012111771D68D5E956
:105C40000136D3E900482F681CB96B681C60BDE8B9
:105C5000F081214630464246B847241A0644F3E70D
:105C600043681B681868EEF707BB70B543681D688A
:105C70006B6898690C46EDF79FFE214603460F229C
:105C80002868BDE87040184738B50D46AB4211464C
:105C90001C4604D81A4603F0F8FC204638BD002400
:105CA000FBE703F000BDC30903EB430303EBC303AE
:105CB00083EA4000C0B27047CB780278534003704B
:105CC0004B884278534043700A68837883EA1223F2
:105CD00083700A68C3785340C370CB79027953400C
:105CE0000371CB884279534043714A68837983EAD0
:105CF000122383714A68C3795340C371CB7A027A05
:105D000053400372427A4B89534043728A68837AC4
:105D100083EA122383728A68C37A5340C372CB7BAF
:105D2000027B53400373CB89427B53404373CA6861
:105D3000837B83EA12238373CA68C37B5340C37394
:105D400070471FB502788DF8002042798DF8012048
:105D5000827A8DF80220C27B8DF8032002798DF8BB
:105D60000420427A8DF80520827B8DF80620C278C7
:105D70008DF80720027A8DF80820427B8DF80920E3
:105D800082788DF80A20C2798DF80B20027B8DF87D
:105D90000C204278C37A8DF80D2082798DF80E2080
:105DA0008DF80F3010236A461946FFF76DFF05B0D6
:105DB0005DF804FBF8B5064608780C46FFF773FF5C
:105DC00005466078FFF76FFFA27863785340E2786A
:105DD00053405D406840307060782778FFF763FF7C
:105DE0000546A078FFF75FFFA3785F40E3785F4048
:105DF0007D406840707063782778A0785F40FFF737
:105E000052FF0546E078FFF74EFFE3785F407D40A4
:105E10006840B0702078FFF746FF627823785340DF
:105E2000A278534080EA0305E078FFF73CFFEDB22B
:105E30004540F570F8BD70B5144688B00546002899
:105E400049D0002949D0002A49D010230A46684683
:105E50001946FFF719FF21466846FFF72DFF10345A
:105E600001F1A0066846EEF703FB6846FFF769FFFD
:105E7000694604A8FFF79EFF01A905A8FFF79AFF4E
:105E800002A906A8FFF796FF03A907A8FFF792FF4C
:105E9000102319460DEB03026846FFF7F5FE214675
:105EA00068461034FFF708FFB442DBD1EEF7E0FAA2
:105EB0006846FFF746FF21466846FFF7FDFE1023C0
:105EC00019466A462846FFF7DFFE68461022002181
:105ED000FFF7E7FE012008B070BD0846FBE710465B
:105EE000F9E710B50A460F3012F9103B002BACBF92
:105EF0000023872312F8014D83EA44038A4200F805
:105F0000013902D01378DB09F4E710BD08B520B1E0
:105F100058220021FFF7C5FE012008BD10B5044638
:105F200088B110220021FFF7BCFE102204F13000DE
:105F30000021FFF7B6FE0023636400224FF4803394
:105F4000C4E91423012010BD70B504460D46164661
:105F500010B311B358220021FFF7A3FE2946A6640F
:105F60003046EEF791FA102200212046FFF799FE05
:105F700004F11005A26C21462046FFF75CFF214684
:105F80002846FFF7AEFF294604F12000FFF7A9FFDE
:105F90002046FFF7C3FF012070BD0846FCE72DE94E
:105FA000F0410E4615460446002860D0FAB100299B
:105FB0005DD0D0E9143253EA020158D0013BD0F849
:105FC000448042F1FF32C0E91432B8F1000F2CD006
:105FD000C8F1100708F13000BD4220440AD22B4618
:105FE00032462946FFF750FE636C2B446364012060
:105FF000BDE8F0813B4632463946FFF745FE103D8D
:106000000023636445443E44631E04F10F0113F80A
:10601000012F93F830008B4282EA00021A70F6D109
:10602000A26C21462046FFF706FF04F10F07102D52
:106030000AD8002DDBD02B463246294604F1300029
:10604000FFF722FE6564D2E7631E711E13F8012F6D
:1060500011F8010FBB4282EA00021A70F6D1A26C5D
:1060600021462046FFF7E7FE1036103DDFE700200F
:10607000BEE770B50C460546E8B169B34A6C102A14
:106080001AD11031631E013904F10F0013F8012FEA
:1060900093F83060724011F8016F984282EA06026C
:1060A0001A70F3D1A26C21462846FFF7C4FE2046A1
:1060B000FFF72CFF012070BD02F130000021C2F17A
:1060C00010022044FFF7EDFD636C2344802283F827
:1060D000302004F12001D5E70846ECE701460068CE
:1060E000EEF724BA08B5EEF7B1FABDE80840EEF7CE
:1060F000B1BA0A460121FFF7EFBC00210120EEF7FB
:1061000015BA61B662B680F31188BFF36F8F70471E
:1061100072B6002383F31188BFF36F8FBFF34F8FE5
:1061200030BF62B6BFF36F8F704772B6002383F340
:106130001188BFF36F8FBFF34F8F20BF80F311889B
:10614000BFF36F8F62B67047202809D9B0F1004FB6
:1061500008D80138B0FA80F0C0F11F004000704745
:10616000082070473E207047002070474FF0FF30F6
:1061700070470228CCBF00200120704710B50446AC
:106180001420FCF793FC2060BDE8104002F032BE02
:106190004FF0FF324FF0FF33FAF79EB9FAF714BA17
:1061A000F9F7DCBEEDF78CB9EDF7FEB8EDF742B9C3
:1061B000EDF7C6B9EDF7AAB970470023038243692A
:1061C000C3607047416A8968EFF752BAEFF31182F2
:1061D000402383F31288BFF36F8F00230B60436863
:1061E00033B9C0E9001182F31188BFF36F8F704794
:1061F00019604160F7E710B50346EFF311814022C3
:1062000082F31288BFF36F8F006828B15C68026860
:106210001A60A04208BF5A6081F31188BFF36F8FE4
:1062200010BD027A013202727047034618465B685D
:10623000002BFBD17047426810B52AB10B461C46B3
:106240005B68002BFBD16260416010BD10B5044655
:1062500020B90B7A01330B72084610BD034618466D
:106260005B68002BFBD1FFF7E6FF2046F5E783686C
:106270000B440360704703680B6043684B6083689E
:106280008B6070478388026819448180D0187047FA
:1062900030B484880568A3188380281930BC03F0C3
:1062A000F4B910B5838802685C1C8480D154D0187E
:1062B00010BD034600689A88401A114418609980FE
:1062C00070478288521A034682800068084418602A
:1062D0007047034600689A88521A01449A801960F0
:1062E000704710B503681C880221FFF7EAFF2046BB
:1062F00010BD02688068101A70478388C288816860
:10630000D21A03685B1AD01A704710B50C46017890
:1063100022788A428AB00FD06946EFF7F9FA05A9C8
:106320002046EFF7F5FA10220DF115010DF10100ED
:1063300003F09BF90AB010BD012A06D0022A07D04B
:1063400072B940886388C01AF4E740686368FAE766
:106350001022611C01300AB0BDE8104003F085B97D
:106360006FF01500E6E7042A0AD0102A0DD0022AA1
:106370004FF0000315D103700B8843800120704754
:10638000012303700B684360F8E7022300F8013B28
:1063900001F1100351F8042B40F8042B9942F9D174
:1063A000ECE718467047012310B50621044600F8B3
:1063B000013BF7F7B1FE18B9A37963F03F03A3716E
:1063C00010BD0B6803608B8883808B7983710378A1
:1063D00023F00203037070470078C0F34000704759
:1063E0002DE9F04101F10C080C46054600F10C01C5
:1063F000404617461E46FFF73EFF4046FFF779FF2F
:10640000012310FA87F068826B722F82394640466A
:10641000FFF757FFE3687360628A0023E3607281CD
:10642000638234602846BDE8F08138B5D1E9003296
:10643000DA600B684A895A820D4604460868EFF70D
:10644000A7F900211022284603F02DF9A07AEFF7D2
:10645000E5F86169054649B1637ADB0704D4436A0C
:106460001B6820469B6898470023636121462846A5
:10647000BDE8384002F04EBD438A23B9C068B0FA87
:1064800080F040097047002070470F2807D80D287A
:106490000BD8052808BF032018BF02207047132817
:1064A00003D01A2808BF0120F6E701207047FFF744
:1064B00013BBFFF71ABB10B50346BFF35B8F53E85E
:1064C000000F40EA010243E80024002CF7D1BFF39B
:1064D0005B8F10BD0023EDF761BCBFF35B8F50E80D
:1064E000003F0B4040E80032002AF8D1BFF35B8F39
:1064F000704738B504460D46EFF7DAFB5F3005D13B
:1065000029462046BDE83840EFF744BB38BD00209F
:10651000704781767047704710B503884288934270
:1065200019D8052B17D9B2F5486F14D88388B3F55D
:10653000FA7F10D2C088A0F10A0189B240F67644F1
:10654000A14208D801339BB25343B3EB800F34BF51
:106550000120002010BD0020FCE740F241307047D0
:106560000020704770B506460D4642F22100032117
:10657000EFF73AFE044618B9BDE87040EFF700BBEC
:1065800003210C30FFF77EFE06808570214642F223
:106590002100BDE87040EFF7B9BF70B506460D4663
:1065A00040F206400321EFF71FFE044668B10321C5
:1065B0000C30FFF767FE0680857021460022BDE89B
:1065C000704040F20640F0F79BB86FF0680070BD75
:1065D000C368187808B1EFF72BBB1846F0F7A2BCD8
:1065E00038B50221054642F21600EFF7FDFD0446DC
:1065F00068B102210C30FFF745FE2B88038021464D
:106600000022BDE8384042F21600F0F779B86FF08A
:10661000680038BDF8B507460E4642F22200062152
:106620001546EFF7E1FD044678B106210C30FFF77F
:1066300029FE3B8803804680858021460022BDE8F4
:10664000F84042F22200F0F75BB86FF06800F8BD46
:106650002DE9F0478146884642F2320007219DF835
:1066600020A017461E46EFF7BFFD0546A0B1072143
:106670000C30FFF707FEB9F80030038080F8028085
:10668000C7700671A0F805A029460022BDE8F047B2
:1066900042F23200F0F734B86FF06800BDE8F087DE
:1066A00008B500200021EFF7BFFF18B1BDE8084092
:1066B000EFF726BFBDE80840F1F722BF08B5072273
:1066C00002F0D3FFB0FA80F0400908BDFFF704BA2A
:1066D00000280CBF08460020704718B111B10846C9
:1066E000F0F7A2BD6FF01500704713B5044680B1F6
:1066F00006216846F7F710FD48B99DF80530694650
:1067000003F03F0320468DF80530FFF7E6FF02B0A7
:1067100010BD6FF01500FAE7003818BF0120704770
:10672000034610F4004F0CBF07200620DA0348BFD1
:1067300000F005009B0348BF00F0FB007047BFF36B
:106740005B8F0068BFF35B8F704710B50346BFF3E4
:106750005B8F53E8000F00EA010243E80024002C9D
:10676000F7D1BFF35B8F10BD012310B403FA01F121
:1067700004466AB1BFF35B8F54E8003F0B4344E823
:106780000032002AF8D1BFF35B8F5DF8044B7047ED
:106790005DF8044BC943FFF7D8BF2DE9F04F87B030
:1067A00005469DF84860DDF840909DF844A00C46F1
:1067B00090460021102202A81F4602F074FFEEB995
:1067C000CDE90248012202A942F20800F0F754FF85
:1067D000044678B9BAF1000F3ED11035BFF35B8F94
:1067E00055E8003F43F0040345E80032002AF7D1A2
:1067F000BFF35B8F204607B0BDE8F08FEFF77CFE5C
:106800008346E4B937BB5846E8F77FFE0923012EDB
:10681000CDE901B48DF800308DF80100CDF80C8081
:10682000D0D1CDF810D005960222CCE714F8332051
:10683000083A012A25D901339845F7D1E2E7002328
:10684000FAE717F83320083A012A1AD90133994593
:10685000F7D1D8E70023FAE7022E4FF0010208BF74
:10686000059202A908BF324642F2090008BFCDF8DE
:1068700010D0CDE90279F0F7FFFE0028ADD0044634
:10688000B8E76FF01504B5E7436813F008000AD0C5
:106890005A0307D403F4C063B3F5806F14BF02201A
:1068A000012070470120704770B5064686B00D463E
:1068B00042F20A000121EFF797FC0446B0B10C3018
:1068C00095B10121FFF7EDFC06F1100203A9204666
:1068D00000950723EFF776FC0022214642F20A00DA
:1068E000EFF70EFF06B070BD2946EBE76FF06800CA
:1068F000F8E7183002F0FABB036800220BB918461B
:1069000070478B4210D10B6842B9426803609142D4
:1069100000D1436000230B6001207047136043687F
:10692000994208BF4260F5E71A461B68E6E7D0F8CF
:10693000B000003818BF012070470846896911600F
:10694000C2691A60C27A0021183002F0ACBEBFF3EF
:106950005B8F0068BFF35B8F7047FFF7C6B873B5F6
:106960000446CDE900320D4622B9D0F8A8606B4646
:1069700001AAB0472846EEF70BFF019B23B100990F
:106980006FF06D022046984702B070BD837A072BE6
:1069900001D1F1F7EDB970472438F1F779BA10B5A4
:1069A0000446006918B1EEF7F3FE0023236110BD21
:1069B00010B5034600F1C8021046FFF7C8FF80B1CA
:1069C000BFF35B8F411C52E8004F844204D142E880
:1069D000001CBCF1000FF6D1BFF35B8FECD1184661
:1069E00010BD0346FBE72DE9F84307460E469046E7
:1069F00000244FF0D009B44203D100231846BDE86B
:106A0000F88309FB0470FFF7D3FF034658B1857A7A
:106A1000012D02D0073D012D03D81A884245EDD043
:106A20001846F1F7D5FB0134E5E710B5837A023B50
:106A30000446062B16D8DFE803F009041515150BDC
:106A40000900417200212046F1F7ECFB002010BD47
:106A50000088FFF7A2FD0028F9D1A37A072BF5D112
:106A60000821F0E76FF07F00F1E738B5037A8B4239
:106A70000446154615D100F170010722284602F0A0
:106A8000F4FD80B1E378072243B904F17E01284682
:106A900002F0EBFDB0FA80F0400938BD04F1770157
:106AA000F5E70020F9E70120F7E770307047F8B507
:106AB00007460D4642F213000E21EFF795FB0646FE
:106AC000D0B10E210C30FFF7DDFB0E220446002171
:106AD00002F0E9FD3B8823802B8863806B88A380CC
:106AE000AB88E380EB88238131460022BDE8F84083
:106AF00042F21300EFF704BE6FF06800F8BD704774
:106B0000F8B505460F46164600234FF4803204219F
:106B10000020F1F7B3FC044620B92846BDE8F84050
:106B2000F2F714B804210C30FFF7ACFB0570477086
:106B300046802046F8BD704710B400F14C03012296
:106B4000BFF35B8F53E8001F43E80024002CF9D10A
:106B5000BFF35B8F41B9034653F8482B8164D2F8E9
:106B6000B41031B9C2E92C3300685DF8044BF1F779
:106B7000A5BA0B60C2F8B430F6E710B50368D3F8D5
:106B8000B02042B1D3F8B4401168C3F8B010A242AB
:106B900008BFC3F8B4104C300023BFF35B8F50E83C
:106BA000002F40E800310029F9D1BFF35B8F10BD01
:106BB00070B5D0E9003504464BB3D3F8B020483067
:106BC00000216AB1904234D1A26C51BBD3F8B41009
:106BD000C3F8B020884201D1C3F8B4200023A364D5
:106BE00004F14C030022BFF35B8F53E8001F43E81E
:106BF00000200028F9D1BFF35B8F04F13006236B2E
:106C0000D3B96B680BB12046984700232360E36833
:106C10000BB1204698472B6AB3B12046BDE87040BF
:106C200018470A60D3F8B420904208BFC3F8B410E4
:106C3000D4E711461268C4E7002200233046F9F772
:106C4000FFFCEEF7A5FDDAE770BD38B5406B30B15B
:106C500050F8084904B1083CFFF7AAFF04B938BD51
:106C6000A5682DB12046083DFFF7A2FF2C46F7E7A7
:106C70002046BDE83840FFF79BBF0431F1F7FEBB6B
:106C8000406B30B1838B8B42A0F1080001D080684B
:106C9000F7E7704710B54AB989B2FFF7F1FF28B19D
:106CA00043689B6913B1BDE81040184710BD38B563
:106CB0000D460521FFF7E4FF00231A462946F1F7A8
:106CC000CDFF044610B12846EEF762FD204638BDE0
:106CD000406B30B183898B42A0F1080001D08068FD
:106CE000F7E7704770470346006828B159680268A3
:106CF0001A60884208BF5A6070470346002003B9F3
:106D000070471A8A5B681044F9E710B5D468237895
:106D1000023113B92170012010BD8B42FBD0038AD0
:106D2000023B038200201061F6E706207047FEF761
:106D3000D3BE73B51446014605464FF495722068DC
:106D400000F01DFE207500BB237A2068ABB1A3F1D3
:106D50001802534253419B000193638A0093AE682B
:106D6000238AE2682946B047002808DB238A984234
:106D70000ED100232375012008E00223ECE710F177
:106D8000FF0F05D34042C0B22075002002B070BD95
:106D90000E20F9E71FB5CDE90123002300931A4621
:106DA000F3F7EAFB05B05DF804FBF8B593681668E5
:106DB00005460F46144663B9506801210C30FFF7B1
:106DC00061FAA0602B681B78002B14BF02230123FB
:106DD0000370A3681B78012B03D0022B1FD0002067
:106DE0001CE02B681B78002BF9D1606804210C3063
:106DF000FFF748FAE06007802A68E36852885A8003
:106E00006168728D738B088A9A4294BFC0EB02004E
:106E1000C0EB0300042894BF00200120F8BD2B68BC
:106E20001B78022BDBD1606812210C30FFF72AFAA5
:106E3000E06007802B68E268591C0232113351F878
:106E4000040B42F8040B9942F9D16168728D738B7F
:106E5000088A9A4294BFC0EB0200C0EB03001228DC
:106E6000D9E770B405686A6A52B3136803B1A83BE6
:106E7000A2F1A8040022114600E0A83B844207D0FA
:106E8000668D648BB14238BF3146A24238BF22467C
:106E90001C462BB1D3F8A830002BEED18442EFD1A1
:106EA000438D408B8B4201D890420BD9824238BF30
:106EB00002469942286838BF194670BCF3F78CBF68
:106EC0001146EDE770BC7047D0680378043113B900
:106ED0000170012070478B42FBD091680B8A002023
:106EE000043B0B82106170472DE9F04F044685B0DA
:106EF000104690469946FFF700FF638B628D9342E0
:106F000028BF134683428B4640F293806368039305
:106F10004046FFF78AF94FF0000A06464046FFF761
:106F2000ECFE628B638D06F10C079A4294BFC0EBB6
:106F30000205C0EB03053846FFF7DFF9854217D29B
:106F40004046FFF7DAFE628B638D9A4294BFC0EB36
:106F50000205C0EB03058DBB98F80A00EEF75EFB57
:106F600000220023FFF72EF9064630B9574636E0D7
:106F70003846FFF7C2F90546EDE701464046FFF700
:106F800065F94046FFF7B9FE628D638B06F10C0789
:106F90009A4294BFC0EB0205C0EB03053846FFF7E9
:106FA000ACF985421FD24046FFF7A7FE628D638B86
:106FB0009A4294BFC0EB0205C0EB0305F168328A28
:106FC000CDF80090DBF8047003980A44ABB2594640
:106FD000B847071E0CDABAF1000F18BF57463846FB
:106FE00005B0BDE8F08F3846FFF787F90546E5E7BD
:106FF0000E9BB3B9394606F10C00FFF743F9404642
:10700000FFF77BFE638D628B934228BF1346B94422
:107010008342BA441FFA89F9A8D9AF423FF47EAF40
:10702000A4E70F9A0E9B3946304698470028E1D1D5
:107030009CE70027D3E70368002203B970478B421F
:107040000FD10B683AB942680360914200D14360A6
:1070500000230B60704713604368994208BF426089
:10706000F6E71A461B68E8E706207047BFF35B8F18
:1070700050E8003F43F0080240E800210029F7D122
:10708000BFF35B8FC3F3C000704773B51668054646
:1070900000237068137314462946952200F06FFC94
:1070A000207380B9CDE900002946A388A268304644
:1070B000FFF71AFF002809DA10F1FF0F26BF404240
:1070C000C0B20E202073002002B070BD0120FBE78B
:1070D0002DE9F341166807460023706813731446C0
:1070E0003946952200F04BFC0546207308BBA0688A
:1070F000718D728B038A914294BFC3EB0103C3EB82
:107100000203012B15DD02210C30FFF7BBF8CDE99E
:1071100000558046A388A26839463046FFF7E4FE52
:10712000031E0ADA13F1FF0F26BF5B42DBB20E2308
:107130002373002002B0BDE8F081A8F800300120E0
:10714000F8E72DE9F04104468868FFF7D6FD638D26
:10715000628B934228BF134683420D461DD3E165DF
:10716000D1F8088000278F60F9F7A2FF414620463A
:10717000F2F772F9064638B1C5F80880E765F9F705
:10718000ABFF3046BDE8F081618D638B994228BF2B
:107190001946284600F0D3FCF1E76FF07906F0E7D6
:1071A00038B5BFF35B8F0B68BFF35B8FDB0705461A
:1071B00017D550F8040CA0B1AB6D93B90430FFF7AC
:1071C00092FD044668B10146281FFFF7BAFF002868
:1071D00007DA55F8043C5A6822609A685C6002B984
:1071E0009C6038BD2DE9F041446A07463CB354F831
:1071F000A86906B1A83E00231D4607F1040801E076
:1072000034461646E26D9AB905B98BB94046FFF788
:107210006AFD054658B101462046FFF792FF002857
:107220000DDA7B682B60BB687D6003B9BD602346C7
:107230002EB1D6F8A820002AE2D0A83AE0E7BDE8AF
:10724000F08170B504460E46002200230846F9F787
:10725000F7F9054658B101462046F2F7FDF8044615
:1072600018B12946304601F055FE204670BD6FF03A
:107270000104FAE7F8B50546071F00F1540350F87A
:10728000044CBFF35B8F53E8001F21F0040143E877
:107290000012002AF7D1BFF35B8F04B3AB6D8BB93B
:1072A00063687BB1201DFFF71EFD01460646384688
:1072B000FFF747FF002812DA63683360A36866604F
:1072C00003B9A66005F15C013846FFF7BAFF30B19B
:1072D00004F10C013846BDE8F840FFF7B2BFF8BD35
:1072E00038B504460D46F2F7B7F830B1294604F137
:1072F0006000BDE8384001F002BE38BD2DE9F04124
:10730000884617460121042205461E46F1F7A8FFCC
:10731000044670B104210C30FEF7B4FF80F8008001
:10732000A0F80170C67021462846BDE8F041FFF77D
:10733000D7BFBDE8F08137B50C46054601F10C001A
:10734000FEF7CFFF228A0192E268009203461322E1
:1073500012212846F2F7DCF903B030BD37B50C46F0
:10736000054601F10C00FEF7BCFF228A0192E2689B
:1073700000920022034611462846F2F7C9F903B0ED
:1073800030BD07B5CA681388528800920C210D22BF
:10739000F2F7BAFB03B05DF804FB07B5CB68002237
:1073A0001B8800920A210B22F2F7AEFB03B05DF8B6
:1073B00004FBF8B5CB681F88BBB2162B054619D95C
:1073C0000321F2F75DFA0646B0B102210C30FEF758
:1073D00059FF00246FF008030370447031462846BB
:1073E000FFF77EFFF72328466B836F85FFF739FD94
:1073F0002046F8BD0420FCE70E20FAE7F3F768B852
:107400000A8AC9680023F2F70DBD70B50E46F2F77F
:10741000DFF9044628B93046EEF7BAF96FF07F007D
:1074200070BD00F10C052846314601F068FD606A28
:1074300038B150F8A84904B1A83C2946FFF701FF2C
:1074400020B90020ECE71C466FF00100002CF8D0BA
:10745000D4F8A83023B90230F5D020461C46ECE71A
:10746000A83BF8E738B505460C46F9F721FE284653
:10747000F2F7AEF920B9F9F72FFE6FF07F0038BDB3
:107480000023236083683BB9C0E90144FFF7AAFEEB
:10749000F9F722FE0020F2E71C608460F6E7012085
:1074A000704708B5F2F794F998B1436A8BB1BFF30E
:1074B0005B8FA83B03F1580252E8000F20F0080050
:1074C00042E800010029F7D1BFF35B8FD3F8A83061
:1074D000ECE708BD08B50421FFF7FAFB30B1BFF3B4
:1074E0005B8F406DBFF35B8FC0F3C00008BD0B46E0
:1074F00009895A8A914238BF11469A8A8A4203D032
:1075000099829B6903B11847704710B5029CA36824
:1075100033B1B1F5807F28BF0E21CAB2214698470A
:10752000A37DE268013BDBB2A37522B11BB9204603
:10753000BDE81040104710BD1060918000207047DA
:10754000FEF7CABA08B5072202F08FF8B0FA80F049
:10755000400908BDBFF35B8F0068BFF35B8F7047C6
:1075600010B5012303FA01F1BFF35B8F50E8003F30
:1075700043EA010240E80024002CF7D1BFF35B8FFF
:10758000194214BF0120002010BD0B6803608B88D6
:1075900083808B798371704710B50346BFF35B8F8F
:1075A00053E8000F00EA010243E80024002CF7D161
:1075B000BFF35B8F10BDF8B599420446089EDDE924
:1075C00006070D4601D90020F8BD914201D20120E5
:1075D000FAE760B98FB933880A9A013B33802946AC
:1075E000099B204698473388002BEDD1EBE72168B3
:1075F000FEF78BFE0028EDD0E9E7E368BB42E6D159
:10760000E9E708B5FEF7CBFC18B9BDE80840F2F78A
:1076100031BE002008BDF0B507683D7889B0064648
:107620001446E5B97B88B3F5245F04D011D8A3F5DF
:107630002053032B13D8ADF80A1002220DF10A01D2
:107640002046FFF7DEFF70B16FF01502C4F8082185
:1076500006E003F55643FF339BB2042B1DD90125E9
:10766000284609B0F0BD7B88ADF80A3002220DF142
:107670000A012046FFF7C5FF0028E5D1009003AAC4
:10768000776813233146B847021EDFDB03A9204683
:10769000FFF7B7FF0028E2D0D6E7ADF80A100222C4
:1076A0000DF10A012046FFF7ACFF0028CCD17B8802
:1076B000ADF80A3002220DF10A01E8E7106000205F
:1076C000704770B500F1700605463146007AFEF746
:1076D00047FF04463146287A3CB1F2F7F9FC18B16D
:1076E000002303604360836070BDF2F7F1FC002863
:1076F000FAD0046044608460F6E7022A10B508D12D
:10770000002300F170011A46007AF2F725FD0220ED
:1077100010BDFFF7D6FFFAE738B504461546FFF768
:10772000BEFE50B12046F2F7A5FC30B1037ADB076C
:1077300003D500210C30FFF713FF35B9207A04F18F
:107740007001F2F7C5FC00B1856038BDF7B515468C
:10775000BDF820601F46FEF700FF022EADF80600C0
:107760000ED8C6F10204BC42A8BF3C460DF1060388
:1077700022469919284601F088FF204603B0F0BD43
:107780006FF00604F9E72DE9F0419846BDF818605E
:107790001546EEF7B1FE0746E7F7B7FE83B2B342F0
:1077A0000CD39C1B4445A8BF4446A4B22246B91939
:1077B000284601F06AFF2046BDE8F0816FF006041C
:1077C000F9E7F7B51F460023BDF820608DF80430B7
:1077D0001546F2F74FFC10B1037A8DF80430012EF4
:1077E0000DD8C6F10104BC42A8BF3C4601AB2246FD
:1077F0009919284601F049FF204603B0F0BD6FF00B
:107800000604F9E713B5C96810460A781C46BDF8A6
:10781000103092B94A88ADF80620022B18D8C3F16F
:1078200002029442A8BF144622460DF106011944F3
:1078300001F02BFF204602B010BD102B01F1010119
:1078400006D8C3F110029442A8BF14462246EEE7C0
:107850006FF00604EEE7F7B5C968BDF8206015467D
:107860001F46F2F755FC00B10089ADF80600022E64
:107870000ED8C6F10204BC42A8BF3C460DF1060377
:1078800022469919284601F000FF204603B0F0BDBA
:107890006FF00604F9E710B5BDF80810BDF8104008
:1078A000A14210460BD8641A9C42A8BF1C46039BF9
:1078B000A4B22246194401F0E8FE204610BD6FF044
:1078C0000604FAE713B5044610B9002002B010BD53
:1078D00000238DF80430006842F6030301A9ADF8D7
:1078E0000630FEF712FD0028EFD1E36898880028E3
:1078F000ECD12046F2F710FE013080B2E6E7F0B599
:10790000CC6887B008461F46A3798DF80430BDF8CF
:1079100030601546FFF7D6FF2468ADF805002378E0
:107920009BB96388ADF807300524B44219D3A41B72
:10793000BC42A8BF3C46A4B201AB224699192846D6
:1079400001F0A3FE204607B0F0BD631C0DF1070255
:10795000113453F8041B42F8041BA342F9D1132439
:10796000E3E76FF00604EDE71FB5CDE9012300233F
:1079700000931A46F2F700FE05B05DF804FB12F022
:10798000010F4B8A04D013F0950F10D0486870B1E6
:1079900012F0020F04D013F4957F0AD0896841B128
:1079A0001A4012F4DE7F14BF052000207047022029
:1079B0007047032070472DE9FF41837A072B054666
:1079C0000C46164610D100238DF80C30206842F684
:1079D000030303A9ADF80E30FEF797FC60B9E36826
:1079E0009B7913F0300F03D1002004B0BDE8F08183
:1079F0002046F2F7D5FE0446002320688DF80C30AF
:107A000003A942F60213ADF80E30FEF77EFC18B162
:107A10002046F2F7C5FE0446002742F60218206809
:107A20008DF800706946ADF80280FEF76EFC20BB51
:107A3000002320688DF80C3003A942F60213ADF83C
:107A40000E30FEF762FC0028CED1E46822462846BC
:107A500012F8011BFFF709F810B123891E420AD161
:107A6000A17A04F10B022846FEF7FFFF0028BBD0E5
:107A7000638A1E42B8D00120B7E720688DF80470F1
:107A800042F6030301A9ADF80630FEF73EFC0028DC
:107A9000CED020688DF808704FF4205302A9ADF8BD
:107AA0000A30FEF732FC0028C2D020688DF80C7036
:107AB00042F6010303A9ADF80E30FEF726FC0028BC
:107AC000B6D02046F2F76CFE04460028A7D18BE71B
:107AD000F8B506460F46F2F7CDFAD0B1037ADB07C8
:107AE00017D500F10C042046FFF734FD10F0010516
:107AF0000FD17FB16FF002012046FFF74DFD10F06E
:107B00000207304608D0FFF7CCFC29462046FFF795
:107B100027FD01252846F8BDFFF7C1FC0028F9D054
:107B20003046FFF7D7FC0028F4D06FF00201204662
:107B3000FFF732FD3046FFF7B4FC3946E6E7704701
:107B40000021F8B54FF0FF324FF0FF3305460846ED
:107B5000FFF793F800F10C07044601213846FEF7C1
:107B600091FB0526067001213846FEF78BFB0023AA
:107B700006701A4621462846F1F770F810B12046E3
:107B8000EDF706FE0020F8BD6FF08500704700207D
:107B9000704710B403460838BFF35B8F50E8002FDE
:107BA000511C40E80014002CF8D1BFF35B8F1AB9C8
:107BB0005DF8044BF3F76EB96FF00F025DF8044BFC
:107BC0009A6670470369C9B20C2201FB0233186C34
:107BD00000F00700704770B5C9B20369EFF3118573
:107BE000402484F31288BFF36F8F0C2606FB013408
:107BF000246C14F0C00408D0A24206D085F311888A
:107C0000BFF36F8F4FF0FF3070BD71430B44012203
:107C10001A6485F31188BFF36F8F43680B445B6868
:107C200098470020F0E78022FFF7D5BFF8B5069F00
:107C30000469C9B2EFF31186402585F31288BFF3BA
:107C40006F8F0C2569430C44256C05F0070CBCF1C3
:107C5000010F0BD1276486F31188BFF36F8FC4E93E
:107C60000E2343685B5898470020F8BD05F0C00517
:107C7000AF4286F31188BFF36F8F0CBF6FF07700B0
:107C80004FF0FF30F1E713B580240094FFF7CEFFEB
:107C900002B010BD10B40069CBB21C2403FB040079
:107CA00000215DF8044B1047002000F09FBD1046F6
:107CB000F8F7F8BC43681B6901221A60002070477E
:107CC00043681B6901225A600020704743681B69A2
:107CD000D3F804350B6000207047F0B5476805699C
:107CE0003C6903464668327D707AFAB10C681A69BD
:107CF00033696FF07F4084424AD10220C3F8080301
:107D00004868106088685060CA68D6075CBF012266
:107D10009A604A6812B10222C3F804230020F0BD21
:107D2000FE6856F83260002E35D101325E68767AF0
:107D30009642F5DC4FF480328240C4F808234E6846
:107D40002E608E686E6000F5A8700E68AE6044F814
:107D50002060C868C5070DD40120A06000204968D4
:107D600029B91B6999686FF07F439942D7D0C4F84D
:107D70000423D4E75D680E682D69D5F80455AE423A
:107D8000ECD8800744BF0120A0606FF03D00E6E71B
:107D90006FF01500C3E76FF00F00C0E700207047D9
:107DA0000369986870470369D868704703690020C1
:107DB000D96070472DE9FF410446002201212420AB
:107DC000ECF7D2FF6368D4F810801F6900256FF0CC
:107DD0007F462846CDE9015503950096F3F7C8FB89
:107DE000C7F30830C7F80855ECF78EFFC8F80860ED
:107DF00069462046FFF771FF04B0BDE8F08110B579
:107E000044684FF4803322698B40C2F84833C2F88B
:107E1000083301F150039B000020D05009B2D35821
:107E2000E36843F8310010BD10B5047D881A14B121
:107E300020F07F4010BD5C1C234201D11840F9E7BF
:107E4000914238BF0019F5E730B5A2F58075AD084D
:107E50000124AC400C4207D0815829B10021815047
:107E600082581A6822431A6030BD37B500230D4688
:107E700001934FF4A0742246043401AB2946A4B206
:107E8000FFF7E2FFB4F5A87FF5D129464FF48072E1
:107E9000FFF7DAFF4FF482722946FFF7D5FF01980A
:107EA00003B030BD2DE9F74F43680769D3F8108060
:107EB0001B7D3D68064643BB43685C7A5034A40092
:107EC000A4F58074A4084FF0010909FA04F42146CE
:107ED0004046FFF7CAFF044208D073681B7D0BB908
:107EE000C8F8089015B179683046A84700244FF0CB
:107EF00001084FF48039A246D6F804B09BF8093047
:107F0000A34205D803B0BDE8F08F4FF48274D7E7E1
:107F1000A5004035DBF8103037690193AD0808FA49
:107F200005F529461846FFF7A0FF019BD3F8042367
:107F300015403A6908FA04F105400A40154330D06B
:107F4000BFF35B8FC94307F1100252E8005F0D4099
:107F500042E800500028F8D1BFF35B8F09FA04F221
:107F6000C3F80823DBF80C2052F8345042F834A050
:107F700002EBC40BADB104F5A87253F822103B69B3
:107F800004F11002D340DB0705D5BB6870680122FD
:107F9000FFF74AFF01460A46DBF80430E1B23046FB
:107FA000A8470134A8E71144027D1AB121F07F41AE
:107FB000084670475A1C1A4208D119400029F7D1C7
:107FC0006FF07F41591A18BF0121F1E7994284BF30
:107FD000C91A01F1FF31F1E72DE9F0410669D0F846
:107FE00004800C46054619461746B36801224046F0
:107FF000FFF7D9FFD8F8103004F5A872103643F80F
:10800000220004F1100201239340BFF35B8F56E876
:10801000002F1A4346E800210029F8D1BFF35B8FF7
:10802000D8F81020D2F80435BB4205D021462846A6
:10803000BDE8F041F3F742BB4FF48033A340C2F8F0
:108040000433BDE8F0812DE9F04F036954680F4611
:108050000FFA81F9416805469868C968844287B07B
:1080600001EBC70600F2AB8051F839B0BBF1000F4D
:1080700040F0A880106841F839009168716007F1FC
:10808000100001218140C9431033BFF35B8F53E8D7
:10809000004F0C4043E800400028F8D1BFF35B8F4D
:1080A000D36801936B6802932B690393029B546816
:1080B0001E694FF48033BB400493019BD6F804251E
:1080C00003F001030593039B07F15008D3F808A0C0
:1080D0004FEA880806EB89030093D3F8401546F869
:1080E00008B056F80800C3F84025049BC6F844338E
:1080F00068685346FFF798FE012806D10F2000F06C
:108100008CFB46F808B056F80820059BD6F80415F5
:10811000E3B12CB96FF07F44BAEB040418BF01241B
:10812000019BC3F34008039BDA68AAEB020B0A46E3
:10813000686853462146FFF777FE012818D1234689
:1081400039462846FFF748FF002429E04FEA5A0B3A
:108150005C45224668680191534632BF4FF00108E2
:108160004FF00008D346FFF71EFF01990446DEE7F3
:10817000009AC2F84045D6F804256868611EFFF7EA
:1081800053FE584515D9059B002B14BF6FF03D04D5
:108190000024B8F1000F07D039462846F3F78EFACD
:1081A000204607B0BDE8F08F029BDB6843F83980BA
:1081B000F6E70028C3D0049BC6F80433C4E76FF089
:1081C0001504EDE76FF00F04EAE70020704738B5BB
:1081D0000C461546EEF784F928B129462046BDE83D
:1081E0003840EEF761BB6FF00A0038BD43685B684A
:1081F000D3F810350B600020704743685B6802EAD3
:10820000010021EA0201C3F80805C3F80C1500209B
:10821000704743685B680020C3F8081570474368DF
:108220005B680020C3F80C15704743685A68D2F8A1
:10823000043521EA03000B40C2F80805C2F80C35EA
:108240000020704710B503695868F8B1884219D109
:108250009C6808685860A14200D1986000200860BE
:108260002AB15A680A609A68596002B99960002078
:1082700010E0814206D10868206098688142EDD103
:108280009C60EBE7044600680028F2D1002AE8D1A0
:108290006FF0150010BD37B5044600220121032000
:1082A000ECF762FD6368DD6901AA0021284600F051
:1082B00063F800280DDB019B2A6819791868F3F729
:1082C0006DFE002805DB204603B0BDE83040F3F723
:1082D00063BD03B030BD4368586A70472DE9FF4164
:1082E0004468CDF808D0A37F606AA569277F94F819
:1082F0001DC000954343DB00019302EB42020123C2
:1083000003930A44914232D1214651F8040B836809
:1083100002AA1D680023A8470546208DF8F7A4FF90
:10832000284604B0BDE8F081236A1B5C032B20D8EB
:10833000DFE803F00302191B0B7805F1FF3E07206D
:1083400023FA00F818F0010F0CBFE046B8460138D8
:108350000EF8018FF4D208350136A37FF0B28342C4
:10836000E2D80331CEE74B78E7E78B78E5E70026E4
:10837000F3E76FF01505D3E730B543681360057A6E
:10838000446804EBC504A34202D36FF0010030BD82
:108390005C798C4201D00833F0E70020F7E74368AE
:1083A0001B68D3F88004C3F88004704742681368E0
:1083B000D3F8100150B1D269002012780A70C3F8C6
:1083C0001001D3F8102101221A6070474FF0FF30DE
:1083D000704702680346D2F8580140B95B68DB0772
:1083E00006D4D2F82001003818BF012070470120C0
:1083F000704743681B68D3F80423D20517D5D3F818
:108400002021A2B1EFF31182402181F31288BFF342
:108410006F8FD3F8201131B10021C3F82011D3F8A8
:1084200020110121D96082F31188BFF36F8FD3F837
:1084300058317047FDF750BB002201210420ECF7B2
:1084400093BC10B50B6813B91360184605E00368B8
:108450005C681CB114600368186810BD08330360C1
:108460000B68013B0B60EDE703460A46006819798B
:10847000012303FA01F103691B68194218BF82F056
:10848000010212B18368DB68184783681B69FBE748
:1084900010B5036804464BB19A683AB1186900F008
:1084A000BBFB206800210830FFF7DEFFA36933B96A
:1084B000636004F11000BDE81040F8F7F3B810BD98
:1084C00010B5006903688B4206D190F86C4034B94E
:1084D000FFF7DEFF204610BD6FF01500FBE76FF0E1
:1084E0000F00F8E7FDF7F8BA002201212320ECF78E
:1084F0003BBC10B50B6813B91360184605E0036860
:108500005C681CB114600368186810BD0833036010
:108510000B68013B0B60EDE713B501AA0446FFF7BA
:108520002BFF002805DB019B226819791868F3F7F7
:1085300035FD02B010BD03460A46006819790123D3
:1085400003FA01F103691B68194218BF82F00102A6
:1085500012B18368DB68184783681B69FBE710B5B5
:1085600004460068D0B18368C3B149B10121083025
:10857000FFF7E1FF23681869BDE8104000F04CBB2D
:1085800012B98388DB0409D4006900F045FB206838
:108590000021BDE810400830FFF7CDBF10BD10B579
:1085A000012200210446FFF7DAFFA36933B96360B3
:1085B00004F11000BDE81040F8F774B810BD10B514
:1085C000006903688B4206D190F86C4034B9FFF71C
:1085D000E6FF204610BD6FF01500FBE76FF00F00BF
:1085E000F8E738B505690446296405F12800F8F76D
:1085F00059F8002285F86C2020691146BDE8384002
:10860000FFF7ADBF00F150039B009BB203F1804325
:1086100003F5883300221A601B68704708B5F4F729
:108620002BFE08BD10B500F09EF84FF0FF304FF064
:10863000FF31F4F7BDFF044620B9D8F773FA0446BA
:10864000F4F7BEFF204610BD38B50B8A0D4673B354
:108650000B7EA3B1022B2AD14FF0FF304FF0FF3138
:10866000F4F7A6FF044640B9E868E3F7B9FC04460E
:10867000F4F7A6FFB4B1F4F7A9FF204638BD4FF0D8
:10868000FF304FF0FF31F4F793FF04460028F4D198
:10869000E868F5F76FF90446F4F792FF002CECD187
:1086A000F4F794FF2846EDF773F80024E5E76FF040
:1086B0001504E2E7F5F7B8B810B5312204460021F9
:1086C00000F0F1FF202323708023A3706FF03F039D
:1086D00063710423A3722823A3730223E373042387
:1086E000A3756FF0080363766FF03C03A3766FF019
:1086F0000C03E3767E232377302384F820306FF059
:108700003F0384F82130072384F822306FF00703F9
:1087100084F82330012384F82430802384F8263021
:10872000042384F82930402384F82D3010BD002321
:1087300003604360037823F03D0343F03D0303707F
:10874000437823F0410343F041034370704701F144
:108750002003013813F8012D00F8012F8B42F9D1C5
:108760007047F5F737BD70470021F5F7E7BD90F882
:108770004010012901D8F5F7E1BD12207047684685
:1087800020F007018D4601B5DFF7CEFFEBF762FF62
:10879000BDE801408546704708B54FF0FF314FF006
:1087A000FF30F4F705FFE6F79AFEBDE80840F4F75E
:1087B00007BF684620F007018D4601B5DFF780FF4F
:1087C000BDE8014085467047684620F007018D46A8
:1087D00001B5DFF7ABFCEBF73DFFBDE80140854697
:1087E000704708B5E6F7A6FD002008BD012801D1B5
:1087F000DFF766BB70477047DFF786B94FF08053ED
:10880000D3F83001421C04BF4FF0704393F8E00FDF
:10881000831F584258417047004700F0FDB9C0001F
:1088200000F1804000F5F830C0F81015C0F81425AC
:108830007047F6F761BB036803F01F025B09026033
:108840000CBF4FF0A04000207047F7B5019001A881
:10885000DDE9084716461D46FFF7EDFF019BB6F11F
:10886000000C18BF4FF0010C00EB83000B1E18BF6B
:108870000123002D43EA4C0314BF4FF00C0C4FF0C2
:10888000000C002C43EA0C0314BF4FF4E06C4FF0D3
:10889000000C002F43EA0C03D0F8002714BF4FF45C
:1088A000403C4FF0000C43EA0C0322EA030301B101
:1088B00009780EB13678760019430DB12D78AD00E8
:1088C00031430CB12478240229430FB13F783F048F
:1088D0000C433C43C0F8004703B0F0BD1FB50DF199
:1088E0000F03019300238DF80F1000931A461946C9
:1088F000FFF7ABFF05B05DF804FB024611F0010085
:1089000007D04FF0A041D1F820351360C1F82035D1
:1089100003B900207047F6F733B8F6F711B80846E8
:10892000F5F7FEBF036803F01F025B0902600CBF8E
:108930004FF0A0400020704707B5019001A8FFF755
:10894000F1FF019A01239340C0F8083503B05DF8A8
:1089500004FB07B5019001A8FFF7E4FF019A01238A
:108960009340C0F80C3503B05DF804FB37B5D0F880
:1089700018358A69DBB28DF807300B6A93423EBF27
:108980004A699DF80740D4540B6A91F824500C6949
:108990005A1C0A62023335B1A3428C6938BF0B619D
:1089A0009C4288BF8B610D699D4205D9CA68D35C22
:1089B000C0F81C3501200AE08C699C4201D9CB7FAC
:1089C000F6E7AA42F6D3A2422CBF0020012003B052
:1089D00030BD70B5A2F58074A408012606FA04F42F
:1089E000054614EA010008D0A85830B10021A9506A
:1089F000AA581A6822431A60304670BD2DE9F34127
:108A0000002304460D460193904601AB4FF4A67235
:108A1000FFF7DFFF4FF4827229462046FFF7D9FFA8
:108A20004FF48C72074629462046FFF7D2FF0646D0
:108A300030B1B8F1000F1DD017B1D4F83C353E4627
:108A400001AB4FF4887229462046FFF7C2FF30B1D0
:108A5000B8F1000F03D016B90FB1D4F83C3501AB13
:108A60004FF4907229462046FFF7B3FF019802B0F9
:108A7000BDE8F0814646E3E7430906D101234FF004
:108A8000A0428340C2F8083570470023C3F8083578
:108A9000FFDE430906D101234FF0A0428340C2F814
:108AA0000C3570470023C3F80C35FFDE30B5D0F825
:108AB00004312BB10023C0F80431D0F80431012374
:108AC00091F82F2022B30022C0F82421D0F82441AD
:108AD000C0F81C21D0F81C41C0F80821D0F80821AA
:108AE000002B79D0002281F82D2091F82F20002A28
:108AF00037D14D6B8C6AA5421FBF0523C0F80025F6
:108B0000C0F80035134683F0010381F82F3028E0C8
:108B1000D0F8244114B1C0F824210EE0D0F81C2173
:108B20006AB3C0F81C41D0F81C214A6B01324A6379
:108B3000D0F8245145B1C0F82441D0F824210122B5
:108B4000426181F82F20CBE78C6AA24204D24C6AA2
:108B5000A25CC0F81C25C3E791F82C201AB10123B0
:108B6000C361002030BD0A6A12F0400F4FF00102CD
:108B700003D0C26181F82D20F3E74261B0E7D0F85D
:108B80000841002CACD0C0F80821D0F80841D0F83A
:108B90002441002CBFD14A6B8C6AA242A0D24C6AFD
:108BA000D0F81855A5544A6B8C6A0132651EAA424A
:108BB0004A6308D10A6A540602D40222C0F800228D
:108BC000012202628CE7A242FAD10A6A520687D5D4
:108BD000022381F82D30C4E70120C3E7036803F0C6
:108BE0001F025B0902600CBF4FF0A04000207047DD
:108BF00007B5019001A8FFF7F1FF019A0123934007
:108C0000C0F8083503B05DF804FBF7F719B908B5EB
:108C1000FFF7FBFF002008BD08B1ECF7E1BD70478E
:108C2000704740B1C368587810F001001EBF187833
:108C3000B0FA80F040097047EFF31183402383F3CB
:108C40001288BFF36F8FFEE710B5D0E9003433B957
:108C50000020E268537843F00103537010BD2046B2
:108C600098470028F4D00028B8BF4042E368FF28A6
:108C7000A8BFFF201870ECE700F015BD00F005BD9F
:108C8000704710B400F10C04C0E903445DF8044BD4
:108C9000FCF7E6B92DE9F04F89B0DDE9126705462A
:108CA0003B46914606A83246059100F0B6FBDDE949
:108CB000063405F1140ACDE90234EFF311844FF0C4
:108CC000400888F31288BFF36F8F05F10C0B0599EC
:108CD0004A462846FCF750F930B184F31188BFF3B7
:108CE0006F8F09B0BDE8F08F3E43F6D0DDE9022377
:108CF00006A800F0B6FBDDE906675A46CDE9006735
:108D000021465046F8F720F9EFF3118488F31288D2
:108D1000BFF36F8FDBE738B50446EFF311854023CF
:108D200083F31288BFF36F8FFCF7DDF804F10C00BA
:108D300000F0FFFA30B1294604F11400BDE83840D4
:108D4000F8F772B985F31188BFF36F8F38BD4169A9
:108D5000836843EA010212F003020FD1C260026984
:108D6000013A01FB023382689A4201D90020704720
:108D7000C2681A604269C3609B1AF4E76FF015007D
:108D80007047F8B504460D46EFF31186402383F390
:108D90001288BFF36F8FC76877B900F0A7FA58B190
:108DA000C0F8B070456100F02CFA314604F10800BB
:108DB000BDE8F840F8F738B9E3682B60A369E560CF
:108DC000013BA36186F31188BFF36F8FF8BD08B52F
:108DD0004024EFF3118384F31288BFF36F8FFDF704
:108DE00097F9F6E790F90E308B4201D0F8F7D8B832
:108DF0000020704703460020C3E90200C3E90033A6
:108E000070472DE9F843994604469DF820300D46F9
:108E1000904600F10806EFF31187402282F3128892
:108E2000BFF36F8F03B14568304600F05FFA60B161
:108E30000023C0F8B030C0F8148000F0E2F93046EA
:108E40003946F8F7F1F800200CE0B9F1000F1BD01B
:108E50000821F8F715FD38B987F31188BFF36F8F34
:108E60006FF00B00BDE8F8830122C0F804800260B7
:108E7000016801F003015DB922680A43026062687B
:108E800020606AB960600BE0C8F800904046EFE7E8
:108E90002A68032A10D80160616839B9C4E9000062
:108EA000042104F1100000F06BFBC8E70A6802F02F
:108EB000030202430A60E5E722F003020A4302606C
:108EC0002A6802F0030240EA02032B60E8E710B5CB
:108ED000044630B10268930703D0446809B100F03A
:108EE0007CFB204610BD0023C0E9003300F10803DD
:108EF000C0E9023300F11003C0E90433704707B53D
:108F00000123009300230A461946FFF77AFF03B0B6
:108F10005DF804FB07B500230A4600931946FFF7E6
:108F200070FF03B05DF804FB00680021FFF7CFBFBE
:108F30005AB18A4209D300F11003C0E90212C0E914
:108F40000000C0E90433002070476FF0150070473F
:108F5000026801238B4022EA0303036022FA01F036
:108F600000F001007047704710B5032104460C3033
:108F7000FFF7EEFF30B104F1100000F033FAB0FA61
:108F800080F0400910BD28B10022114600F5807024
:108F900000F005BA704770B5C368C3F340069B077D
:108FA000044616D4856802210C30FFF7D1FF80B14A
:108FB000D5F8F8206AB194421DD122689EB9D5F83F
:108FC000FC30C5F8F8209C4201D1C5F8FC200023F4
:108FD0002360E36813F01F001EBF43F00203E36049
:108FE00040F0020070BD3260D5F8FC20944208BF0A
:108FF000C5F8FC60EBE716461268DBE773B504467C
:10900000EFF31185402383F31288BFF36F8F0023A2
:10901000A0F11006032104380193FFF799FF28B14E
:10902000A369019301A93046F7F77EFC85F3118807
:10903000BFF36F8F02B070BD38B504460D461022E5
:10904000002100F030FB656038BD13B50190084683
:10905000EFF31184402383F31288BFF36F8F01A9CC
:10906000F7F762FC84F31188BFF36F8F02B010BD75
:1090700010B5FFF7EAFF041E08DDEFF3118040236F
:1090800083F31288BFF36F8FF7F7FEFF204610BD02
:1090900070B50D46EFF31186402383F31288BFF3BA
:1090A0006F8FF7F79BFC044686F31188BFF36F8F31
:1090B00038B14FF0FF324FF0FF3305F11000F7F7F2
:1090C00017FB204670BD08B54FF48C72002100F0EC
:1090D000EAFA08BD38B5302204460D46002100F0FA
:1090E000E2FA4FF480736560E36038BD38B504463A
:1090F000EFF31185402383F31288BFF36F8FFFF7DF
:1091000033FF2046FFF747FF85F31188BFF36F8FCA
:1091100038BDF8B504460D46EFF31186402383F3BE
:109120001288BFF36F8FC36803F01F03002B14BFB7
:109130000127002705D186F31188BFF36F8F3846CA
:10914000F8BDFFF711FF2046FFF725FF294620460F
:10915000F7F7CCFB86F31188BFF36F8F0028EED0B2
:109160004FF0FF324FF0FF3305F10800F7F7C0FA78
:10917000E5E7C0E9000000207047EFF30580003804
:1091800018BF0120704778307047F7F75FBFD0E90C
:10919000003213605A600023C0E90033704708B5FD
:1091A000FFF7F5FF437B23F0020343730023836043
:1091B00008BD38B504460D46F7F7C0FD637B43F0A4
:1091C00002036373E5B1A5602B689D4209D16B680A
:1091D000C4E900531C606C6012E06A689A42F6D0E1
:1091E0001B68002BF3D094F90E2093F90E108A42DD
:1091F000F3D09142F1DD5A68C4E9003214605C603A
:1092000038BD10B5EFF31184402383F31288BFF308
:109210006F8FF7F7ABFD84F31188BFF36F8F10BD2D
:1092200010B50446183000F0DDF8EFF3118140234B
:1092300083F31288BFF36F8F627B12F0100204D0A9
:1092400081F31188BFF36F8F10BD2046BDE8104039
:10925000F7F7C0BD08B5EFF31181402282F3128801
:10926000BFF36F8F83680BB1FFF799FF81F311880C
:10927000BFF36F8F08BD38B50446EFF31185402367
:1092800083F31288BFF36F8F437B13F0280F0BD14A
:1092900083680BB1FFF783FF637B51B903F0FB03D6
:1092A00063732046F7F762FD85F31188BFF36F8F74
:1092B00038BD03F0EB03F3E701211838FFF7DBBFFC
:1092C00008B50346EFF31181402282F31288BFF301
:1092D0006F8F0068834207D008B1FFF760FF81F30A
:1092E0001188BFF36F8F08BD0020F8E738B5EFF3A2
:1092F0001185402383F31288BFF36F8F0468A04267
:109300000DD034B12046FFF74AFF04F1180000F0F9
:1093100069F885F31188BFF36F8F204638BD0024AC
:10932000F7E710B5FFF796FFBDE81040183000F0E2
:1093300059B838B504680546AC424FF0000000D17A
:1093400038BD002CFCD02046FFF7EBFF2046FFF78E
:1093500058FF2C680120A542F1E7EFF3118140226C
:1093600082F31288BFF36F8F027BD2070CD581F393
:109370001188BFF36F8F002383F31188BFF36F8FC2
:109380000423184602DF7047437B1B0704D581F393
:109390001188BFF36F8F70470122F7F71BBD38B5F7
:1093A000EFF31185402383F31288BFF36F8F0468B6
:1093B000A04213D0A4B1C4F8B01062612046FFF7F8
:1093C000EEFE04F1180000F00DF82046F7F7CEFC91
:1093D000012085F31188BFF36F8F38BD0020F8E7B7
:1093E0002046F6E710B5EFF31184402282F312888D
:1093F000BFF36F8F03683BB1F8F734F8002084F3B4
:109400001188BFF36F8F10BD6FF01500F7E708B537
:10941000F8F746F908BDF8F743B9B3F1FF3F08BFC5
:10942000B2F1FF3F70B504461D46164613D01A43ED
:1094300015D06FF00102921B4FF0FF3363EB050173
:10944000002904DAF8F72CF9821941EB0501C4E987
:109450000021204670BD4FF0FF321146F7E7002291
:10946000FBE7B3F1FF3F08BFB2F1FF3FF8B5074696
:1094700016461C4610D054EA020311D0F8F710F932
:10948000B0420A46A14103460AD2F31A64EB020431
:10949000C7E900343846F8BD4FF0FF331C46F7E704
:1094A0000023FBE70023C0E9081200F11802C0E91D
:1094B0000622C0E9003303634363704710B50446D6
:1094C000FFF790FFA8B9636A0BB12046984704F1F3
:1094D0001800FFF7F5FE60B1FFF793FEEFF3118080
:1094E000402383F31288BFF36F8FBDE81040F7F776
:1094F000CBBD10BD2DE9F041846805460E46ECB1A8
:109500006378012B25D114F8533C9A0714D5A4F1A4
:1095100060073846FFF705FF082E0CBF6FF0030306
:109520000023236514F8533CDB0605D154F8483C6E
:1095300013B93846FFF765FE00232370EB68C3F3C9
:1095400086321643002066F39433A860EB60BDE8D2
:10955000F081022BF0D12378002BEDD054F8048C4D
:10956000B8F1000FE8D004F11400FFF73BFFA4F1BD
:1095700014070023E36239464046FFF766FDDBE748
:1095800010B50346EFF31184402282F31288BFF333
:109590006F8F0068834208D0D0E9003213605A60B0
:1095A0000023C0E90033FFF7A5FF84F31188BFF360
:1095B0006F8F10BD0432D3B5044608D200260027B1
:1095C000CDE9006741F00401FFF764FB10B900200A
:1095D00002B0D0BD40F8044BFAE720B1011F50F8AB
:1095E000040CFFF798BB704710EE101AC1F3C75375
:1095F0000029A3F17F02B4BF4FF0FF3001201E2AE3
:109600001ADC002A03DA013218BF00207047162A3C
:10961000D8BF4FF48003C1F31601D8BF134141F402
:109620000001CDBF963B5B18C2F1170201FA03F3AC
:10963000D8BFD34058437047FDEEC07A17EE900A6A
:109640007047B1EEC00A704710EE103A23F00043A5
:1096500000EE103A704710EE103A23F00040B0F1DF
:10966000FF4FACBF00200120704710B50139024404
:10967000904201D1002005E0037811F8014FA34288
:1096800001D0181B10BD0130F2E70A44914200F1ED
:10969000FF3300D1704710B511F8014B03F8014FAB
:1096A0009142F9D110BD02440346934200D1704764
:1096B00003F8011BF9E79368013B002B10B493609A
:1096C00008DA9469A34201DB0A2903D15DF8044B4F
:1096D000F9F792BF1368581C1060197008465DF8BE
:1096E000044B7047F8B506460F461446D518AC42F1
:1096F00001D1002007E014F8011B3A463046FFF77D
:10970000DAFF431CF3D1F8BD2DE9F04F85B057ECDB
:10971000106BDDE90E9B002F0C4690461946B8BF32
:1097200032463B462BF0200ABBBF07F100431F46E1
:1097300000232D23B8BF1646BAF1460F0B7005D093
:10974000BAF1450F00D10134022100E0032103AB3F
:10975000019302AB009347EC106B4B462246E6F7B1
:10976000BFFEBBF1670F054619D118F0010F0ED0EF
:1097700005EB04080022002330463946E2F75AF987
:1097800008B1CDF80C803022039B434521D3039BC5
:10979000109A5B1B2846136005B0BDE8F08FBBF143
:1097A000470FE2D0BAF1460F00EB0408E2D103788C
:1097B000302B0AD10022002330463946E2F73AF92D
:1097C00018B9C4F10104C9F80040D9F80030984430
:1097D000D0E7591C03911A70D6E7F7B50029BABF34
:1097E00049422D232B2309290270437029DD0DF1F5
:1097F00007031D460A271A46B1FBF7F607FB1614A6
:10980000303402F8014C0C46632C03F1FF3331462F
:10981000F1DC3031941E03F8011C411C2346AB429D
:109820000AD30DF109039B1AAC4288BF002302330F
:109830000344181A03B0F0BD13F8016B01F8016F6F
:10984000EDE7302330318370C170031DF1E72DE95E
:10985000F047164698468A680B69DDF820909342D7
:10986000B8BF1346336091F8432007460C460AB14F
:10987000013333602368990642BF33680233336093
:10988000256815F0060506D104F1190AE368326867
:109890009B1AAB4226DC94F843302268003B18BF89
:1098A000012392062BD404F1430241463846C847AF
:1098B00001301ED02368226903F00603042B02BF87
:1098C000E5683368ED1AA3680CBF25EAE575002545
:1098D0009342C4BF9B1AED1800261A34B5421AD120
:1098E000002008E00123524641463846C84701306F
:1098F00003D14FF0FF30BDE8F0870135C6E7E1182E
:109900005A1C302081F84300224494F8451082F814
:1099100043100233C7E70123224641463846C84771
:109920000130E6D00136D9E710B50C46B1F90E107A
:10993000FAF7A4FF0028ABBF636DA3891B1823F4BB
:109940008053ACBF6365A38110BD002070472DE933
:10995000F0411F468B89DB0505460C46164605D5AA
:10996000B1F90E1002230022FAF744F8A389B4F9E2
:109970000E1023F48053A38132463B462846BDE8AF
:10998000F041F9F78BBE10B50C46B1F90E10FAF79D
:1099900031F8431CA38915BF606523F4805343F459
:1099A0008053A38118BFA38110BDB1F90E10F9F740
:1099B00011BF034611F8012B03F8012B002AF9D13E
:1099C000704710B50139034632B111F8014F03F861
:1099D000014B013A002CF7D11A440021934200D1E7
:1099E00010BD03F8011BF9E710B5024601448A4295
:1099F000134603D01C780132002CF8D1181A10BD80
:109A00002DE9F74F03690C69A34207467EDB013C51
:109A100001F11408A30000F11405009305EB840381
:109A2000019358F8243055F8242001339A4208EB6A
:109A30008409B2FBF3F62ED34FF0000AC446AE46BB
:109A4000D3465CF8043B98B206FB00A0020C1B0C4A
:109A500006FB0323DEF8002080B292B2121A5A44A9
:109A6000DEF800004FEA134A9BB2C3EB224303EB3C
:109A7000104392B242EA0342E1454EF8042B4FEA0A
:109A8000234BDED2009BEB582BB9019B043B9D423C
:109A90001A462FD33C61384600F082F9002825DBB6
:109AA0002946002058F8042BD1F800C01FFA82FE86
:109AB0001FFA8CF3A3EB0E030344120CC2EB2342F8
:109AC00002EB1C429BB243EA0243C14541F8043B0E
:109AD0004FEA2240E6D255F8242005EB840322B950
:109AE000043B9D421A460BD33C610136304603B01D
:109AF000BDE8F08F1268043B002ACBD1013CC6E7D9
:109B00001268043B002AEFD1013CEAE70020EEE7AF
:109B1000B1F90C202DE9F041170705460C4656D443
:109B20004B68002B02DC0B6C002B3DDDE66A002E3F
:109B30003AD0002312F480522F68216A2B6025D07E
:109B4000626DA389580705D56368D21A636B0BB1A0
:109B5000236CD21A216AE66A00232846B047411CCA
:109B600024D00023636023692360A389DA0400D52D
:109B70006065616B2F60B9B104F14403994202D072
:109B80002846F8F79BFF002363630DE00123284676
:109B9000B047461C0246D4D12B68002BD1D01D2BD8
:109BA00001D0162B2BD12F6000202FE02A68B4F9AA
:109BB0000C3042B11D2A01D0162A22D10023636045
:109BC00023692360D5E7626022692260CEE70F69CE
:109BD000002FE9D093070E6808BF4B690F6018BFCC
:109BE0000023A6EB07088B60B8F1000FDCDD216ACB
:109BF000A66A43463A462846B047002808DCB4F92E
:109C00000C3043F04003A3814FF0FF30BDE8F081FA
:109C10000744A8EB0008E7E770B568234D1E5D43D5
:109C20000E4605F17401F8F793FF044640B1002198
:109C3000C0E900160C30A06005F16802FFF733FDA3
:109C4000204670BD2DE9F8430646884600F14804D9
:109C50000027D4E90195B9F1010905D52468002C44
:109C6000F7D13846BDE8F883AB89012B07D9B5F9A0
:109C70000E30013303D029463046C04707436835CC
:109C8000E9E770B50C46B1F90E10002996B01546FB
:109C90001E460DDAA38913F0800F4FF0000114BFA8
:109CA00040234FF48063002031602B6016B070BDFC
:109CB0006A46FAF7E5FE0028ECDB019901F47041F1
:109CC000A1F50053594259414FF48063EBE78842B4
:109CD00010B501EB020402D98442234607D8431E83
:109CE000A14208D011F8012B03F8012FF8E7024434
:109CF00001468A4200D110BD13F8014D02F8014D12
:109D0000F7E7B0F5803F034636BF0304002010207C
:109D1000B3F1807F3CBF1B020830B3F1805F3CBFD2
:109D20001B010430B3F1804F03D3002B0ADB013059
:109D300070479B0001D5023070475B0001D50330AE
:109D40007047202070470368024613F007000BD0CD
:109D5000D90721D4980749BF5B089B0801201360ED
:109D60005CBF13600220704799B209B91B0C102028
:109D7000D9B209B908301B0A190704BF1B090430FE
:109D8000990704BF9B080230D90703D45B0800F190
:109D9000010003D0136070470020704720207047F7
:109DA0000A6903460069801A30B50ED114331431A4
:109DB00003EB820401EB820154F8045D51F8042D99
:109DC000954203D005D24FF0FF3030BDA342F3D30C
:109DD000FBE70120F9E738B502FB01F52946F8F762
:109DE000B7FE044618B12A460021FFF75CFC204666
:109DF00038BDF8B5074615460C4621B9BDE8F84010
:109E00001146F8F7A5BE22B9F8F758FE00242046FF
:109E1000F8BD00F04FF9A842F9D229463846F8F7C4
:109E200097FE06460028F1D021462A46FFF72DFC72
:109E300021463846F8F742FE3446E8E72DE9F04778
:109E40008E681F46BE420B6882460C4690462DD84F
:109E5000B1F90C2012F4906F26D06569096905EB01
:109E60004505A3EB010905EBD5757B1C4B446D1033
:109E70009D4238BF1D46530527D52946F8F768FE91
:109E8000064660B321694A46FFF7FFFBA38923F426
:109E9000906343F08003A381266165614E44A5EB86
:109EA00009052660A5603E46BE4200D93E462068B0
:109EB00032464146FFF70BFFA3689B1BA360236854
:109EC000334423600020BDE8F0872A46FFF791FF66
:109ED00006460028E0D121695046F8F7EFFD0C2333
:109EE000CAF80030A38943F04003A3814FF0FF304C
:109EF000E9E738B54B1C144603D14FF0FF3528462F
:109F000038BD938923F0200393815368526BCDB2FF
:109F10008AB1A26B9A4208DD23685A1E226003F8B8
:109F2000015C636801336360E9E7214600F076F87D
:109F30000028F1D0E1E72169226841B1914206D2BF
:109F400012F8011CA94202D1013A2260EAE7C4E9F1
:109F50000F2304F1440363630323A363234603F83D
:109F6000465F23600123DEE710B50C46496B69B1FB
:109F700004F14403994201D0F8F7A0FD236C63601B
:109F80000020606313B1E36B236010BD236923607D
:109F900000236360A38943F02003A3814FF0FF30C7
:109FA000F3E770B50B7804465E2B0BBF4B784A1C69
:109FB0008A1C002108BF0121013804F1FF0500F8C7
:109FC000011FA842FBD10BB9501E70BD81F00101E9
:109FD000E1541046024612F8015B2D2D05D05D2D8F
:109FE00016D0002DF1D02B46F2E746785D2EFAD040
:109FF000B342F8DC02301A4601329642A154FBDC2F
:10A00000F21A013A5D1CB342A8BF0022AB18E1E787
:10A010001046DAE7FAF744BCFAF7C0BC2DE9F04184
:10A020000C46496B04F1440399421DD14FF4806101
:10A03000F8F78EFD18B94FF0FF30BDE8F0814FF40E
:10A040008063A36394F84630606380F8FF3394F82C
:10A05000453080F8FE3394F8443080F8FD3300F248
:10A06000FD3020600020E8E7A66B77003A46FFF756
:10A07000C0FE05460028DED000EB06080146324649
:10A080004046FFF702FBC4E90D57C4F80080E9E73A
:10A0900082B001B901A942B14BB113780B601278BB
:10A0A000101E18BF012002B070471046FBE76FF08A
:10A0B0000100F8E751F8043C181F002BBCBF0B58F7
:10A0C000C01870470346084641B1FF2A04D98A22C6
:10A0D0001A604FF0FF3070470A700120704700008F
:10A0E0003A54FE7F010000004555010000000000C9
:10A0F0006D550100000000008D55010000000000BA
:10A10000AD55010000000000C9570100000000002B
:10A11000A1B30100D8A102000F8C020000000000D2
:10A12000D502020000000000F90202000000000059
:10A13000ADB90100ECA102009DE3010000000000A8
:10A14000E387020000000000CB81020014A202009D
:10A15000C9B8010000A20200CDC1010028A202007E
:10A16000B57D02003CA202006DB6010000000000B7
:10A17000EDD3010000000000F557010000000000D1
:10A18000C138010000000000696102000000000009
:10A1900051E40100000000008107020000000000FF
:10A1A000E5C2010078A20200E1B1010050A2020064
:10A1B0009782020064A2020051D70100A0A202000F
:10A1C00025CA01008CA20200CD5801000000000049
:10A1D000F5BE0100B4A20200B9D9020040AF0200EE
:10A1E00058AF0200641200205446002028DA020012
:10A1F000D0AF0200E8AF02006C1200203047002010
:10A2000009DA020000000000C0AF0200681200205E
:10A21000DC46002019DA020000000000C8AF02008E
:10A220006A120020000000004BDB020098B0020020
:10A23000DCB00200721200203C470020E2D902008C
:10A2400074AF020090AF020066120020C8460020E2
:10A250009DD902000000000028AF02006212002019
:10A26000000000003ADA02000CB0020048B0020020
:10A270006E120020640E002025DD0200E8B002000E
:10A2800040B10200741200209C0E0020BBDD0200D1
:10A2900048B10200B8B10200761200200C0F002075
:10A2A00014DF020000000000C8B102007812002094
:10A2B000544700200DDB020060B002008CB00200A9
:10A2C0007012002000000000F987020019880200C7
:10A2D00000000000FB60020028A20200F3830200DD
:10A2E0008DFC01001988020051F20100198802005A
:10A2F00000000000FB60020099ED010019880200D7
:10A3000050A2020025B2010000000000FB60020024
:10A3100000000000FB60020000000000FB60020083
:10A3200000000000FB60020000000000FB60020073
:10A33000DC46002039B9010000000000FB6002008B
:10A3400000000000FB60020000000000FB60020053
:10A35000000000007DD4010000000000FB6002004E
:10A3600000000000FB60020000000000FB60020033
:10A3700000000000FB60020000000000FB60020023
:10A3800000000000FB60020000000000FB60020013
:10A3900000000000F5E3010000000000FB60020087
:10A3A00000000000FB60020000000000FB600200F3
:10A3B00000000000FB60020000000000FB600200E3
:10A3C00000000000FB60020000000000FB600200D3
:10A3D00000000000FB60020000000000FB600200C3
:10A3E000D1F70100198802003CA20200A57E0200FC
:10A3F00000000000FB60020000000000FB600200A3
:10A4000005000000998B010000000000060000001C
:10A4100079AE0100000000000400000095900100EA
:10A4200000000000911B0100411B01000000000022
:10A43000000000000000000000000000D4AD020099
:10A440000800000074AE02000700000094A902009A
:10A450000800000034AA02000A000000AAD9020085
:10A46000030000004FB902000300000028D00200E2
:10A4700003000000B7D60200030000004FC6020030
:10A480000300000016D302000300000056C60200BD
:10A490000300000024D802000300000049CE02009F
:10A4A0000300000099CF02000300000099D40200CD
:10A4B0000300000031DF02000300000090DF020013
:10A4C000030000001FDF02000300000051D802005B
:10A4D0000300000042BD0200030000002EBE020087
:10A4E00003000000D4D9020003000000FDD90200DF
:10A4F00003000000EFD902000300000007C60200BD
:10A500000300000036DA02000300000047DA020010
:10A51000030000004DBE02000300000051BE020017
:10A520000300000089BF020003000000BADF020040
:10A530000300000033C5020003000000ECC5020068
:10A5400003000000F4C5020003000000C9E002009F
:10A550000300000098C5020003000000A2C502002D
:10A5600003000000E4C5020003000000BDC50200B6
:10A5700003000000CAC5020003000000D6C50200A7
:10A5800003000000AEC502000300000003C6020085
:10A590000300000032DD020003000000C8DD0200FD
:10A5A00003000000B9BB02000300000059DB0200F9
:10A5B00003000000C2BC02000300000016DB020022
:10A5C0000400000058AB0200F041002068BF020008
:10A5D000010000009CAB0200740D002078BF020057
:04A5E0000100000076
:10A5F0000000000000000001000000020000000454
:10A6000000000008000000100000002000000040D2
:10A61000000000800000001B000000364ECD02004C
:10A6200053CD020057CD02005BCD02005FCD02008A
:10A6300063CD020067CD02006BCD02006FCD02003A
:10A6400073CD020077CD02007BCD02007FCD0200EA
:10A6500083CD020087CD0200CCE0020000010000A3
:10A66000F401FA00960064004B0032001E00140052
:10A670000A000500020001000100010000010100C4
:10A6800000010001000001000100000001000B00BA
:10A6900002000A00050009000A0008001400070073
:10A6A0001E000600320005004B0004006400030099
:10A6B00096000200FA000100F40100000C080217E5
:10A6C0000D0101020909010106020918180301011F
:10A6D00009090303050302012302022409100404EB
:10A6E00005050B0B040B2B1B1B151A1A1C021D1640
:10A6F000130501490D150500A301B103BF05EF02C4
:10A700004906A309C505F50B25120E021C045A03C0
:10A71000B4063006600C000001000000101100407B
:10A720000000000000000000000000000000000029
:10A730000406080A0C0E10121416181C1E202224DF
:10A7400026282A2C2E30323436383A3C3E404244B9
:10A7500046484A4C4E021A5000003408E8030000F4
:10A760002CA6E0A100000000280000001800000056
:10A7700000000000141E0000301100000000000066
:10A7800070170000A00F00000000DC05E8030000C7
:10A7900000000000141E0000301100000001030240
:10A7A000D8ECF0F4F8FC00020304050607080000EA
:10A7B0000000000000000000000000000000000099
:10A7C0000000010101010202020203030303040469
:10A7D000040405050505060606080900000000003A
:10A7E0000000000000000000000000000000000168
:10A7F000010101020202020303030304040404052D
:10A8000005050506060708090A0B0C0D06080801D0
:10A81000020600100200FA0000000000EBF4000045
:10A82000F7F40000FBF4000003F5000007F500005A
:10A83000CEE30200C5D90200D1E30200000000000F
:10A840000338FDD8704700000080E03779C34143EA
:10A85000176E05B5B5B89346F5F93FE9034F384D86
:10A86000321D30F94877825A3CBF737FDD4F157532
:10A87000000000000000F03F000000000000244045
:10A8800000000000000059400000000000408F4020
:10A89000000000000088C34000000000006AF8408B
:10A8A0000000000080842E4100000000D0126341AF
:10A8B0000000000084D797410000000065CDCD4125
:10A8C000000000205FA00242000000E87648374206
:10A8D000000000A2941A6D42000040E59C30A242A4
:10A8E0000000901EC4BCD64200003426F56B0C4319
:10A8F0000080E03779C3414300A0D88557347643C0
:10A9000000C84E676DC1AB43003D9160E458E14320
:10A91000408CB5781DAF154450EFE2D6E41A4B4495
:10A9200092D54D06CFF08044F64AE1C7022DB544DA
:10A93000B49DD9794378EA441F0000001C00000050
:10A940001F0000001E0000001F0000001E0000008D
:10A950001F0000001F0000001E0000001F0000007C
:10A960001E0000001F00000001010000D81100209F
:10A97000090600005AB9020007100000C8110020A3
:10A9800000000000050000004E0000004E00000026
:10A9900000000000A0B302000578020000000000E3
:10A9A0000C120020000001009CB30200FF7802009E
:10A9B00000000000DC09002000000100FB11002065
:10A9C000D11A0100091B01009A7800200000030041
:10A9D00098B3020057780200B9A10100B80900201D
:10A9E0000000030094B30200FF78020000000000A2
:10A9F000B009002000000100EA1100200000000062
:10AA0000991A0100000000000000020090B302004B
:10AA1000FF78020000000000A809002000000100EB
:10AA2000D911002000000000B91A01000000000048
:10AA300000000200BCB30200057802000000000024
:10AA40005012002000000100B8B30200FF7802009D
:10AA500000000000600A0020000001003F120020FA
:10AA60002D1C01000000000000000000000001009B
:10AA7000B4B3020057780200B9A101003C0A0020DB
:10AA800000000300B0B30200FF78020000000000E5
:10AA9000340A0020000001001D120020891C010062
:10AAA000000000000000000000000100ACB3020044
:10AAB00057780200B9A10100100A0020000003002D
:10AAC000A8B30200FF78020000000000080A00207E
:10AAD000000001002E120020D11B01000000000028
:10AAE0000000000000000100A4B30200577802003B
:10AAF000B9A10100E4090020000003003152020066
:10AB0000455202000000000035520200502700208C
:10AB100000010000035A0200A559020002000000D3
:10AB2000AD5B02000000000000000000000000001B
:10AB30000000000048BF020050BF020000000000FB
:10AB4000000000000000000058BF02005CBF0200CF
:10AB500060BF020064BF02002143010015430100F1
:10AB600045430100FD4201000000000009430100CF
:10AB700000000000A1430100F8410020AF78002050
:10AB8000100000008CAB02000842002025440100A8
:10AB900028420020BF780020010000006B5C02000A
:10ABA000615C02002F5C0200235C020000000000D8
:10ABB000175C020000000000C0040020000000003C
:10ABC00000000B0602000000CCAB020000000000F9
:10ABD00080C50200240002070000002088C5020092
:10ABE0001E000B114D56010000000000B96102006B
:10ABF000E4AB0200FCAB020000010000F0D1002039
:10AC0000E4AB02000CAC02002E00000030DD00209E
:10AC1000E4AB02001CAC02000201000010DE0020C8
:10AC20008BCD0200A9CD0200C4CD0200D4CD02001C
:10AC3000E1CD0200EACD0200F1CD0200F8CD020024
:10AC4000FFCD020007CE0200E1CD02000FCE0200D0
:10AC500021CE020036CE02000E03000081710100F9
:10AC60000F0400004D7101001A010000E9590100B4
:10AC700005040000015A01001301000005600100F5
:10AC8000FF010000595E01003E010000395E010035
:10AC9000050400004D5A010010010000F55A0100A2
:10ACA00001120000D17001000A1E0000D1650200EF
:10ACB00003090000F9600100040B0000DD5B0100E6
:10ACC000060A000069650100070A0000C55A010074
:10ACD0000C050000915A0100E4AB0200E4AC020054
:10ACE0004700000030DF002095D20200A2D202000F
:10ACF000C2D20200B6D20200CDD20200E4D20200DB
:10AD0000F4D2020016D6020008D30200E4AB02001F
:10AD100018AD020000000000F8DF0020E4AB0200E4
:10AD200028AD02000001000020E00020FF6A0200C0
:10AD3000376B02000000000000000000000000006F
:10AD4000518E010000000000000000000000000023
:10AD50000000000002020100B373020004040100BD
:10AD6000519D010006060100919C010008040100AC
:10AD7000999B01000A0201009B7302000C04010070
:10AD8000837302000E0401006D9A0100200401008B
:10AD9000D199010010040100E198010012020100A4
:10ADA00037730200160401002B6D02001801010028
:10ADB000697002001E0004000174020052020000CB
:10ADC0005D730200E4AB0200D0AD0200020100009E
:10ADD000B0EB0020ECB30200057802000000000098
:10ADE000E8B3020000000100E4B30200FF780200B3
:10ADF00000000000200E002000000100DCB3020073
:10AE00000000000000000000000000000000000042
:10AE1000D8B3020057780200B9A10100280E002023
:10AE200000000300D4B30200FF780200000000001D
:10AE3000180E002000000100CCB30200C37702000E
:10AE4000F9A201000000000000000300C8B30200E6
:10AE5000FF78020000000000100E0020000001003A
:10AE6000C0B30200FDA601000000000000000000C9
:10AE70000000010018B40200057802000000000084
:10AE800014B402000000010010B40200FF780200B8
:10AE9000000000005C0E00200000010008B4020069
:10AEA00087770200000000000000000000000100A1
:10AEB00004B40200FF78020000000000540E0020DD
:10AEC00000000100FCB302004D770200000000000A
:10AED0000000000000000100F8B30200FF7802004B
:10AEE000000000004C0E002000000100F0B3020042
:10AEF000E5A30100000000000000000000000100C8
:10AF00000000000000000000000000000000000041
:10AF100000000000417B0200000000000000000073
:10AF20000000000000000000B1AE010001B001000F
:10AF3000580200005DB301002DB3010000000000C5
:10AF4000D9B4010059B40100C8D9020035B40100D8
:10AF5000A97C0200CED90200F9B30100277C0200CF
:10AF6000877C020000000000C57B0200000000009A
:10AF700000000000FFFFFF00008000000103000050
:10AF8000A84600200040024000000000F4A4020097
:10AF9000B57C0200C17C0200CD7C020000000000F4
:10AFA00047800200FF7D0200DB7C02009D7D0200E5
:10AFB000A17D0200A77D0200AD7D0200000000001F
:10AFC00071B80100C9B70100CF8102000000000084
:10AFD000FFFFFFFF00000050000000000000000025
:10AFE000006000400000000031BA0100ED81020065
:10AFF000FB810200138202001F8202002B820200EA
:10B00000ADBB01004582020000000000003000409E
:10B010000000000000000000000000000000980197
:10B0200000000101A1BC01002CB002000030004072
:10B0300038B002000100000040B002000200000031
:10B040001A00000C1B00000BF9BD010000000000FD
:10B05000D9BC0100000000000000000041BE01005A
:10B060008CA20200009F240000010000ECA102005D
:10B07000160001000000000063790020604003001A
:10B0800021DB02000100000008000000DD82020058
:10B0900000000000D78202000020004001000000F4
:10B0A00000000000B8B002000000D601000000005F
:10B0B0007C7900207B79002000200040C4B0020091
:10B0C00001000000CCB002000400000006000000F7
:10B0D000080000010500000207000003AD83020024
:10B0E00019C101009F8302000040004000000000E1
:10B0F000000000FF00FF0000000000000000000151
:10B10000010000003984020018B10200FFFFFFFFB8
:10B1100000000000000000000040004024B10200D8
:10B12000010000002CB10200030000001F00000419
:10B130001E0000051D0000060000000000000000C9
:10B1400035C50100C184020000300240000000004B
:10B1500000127A0000000000000000000000000063
:10B16000FFFFFFFF0000FF000000000000000001E3
:10B1700001000000E9840200FF00000090B102001D
:10B1800000000000FFFFFFFF0000000000000000C3
:10B19000003002409CB1020001000000A4B1020096
:10B1A0000300000019000004170000051800000645
:10B1B000ECA1020016000100D1CD0100BF85020004
:10B1C000006000400000000045D601002586020016
:10B1D0004986020075E0020083E0020097E0020069
:10B1E000A6E00200B2E00200E8A00200E8A002002F
:10B1F00070A1020080A10200D8A10200D8A1020023
:10B20000512563FCC2CAB9F3849E17A7ADFAE6BC08
:10B21000FFFFFFFFFFFFFFFF00000000FFFFFFFF3A
:10B22000AAAAAAAAAAAAAAAAAAAAAAAA55555555D2
:10B230005555555555555555000000005555555512
:10B24000522563FCC2CAB9F3849E17A7ADFAE6BCC7
:10B25000FFFFFFFFFFFFFFFF00000000FFFFFFFFFA
:10B26000512563FCC2CAB9F3849E17A7ADFAE6BCA8
:10B27000FFFFFFFFFFFFFFFF00000000FFFFFFFFDA
:10B2800096C298D84539A1F4A033EB2D817D037780
:10B29000F240A463E5E6BCF847422CE1F2D1176B1B
:10B2A000F551BF376840B6CBCE5E316B5733CE2BEE
:10B2B000169E0F7C4AEBE78E9B7F1AFEE242E34F1D
:10B2C0004B60D2273E3CCE3BF6B053CCB0061D655A
:10B2D000BC86987655BDEBB3E7933AAAD835C65AE3
:10B2E000FCFFFFFFFFFFFFFFFFFFFFFF000000006D
:10B2F000000000000000000001000000FFFFFFFF51
:10B3000000000000DCCFD1350000000000C0153F78
:10B310000000803F0000C03F0000004B000000CB59
:10B32000FC0F0020000000000000000000000000F2
:10B33000000000000000000000000000000000000D
:10B3400000000000000000000000000000000000FD
:10B3500000000000000000000000000000000000ED
:10B3600000000000000000000000000000000000DD
:10B3700000000000000000000000000000000000CD
:10B380000000000005000000190000007D00000022
:10B390000000032800000328000002290000032801
:10B3A00000000028000002290000032800000229F4
:10B3B00000000328000002290000032800000028E4
:10B3C00000002A2B00002A2B000003280000292B54
:10B3D0000000292B00000328000002290000052A94
:10B3E0000000052A000003280000011800000028C2
:10B3F0000000042A0000042A000003280000012A9B
:10B400000000012A000003280000002A0000002A92
:10B410000000032800000018000000285B494E4986
:10B42000545D20496E697469616C697A6174696FF1
:10B430006E207468726561642073746172746564EF
:10B440000A005B494E49545D20427574746F6E204A
:10B45000696E6974206661696C65640A005B494EB7
:10B4600049545D204C45442C20427574746F6E2CF9
:10B47000204750494F20696E697420646F6E650AD9
:10B48000005B5448524541445D2073656E736F7292
:10B490005F74687265616420737461727465640AB4
:10B4A000005B4932435D20646576696365202573DE
:10B4B000206E6F74207265616479210A005B4C49CB
:10B4C000533344485D20416363656C65726F6D65FD
:10B4D0007465722073656E736F7220696E69742073
:10B4E0006661696C65640A005B5050475D2050508E
:10B4F000472053656E736F7220696E6974206661B0
:10B50000696C65640A005B4C49533344485D2041D3
:10B510006363656C65726F6D657465722072652D0D
:10B52000696E6974206661696C65640A005B5445E4
:10B530004D505D2054656D70657261747572652043
:10B5400073656E736F7220696E697469616C697A74
:10B550006174696F6E206661696C65640A003223EC
:10B5600030005B53454E534F525D2050504720648E
:10B57000726F70733D25750A005B53454E534F52F1
:10B580005D20414343454C2064726F70733D2575C7
:10B590000A005B53454E534F525D2054454D502099
:10B5A0006D73677120707574206661696C65640ADB
:10B5B000005B53454E534F525D2054454D50207211
:10B5C000656164206661696C65640A005B53454E81
:10B5D000534F525D20436F6C6C6563746564204605
:10B5E000554C4C2062617463683A205050473D25A9
:10B5F000752C20414343454C3D25750A0025642F99
:10B6000025642F25642025643A25643A25642E2577
:10B6100064005B5448524541445D207072696E7409
:10B6200065725F74687265616420737461727465B9
:10B63000640A005050475F42415443483A25640031
:10B6400023256C6C752C256C782C256C7800414377
:10B6500043454C5F42415443483A25640023256CDE
:10B660006C752C25642C25642C25640054454D50A4
:10B670005F42415443483A00256423256C6C752C85
:10B6800025642C2564005B5448524541445D2046A6
:10B69000756C6C2064617461206379636C652073E0
:10B6A000656E742E20507265706172696E672073CA
:10B6B0006C6565702E2E2E0A00312330005B5448D5
:10B6C000524541445D20576F6B652075702C207387
:10B6D00074617274696E67206E6577206379636C3C
:10B6E000652E0A000A2A2A2A2A2A2A2A2A2A2042D7
:10B6F0004F4F54494E47204144504431343452490D
:10B7000020424C452053454E534F522044454D4F07
:10B71000202A2A2A2A2A2A2A2A2A0A005B4D414953
:10B720004E5D2043616C6C65642062745F656E6180
:10B73000626C6528292C2072657475726E656420B0
:10B7400025640A005B424C455D20426C7565746F50
:10B750006F746820696E6974206661696C65642025
:10B7600028657272202564290A0050617469656E2B
:10B77000742049442072656365697665643A2025C2
:10B78000750A0054696D657374616D70207265632C
:10B7900065697665643A2025750A0041434B20753A
:10B7A0007064617465642066726F6D206D6F62698C
:10B7B0006C653A2025730A005B424C455D20446964
:10B7C00073636F6E6E656374656420287265617360
:10B7D0006F6E20307825303278290A005B424C4564
:10B7E0005D20436F6E6E656374696F6E206661697C
:10B7F0006C65642028657272202575290A005B42F9
:10B800004C455D2044657669636520436F6E6E65C7
:10B81000637465640A007075626C69630072616EBE
:10B82000646F6D007075626C69632D69640072618C
:10B830006E646F6D2D696400253032583A253032C0
:10B84000583A253032583A253032583A2530325855
:10B850003A253032582028257329005B424C455D3B
:10B8600020446576696365204254204164647265B2
:10B8700073733A2025730A004E6F20636F6E6E65F6
:10B880006374696F6E20666F722033206D696E7508
:10B890007465732E20506F776572696E67206F66CE
:10B8A000662E005B4D41494E5D2062745F7265619A
:10B8B00064792063616C6C6261636B2C20657272C9
:10B8C0003D25640A005B424C455D20426C75657401
:10B8D0006F6F746820696E697469616C697A6564F8
:10B8E0000A005B424C455D20416476657274697361
:10B8F000696E67206661696C656420746F2073747B
:10B900006172742028657272202564290A005B42E6
:10B910004C455D204164766572746973696E672079
:10B9200073746172746564207375636365737366A1
:10B93000756C6C79210A0041434B2073656E74204D
:10B94000746F206D6F62696C653A2025730A00621E
:10B950006C655F6D6F64756C6500566974616C73BE
:10B96000005B4932435D20577269746520726567D8
:10B9700020307825303258206661696C65643A2041
:10B9800025640A005B4932435D2052656164207280
:10B99000656720307825303258206661696C6564AF
:10B9A0003A2025640A005B4932435D20436F6E668E
:10B9B00069677572696E672041445044313434526E
:10B9C000492073656E736F72202E2E2E0A005B491C
:10B9D00032435D204F6E65206F72206D6F7265205F
:10B9E00073656E736F7220636F6E6669672077721E
:10B9F00069746573206661696C65643A2072633DA1
:10BA000025640A005B4932435D204144504431348F
:10BA100034524920636F6E66696775726174696F2D
:10BA20006E20646F6E652E0A005B4932435D204DC7
:10BA30006561737572656D656E74207265672073DC
:10BA40006574206661696C65643A2025640A005B50
:10BA50004932435D204F6E65206F72206D6F7265B5
:10BA6000206368616E6E656C207265616473206628
:10BA700061696C65643A2072633D25640A005B4924
:10BA800032435D204D6561737572656D656E74201E
:10BA9000726567207265736574206661696C6564A0
:10BAA0003A2025640A005B525443325D20496E6996
:10BAB0007469616C697A696E6720525443322E2E24
:10BAC0002E0A005B525443325D205254433220729E
:10BAD000756E6E696E672E0A00253032642F253030
:10BAE00032642F2530346420253032643A253032D8
:10BAF000643A253032642E25303364005B54454D62
:10BB0000505D2041444320646576696365206E6F13
:10BB100074207265616479210A005B54454D505D63
:10BB2000204144432074656D70206368616E6E65CA
:10BB30006C207365747570206661696C65643A2069
:10BB400025640A005B54454D505D2041444320620A
:10BB5000617474657279206368616E6E656C2073C0
:10BB600065747570206661696C65643A2025640AA5
:10BB7000005B54454D505D2041444320696E69741B
:10BB800069616C697A65642077697468206D6F7685
:10BB9000696E6720617665726167652066696C749D
:10BBA00065720A0054656D7020766F6C746167650C
:10BBB0003A20252E336620560074656D705F7365DC
:10BBC0006E736F72005B4C49533344485D2046618D
:10BBD000696C656420746F20726561642057484FFA
:10BBE0005F414D5F490A005B4C49533344485D2037
:10BBF000556E65787065637465642057484F5F4182
:10BC00004D5F493A203078253032580A005B4C4964
:10BC1000533344485D206932635F72656164206616
:10BC200061696C65643A2025640A0053657474691F
:10BC30006E6720524742203D202530327820253043
:10BC4000327820253032780A004C454420757064E3
:10BC5000617465206661696C65643A202564004CF6
:10BC60004544207374726970206465766963652049
:10BC70006E6F74207265616479002D2D2D2D2D2D30
:10BC80002D2D2D2D2D2D2D2D2D2D2D2D2D2D2D2DE4
:10BC90002D2D2D2D2D2D2D2D656E61626C65642051
:10BCA0006C65642D2D2D2D2D2D2D2D2D2D2D2D2D16
:10BCB0002D2D2D2D0A000000000F000F00000F0099
:10BCC0000F007773323831325F6D6F64756C6500C9
:10BCD00053696E676C6520707265737320E286929B
:10BCE000204C454420475245454E00446F75626CD8
:10BCF0006520707265737320E2869220426C696ED3
:10BD00006B20424C5545004C6F6E67207072657316
:10BD10007320E28692204C4544204F4646004275EF
:10BD200074746F6E206E6F74207265616479004266
:10BD30007574746F6E20696E697469616C697A6577
:10BD40006400627574746F6E5F6472697665720008
:10BD50004572726F723A204750494F206465766988
:10BD60006365206E6F742072656164790A004750C4
:10BD7000494F2031362073657420484947480A00EE
:10BD80006770696F206661696C0A0028756E736957
:10BD9000676E6564292063686172202A2075736567
:10BDA0006420666F722025257020617267756D654D
:10BDB0006E742E2049742773207265636F6D6D65F4
:10BDC0006E64656420746F206361737420697420ED
:10BDD000746F20766F6964202A20626563617573D1
:10BDE00065206974206D6179206361757365206DCC
:10BDF00069736265686176696F7220696E20636538
:10BE0000727461696E20636F6E66696775726174C2
:10BE1000696F6E732E20537472696E673A222573B0
:10BE20002220617267756D656E743A2564006362E5
:10BE30007072696E74665F7061636B61676500281C
:10BE40006E696C29006C6F6767696E67006C6F675D
:10BE5000006C6F675F6D676D74004D65737361672C
:10BE600065202822257322292064726F7070656412
:10BE70002062656361757365206974206578636508
:10BE80006564732073697A65206C696D6974617487
:10BE9000696F6E2028257529004D6573736167658C
:10BEA0002064726F7070656420626563617573658C
:10BEB00020697420657863656564732073697A65A9
:10BEC000206C696D69746174696F6E20282575290D
:10BED000000D0A001B5B306D00257320005B2530D0
:10BEE000386C755D20005B253032753A253032752F
:10BEF0003A253032752E253033752C253033755D5B
:10BF0000200025732F003C25733E200025733A2026
:10BF100000253032782000202020007C002563009E
:10BF2000206D657373616765732064726F707065EF
:10BF300064202D2D2D0D0A1B5B306D001B5B313BEA
:10BF400033316D2D2D2D20001B5B313B33316D00C6
:10BF50001B5B313B33336D006572720077726E008C
:10BF6000696E6600646267006C6F675F6261636B35
:10BF7000656E645F727474006C6F675F6261636B9F
:10BF8000656E645F75617274006C6F675F75617276
:10BF900074002A2A2A20426F6F74696E67206E52DD
:10BFA0004620436F6E6E6563742053444B20763297
:10BFB0002E392E312D363064306436633864343295
:10BFC00064202A2A2A0A002A2A2A205573696E67C1
:10BFD000205A6570687972204F532076332E372EA1
:10BFE00039392D6361393534613632313663392060
:10BFF0002A2A2A0A00637C777BF26B6FC5300167BF
:10C000002BFED7AB76CA82C97DFA5947F0ADD4A2D0
:10C01000AF9CA472C0B7FD9326363FF7CC34A5E59C
:10C02000F171D8311504C723C31896059A071280F9
:10C03000E2EB27B27509832C1A1B6E5AA0523BD62D
:10C04000B329E32F8453D100ED20FCB15B6ACBBE52
:10C05000394A4C58CFD0EFAAFB434D338545F902FE
:10C060007F503C9FA851A3408F929D38F5BCB6DA13
:10C070002110FFF3D2CD0C13EC5F974417C4A77EB9
:10C080003D645D197360814FDC222A908846EEB8CA
:10C0900014DE5E0BDBE0323A0A4906245CC2D3AC04
:10C0A000629195E479E7C8376D8DD54EA96C56F449
:10C0B000EA657AAE08BA78252E1CA6B4C6E8DD7407
:10C0C0001F4BBD8B8A703EB5664803F60E6135572F
:10C0D000B986C11D9EE1F8981169D98E949B1E877F
:10C0E000E9CE5528DF8CA1890DBFE6426841992D24
:10C0F0000FB054BB1672302F61313A2020307825B2
:10C10000303878202072312F61323A202030782563
:10C11000303878202072322F61333A202030782551
:10C120003038780072332F61343A2020307825304F
:10C130003878207231322F69703A202030782530DB
:10C140003878207231342F6C723A202030782530C4
:10C1500038780020787073723A2020307825303893
:10C160007800735B2532645D3A20203078253038C2
:10C17000782020735B2532645D3A202030782530AA
:10C1800038782020735B2532645D3A202030782592
:10C190003038782020735B2532645D3A2020307877
:10C1A000253038780066707363723A202030782525
:10C1B000303878004661756C74696E6720696E73FB
:10C1C0007472756374696F6E2061646472657373F1
:10C1D00020287231352F7063293A20307825303885
:10C1E0007800556E68616E646C6564204952516ECA
:10C1F0003A202564002A2A2A2A2A2042555320461A
:10C2000041554C54202A2A2A2A2A0020205374619E
:10C21000636B696E67206572726F72002020556EC5
:10C22000737461636B696E67206572726F72002050
:10C230002050726563697365206461746120627562
:10C2400073206572726F7200202042464152204175
:10C250006464726573733A20307825780020204931
:10C260006D707265636973652064617461206275C5
:10C2700073206572726F72002020496E737472753C
:10C280006374696F6E20627573206572726F7200DD
:10C290002020466C6F6174696E672D706F696E74D3
:10C2A000206C617A79207374617465207072657393
:10C2B0006572766174696F6E206572726F72002AA2
:10C2C0002A2A2A2A205553414745204641554C5495
:10C2D000202A2A2A2A2A0020204469766973696F55
:10C2E0006E206279207A65726F002020556E616C35
:10C2F00069676E6564206D656D6F72792061636337
:10C300006573730020204E6F20636F70726F6365DA
:10C3100073736F7220696E737472756374696F6E74
:10C3200073002020496C6C6567616C206C6F6164E0
:10C33000206F66204558435F52455455524E206940
:10C340006E746F205043002020496C6C6567616CEF
:10C3500020757365206F66207468652045505352C0
:10C36000002020417474656D707420746F206578AE
:10C37000656375746520756E646566696E656420B5
:10C38000696E737472756374696F6E002A2A2A2A43
:10C390002A204D5055204641554C54202A2A2A2AFD
:10C3A0002A002020537461636B696E672065727286
:10C3B0006F722028636F6E74657874206172656196
:10C3C000206D69676874206265206E6F74207661E5
:10C3D0006C696429002020446174612041636365B5
:10C3E00073732056696F6C6174696F6E0020204D05
:10C3F0004D46415220416464726573733A2030782F
:10C400002578002020496E737472756374696F6EAD
:10C41000204163636573732056696F6C6174696F43
:10C420006E00526573657276656420457863657049
:10C4300074696F6E20280053707572696F75732070
:10C44000696E7465727275707420284952512000AB
:10C45000535053454C20696E2074687265616420A6
:10C460006D6F646520646F6573206E6F7420696EF4
:10C4700064696361746520505350002A2A2A2A2A6D
:10C480002048415244204641554C54202A2A2A2A09
:10C490002A002020427573206661756C74206F6ECF
:10C4A00020766563746F72207461626C65207265BA
:10C4B00061640020204465627567206576656E744E
:10C4C0000020204661756C7420657363616C617433
:10C4D000696F6E20287365652062656C6F7729002F
:10C4E000415243485F45584345505420776974682A
:10C4F00020726561736F6E2025780A002A2A2A2A25
:10C500002A204465627567206D6F6E69746F7220B2
:10C51000657863657074696F6E202A2A2A2A2A005A
:10C520002A2A2A2A2A20257320256429202A2A2A11
:10C530002A2A006D7075004661696C656420746F0D
:10C5400020616C6C6F63617465206E6577204D505F
:10C550005520726567696F6E2025750A00506172FB
:10C56000746974696F6E2025753A2073616E697401
:10C570007920636865636B206661696C65642E0071
:10C58000464C4153485F30005352414D5F3000618B
:10C59000626F727428290A00706F7369785F656E24
:10C5A0007600706F7369785F74696D65720070747E
:10C5B00068726561645F72776C6F636B007074683A
:10C5C000726561645F636F6E640070746872656148
:10C5D000645F6B657900707468726561645F6D7526
:10C5E0007465780070746872656164006E65745F6C
:10C5F000627566006E65745F6275665F73696D7003
:10C600006C6500736F630066730000FFFFFFFFFF40
:10C61000FF00000000000000FFFFFFFFFFFF000021
:10C62000000000003031323334353637383961623A
:10C6300063646566004254204C572057510002FB4A
:10C64000349B5F800000800010000000000000624A
:10C65000745F6275660062745F6461746100446156
:10C66000746120627566666572206F766572666CAD
:10C670006F7720286C696E6B207479706520307834
:10C68000253032782900556E61626C6520746F2008
:10C690006C6F6F6B20757020636F6E6E207769749E
:10C6A000682068616E646C6520257500556E616256
:10C6B0006C6520746F206C6F6F6B757020636F6E8C
:10C6C0006E20666F722068616E646C65202575004F
:10C6D0004861726477617265206572726F722C2096
:10C6E000686172647761726520636F64653A2025C2
:10C6F0006400436F756C64206E6F74207375626D97
:10C7000069742072785F776F726B3A2025640055E8
:10C710006E61626C6520746F20616C6C6F63617414
:10C72000652062756666657200556E68616E646C40
:10C730006564206576656E74203078253032782007
:10C740006C656E2025753A202573004E6F2070654C
:10C750006E64696E67207065726970686572616C7D
:10C7600020636F6E6E656374696F6E00556E6578D9
:10C7700070656374656420737461747573203078B8
:10C780002530327820257300546F6F20736D616CF3
:10C790006C2028257520627974657329206576657B
:10C7A0006E742030782530327800496E76616C697D
:10C7B00064204843492041434C207061636B657499
:10C7C0002073697A6520282575290041434C20642F
:10C7D000617461206C656E677468206D69736D614A
:10C7E0007463682028257520213D20257529005572
:10C7F0006E61626C6520746F2066696E6420636F81
:10C800006E6E20666F722068616E646C652025759F
:10C8100000496E76616C69642048434920657665FD
:10C820006E742073697A6520282575290057455351
:10C83000545F544F504449522F7A65706879722F73
:10C840007375627379732F626C7565746F6F74683A
:10C850002F686F73742F6863695F636F72652E63EF
:10C860000062745F6863695F6576745F6765745FB3
:10C87000666C616773286864722D3E657674292042
:10C8800026202831554C203C3C20283129290041C4
:10C890005353455254494F4E204641494C205B2545
:10C8A000735D20402025733A25640A00556E6B6E37
:10C8B0006F776E206275662074797065202575002B
:10C8C000556E68616E646C65642076656E646F7227
:10C8D0002D7370656369666963206576656E742083
:10C8E000307825303278206C656E2025753A202509
:10C8F00073004E6F20636F6D6D616E642073656EA3
:10C900007420666F7220636D6420636F6D706C6558
:10C91000746520307825303478004F70436F64653B
:10C920002030782530347820636F6D706C657465C5
:10C930006420696E7374656164206F662065787029
:10C9400065637465642030782530347800657674CA
:10C95000206E756D5F68616E646C657320283D257F
:10C96000752920746F6F206C6172676520282575AA
:10C97000203E20257529004E6F20636F6E6E656323
:10C9800074696F6E20666F722068616E646C6520DA
:10C990002575007061636B65747320636F756E74C9
:10C9A000206D69736D6174636800756E6B6E6F776F
:10C9B0006E006576745F666C61677320262028318F
:10C9C000554C203C3C202830292900496E76616C6A
:10C9D0006964206275662074797065202575005B36
:10C9E000305D004964656E7469747925733A202559
:10C9F00073004964656E746974795B25645D3A20DF
:10CA00002573004843493A2076657273696F6E203A
:10CA10002573202830782530327829207265766990
:10CA200073696F6E203078253034782C206D616EFC
:10CA3000756661637475726572203078253034785C
:10CA4000004C4D503A2076657273696F6E202573E5
:10CA50002028307825303278292073756276657207
:10CA60002030782530347800556E61626C65207412
:10CA70006F2073656E6420746F20647269766572CE
:10CA800020286572722025642900556E636C6561EB
:10CA90007265642070656E64696E672073656E747C
:10CAA0005F636D6400737563636573730009636F1F
:10CAB0006D6D616E64206F70636F646520307825E2
:10CAC0003034782074696D656F75740A0065727210
:10CAD000203D3D20300009436F6E74726F6C6C65B1
:10CAE0007220756E726573706F6E736976652C2037
:10CAF000636F6D6D616E64206F70636F646520306D
:10CB000078253034782074696D656F757420776985
:10CB10007468206572722025640A006F70636F6408
:10CB200065203078253034782073746174757320F3
:10CB3000307825303278202573004661696C656451
:10CB400020746F207265616420444C45206D6178CB
:10CB50002064617461206C656E0074785F6F63742B
:10CB600065747320657863656564732074686520F7
:10CB700076616C69642072616E676520257500744A
:10CB8000785F74696D65206578636565647320748A
:10CB900068652076616C69642072616E6765202526
:10CBA00075004E6F6E2D4C452063617061626C653F
:10CBB00020636F6E74726F6C6C657220646574654F
:10CBC00063746564210041434C2042522F45445216
:10CBD0002062756666657273206E6F7420696E6977
:10CBE0007469616C697A65640056656E646F722061
:10CBF00048434920657874656E73696F6E73206E63
:10CC00006F7420617661696C61626C6500485720C1
:10CC1000506C6174666F726D3A20257320283078ED
:10CC200025303478290048572056617269616E7446
:10CC30003A20257320283078253034782900466939
:10CC4000726D776172653A2025732028307825301F
:10CC50003278292056657273696F6E2025752E25EE
:10CC600075204275696C64202575004661696C65A4
:10CC70006420746F207265616420737570706F72C8
:10CC80007465642076656E646F7220636F6D6D618C
:10CC90006E6473004661696C656420746F20726510
:10CCA000616420737570706F727465642076656E50
:10CCB000646F7220666561747572657300484349DC
:10CCC00020647269766572206973206E6F742072B9
:10CCD00065616479004254205258205751004843FE
:10CCE0004920647269766572206F70656E20666196
:10CCF000696C65642028256429004E6F2070656E7C
:10CD000064696E6720636F6E6E20666F7220706557
:10CD1000657220257300556E65787065637465646F
:10CD200020484F53545F4E554D5F434F4D504C4537
:10CD30005445445F5041434B4554532C2073746118
:10CD40007475732030782530327820257300312EA9
:10CD5000306200312E3100312E3200322E3000325E
:10CD60002E3100332E3000342E3000342E3100347A
:10CD70002E3200352E3000352E3100352E32003562
:10CD80002E3300352E3400362E30005374616E641D
:10CD900061726420426C7565746F6F746820636F94
:10CDA0006E74726F6C6C65720056656E646F722083
:10CDB000737065636966696320636F6E74726F6C0C
:10CDC0006C6572004669726D77617265206C6F6187
:10CDD0006465720052657363756520696D6167658E
:10CDE000007265736572766564006E5246353178FF
:10CDF000006E5246353278006E5246353378006EFA
:10CE0000524635344878006E524635344C780049E5
:10CE10006E74656C20436F72706F726174696F6EAF
:10CE2000004E6F726469632053656D69636F6E6451
:10CE30007563746F72004E58502053656D69636F4F
:10CE40006E647563746F72730062745F6863695FA8
:10CE5000636F726500636D6420646973616C6C6FED
:10CE6000776564004F6E6C792072616E646F6D201F
:10CE7000737461746963206964656E746974792080
:10CE80006164647265737320737570706F7274651A
:10CE90006400496E76616C696420696E70757420F7
:10CEA000706172616D6574657273004661696C656D
:10CEB0006420746F2072656164207075626C6963B0
:10CEC00020616464726573730052656164205374F9
:10CED0006174696320416464726573736573206370
:10CEE0006F6D6D616E64206E6F7420617661696C28
:10CEF00061626C65004661696C656420746F2072C4
:10CF0000656164207374617469632061646472652F
:10CF100073736573004E6F2073746174696320616D
:10CF200064647265737365732073746F72656420D3
:10CF3000696E20636F6E74726F6C6C657200436112
:10CF40006E27742073657420626F746820494445AD
:10CF50004E544954592026204E52504100556E617E
:10CF6000626C6520746F20736574206964656E74EB
:10CF7000697479206164647265737300556E6162CF
:10CF80006C6520746F207365742072616E646F6DC0
:10CF900020616464726573730062745F6964005435
:10CFA0006F6F206269672061647665727469736966
:10CFB0006E672064617461004661696C6564207409
:10CFC0006F20737461727420616476657274697322
:10CFD0006572004661696C656420746F2073746FBC
:10CFE00070206164766572746973696E673A202592
:10CFF0006400436F6E74726F6C6C65722063616E57
:10D000006E6F7420726573756D6520636F6E6E65EB
:10D01000637461626C6520616476657274697369BA
:10D020006E6720282564290062745F61647600467B
:10D0300061696C656420726561642072656D6F74EE
:10D040006520666561747572657320282564290002
:10D050004661696C6564204C4520536574205048D6
:10D06000592028256429004661696C656420746F25
:10D07000207365742064617461206C656E202825BE
:10D08000642900556E65787065637465642066690F
:10D09000727374204C32434150206672616D65009A
:10D0A000556E6578706563746564204C32434150F9
:10D0B00020636F6E74696E756174696F6E004E6F78
:10D0C0007420656E6F75676820627566666572208C
:10D0D000737061636520666F72204C32434150204B
:10D0E0006461746100556E65787065637465642071
:10D0F00041434C20666C61677320283078253032BC
:10D1000078290041434C206C656E206D69736D6118
:10D1100074636820282575203E2025752900287510
:10D120006E6B6E6F776E29006E6F207472616E7316
:10D130006974696F6E20257300496E76616C69644D
:10D140002028257529206F6C642073746174650034
:10D15000636F6E6E202570206661696C6564207453
:10D160006F2065737461626C6973682E205246206B
:10D170006E6F6973653F006E6F2076616C69642025
:10D180002825752920737461746520776173207375
:10D19000657400696E636F6D70617469626C65209F
:10D1A00068616E646C6520257500556E61626C6502
:10D1B00020746F20616C6C6F6361746520627566AA
:10D1C0006665722077697468696E2074696D656F31
:10D1D000757400636F6E6E2025703A206E6F742038
:10D1E000636F6E6E656374656400466174616C2084
:10D1F0006572726F7220282564292E20446973633A
:10D200006F6E6E656374696E6720257000466F757A
:10D210006E642076616C696420636F6E6E65637402
:10D22000696F6E20282570292077697468206164F1
:10D23000647265737320257320696E2025732073D3
:10D2400074617465200053656E64204C45207061E4
:10D2500072616D20757064617465206661696C65CA
:10D26000642028657272202564290053656E64204D
:10D270006175746F204C4520706172616D2075700E
:10D2800064617465206661696C65642028657272EA
:10D290002025642900646973636F6E6E656374652D
:10D2A0006400646973636F6E6E6563742D636F6D84
:10D2B000706C657465007363616E2D6265666F7274
:10D2C000652D696E6974696174696E6700696E695C
:10D2D00074696174696E672D66696C7465722D6C12
:10D2E000697374006164762D636F6E6E656374613B
:10D2F000626C65006164762D6469722D636F6E6E79
:10D3000065637461626C6500646973636F6E6E65FA
:10D310006374696E670062745F636F6E6E00556E52
:10D3200061626C6520746F20616C6C6F6361746501
:10D330002062756666657220666F72206F7020309D
:10D340007825303278004E6F20617661696C6162B9
:10D350006C65204C3243415020636F6E7465787465
:10D3600020666F7220636F6E6E20257000457870A6
:10D37000656374696E6720757020746F2025642062
:10D38000726566732C20676F7420256400616C726F
:10D390006561647920686176652076696577206FBC
:10D3A0006E202570004C32434150206C656E6774CE
:10D3B00068206D69736D617463682028257520216C
:10D3C0003D2025752900496E76616C696420696489
:10D3D000656E742076616C756520696E204C3243F1
:10D3E00041502050445500546F6F20736D616C6C38
:10D3F000204C4520636F6E6E20706172616D2072EB
:10D4000073700052656A656374696E6720756E6B30
:10D410006E6F776E204C324341502050445520634C
:10D420006F64652030782530327800546F6F207338
:10D430006D616C6C204C32434150207369676E61A2
:10D440006C696E672050445500546F6F20736D6196
:10D450006C6C204C3243415020504455207265631F
:10D4600065697665640049676E6F72696E672064EE
:10D4700061746120666F7220756E6B6E6F776E20BF
:10D480006368616E6E656C204944203078253034C5
:10D490007800636F6E6669670062745F6C32636107
:10D4A00070004E6F20617661696C61626C6520412D
:10D4B000545420636F6E7465787420666F722063B5
:10D4C0006F6E6E202570004E6F20617661696C6111
:10D4D000626C6520415454206368616E6E656C20F7
:10D4E000666F7220636F6E6E202570004154542069
:10D4F0004D54552065786365656465642C206D61C5
:10D50000782025752C2077616E74656420257A75E6
:10D5100000556E61626C6520746F20637265617482
:10D520006520555549443A2073697A652025750070
:10D53000556E61626C6520746F20637265617465FD
:10D5400020555549443A2073697A65202564004185
:10D550005454206368616E6E656C206E6F74206336
:10D560006F6E6E6563746564004572726F722073CE
:10D5700069676E696E6720646174610052616E2034
:10D580006F7574206F6620545820627566666572E8
:10D5900073206F7220636F6E74657874732E00470A
:10D5A0006F74206572722025642C206E6F74206366
:10D5B000616C6C696E672041545420636200546F43
:10D5C0006F20736D616C6C20415454205044552081
:10D5D000726563656976656400556E68616E646C3A
:10D5E00065642041545420636F6465203078253091
:10D5F000327800496E76616C6964206C656E202516
:10D600007520666F7220636F646520307825303234
:10D6100078004E6F7420636F6E6E6563746564008E
:10D62000556E61626C6520746F2066696E6420417E
:10D630005454206368616E6E656C004E6F204154D7
:10D6400054206368616E6E656C20666F72204D5465
:10D650005520257A75004E6F2070656E64696E677F
:10D66000204154542072657175657374004154549F
:10D670002054696D656F757420666F7220646576DD
:10D680006963652025732E20446973636F6E6E6530
:10D690006374696E672E2E2E00446973636F6E6E1D
:10D6A000656374696E67206661696C6564202865CE
:10D6B0007272202564290062745F61747400756E53
:10D6C00061626C6520746F20736176652053433A04
:10D6D000206E6F20636667206C656674004E6F2055
:10D6E000737061636520746F2073746F726520437B
:10D6F00043432063666700434D4143207570646176
:10D700007465206661696C6564004E6F207370619A
:10D71000636520746F2073746F726520436C696554
:10D720006E7420537570706F727465642046656105
:10D73000747572657300434D414320736574757051
:10D74000206661696C656400434D41432066696EE3
:10D75000697368206661696C6564004C696E6B2052
:10D760006973206E6F7420656E637279707465647E
:10D7700000446576696365206973206E6F74207359
:10D7800075627363726962656420746F2063686197
:10D790007261637465726973746963004E6F2062AD
:10D7A000756666657220617661696C61626C652080
:10D7B000746F2073656E6420696E64696361746957
:10D7C0006F6E00434343202570206E6F7420777284
:10D7D000697461626C6500534320726573746F7283
:10D7E0006520696E6469636174696F6E2066616942
:10D7F0006C6564004E6F20627566666572206176A6
:10D8000061696C61626C6520746F2073656E642061
:10D810006E6F74696669636174696F6E0062742FFC
:10D820006363630062745F67617474004E6F2061AC
:10D830007661696C61626C6520534D5020636F6E38
:10D840007465787420666F7220636F6E6E20257029
:10D850000062745F736D700053656C65637465641A
:10D8600020414443206761696E206973206E6F74A4
:10D870002076616C69640053656C6563746564202F
:10D88000414443207265666572656E636520697305
:10D89000206E6F742076616C69640053656C6563FB
:10D8A00074656420414443206163717569736974D0
:10D8B000696F6E2074696D65206973206E6F7420C6
:10D8C00076616C696400496E76616C696420736589
:10D8D0006C656374696F6E206F66206368616E6E3D
:10D8E000656C73004368616E6E656C202575206EF3
:10D8F0006F7420636F6E666967757265640041447A
:10D9000043207265736F6C7574696F6E2076616CFD
:10D910007565202564206973206E6F742076616CB4
:10D920006964004F76657273616D706C696E672013
:10D93000697320737570706F7274656420666F729E
:10D940002073696E676C65206368616E6E656C201C
:10D950006F6E6C79004F76657273616D706C696E75
:10D96000672076616C7565202564206973206E6F71
:10D97000742076616C69640050726F7669646564C6
:10D980002062756666657220697320746F6F2073FC
:10D990006D616C6C202825752F25752900616463E5
:10D9A000403430303037303030006164635F6E7245
:10D9B00066785F736161646300636C6F636B4034AE
:10D9C00030303030303030006866636C6B006C662D
:10D9D000636C6B00636C6F636B5F636F6E74726F0D
:10D9E0006C00727463403430303234303030006355
:10D9F0006F756E7465725F7274632E3000636F753D
:10DA00006E7465725F7274630072616E646F6D40F4
:10DA1000343030306430303000656E74726F70793D
:10DA20005F62745F686369006770696F40353030AA
:10DA30003030303030006932630069326340343056
:10DA4000303033303030006932635F6E7266785F39
:10DA5000747769004661696C656420746F20696E33
:10DA6000697469616C697A65206465766963653A91
:10DA700020257300756E737570706F727465642005
:10DA800073706565640031302D62697420493243DA
:10DA900020416464722064657669636573206E6FEB
:10DAA0007420737570706F727465640053504920F0
:10DAB000646576696365202573206E6F74207265D6
:10DAC0006164790025733A20696E76616C6964201F
:10DAD0006368616E6E656C20746F20636F6C6F722B
:10DAE000206D617070696E672E436865636B20748A
:10DAF000686520636F6C6F722D6D617070696E6701
:10DB00002044542070726F7065727479007773329C
:10DB10003831324030007773323831325F73706998
:10DB20000002010300010203040506074661696C57
:10DB3000656420746F20616C6C6F63617465205044
:10DB40005049204368616E6E656C00756172744067
:10DB5000343030303230303000756172745F6E7244
:10DB600066785F7561727465004661696C656420F2
:10DB7000746F20616C6C6F63617465204750494F0E
:10DB80005445206368616E6E656C20666F72205725
:10DB9000414B45004661696C656420746F20636F7A
:10DBA0006E6669677572652057414B452070696ED6
:10DBB000004353204750494F20706F7274202573E3
:10DBC0002070696E202564206973206E6F74207246
:10DBD000656164790055706461746520657863657A
:10DBE0006564732063757272656E74206275666613
:10DBF00065720048616C662D6475706C6578206E86
:10DC00006F7420737570706F7274656400536C610B
:10DC10007665206D6F6465206973206E6F74207364
:10DC20007570706F72746564206F6E202573004C80
:10DC30006F6F706261636B206D6F64652069732024
:10DC40006E6F7420737570706F7274656400576FB7
:10DC500072642073697A6573206F746865722074CA
:10DC600068616E2038206269747320617265206E6D
:10DC70006F7420737570706F72746564004672659E
:10DC80007175656E63696573206C6F77657220745A
:10DC900068616E20313235206B487A2061726520D0
:10DCA0006E6F7420737570706F7274656400466176
:10DCB000696C656420746F20696E697469616C6950
:10DCC0007A65206E726678206472697665723A2091
:10DCD000253038780057616974696E6720666F7205
:10DCE0002057414B452061636B6E6F776C656467AD
:10DCF0006D656E742074696D6564206F7574005471
:10DD0000696D656F75742077616974696E672066E7
:10DD10006F72207472616E7366657220636F6D70CE
:10DD20006C65746500737069403430303034303065
:10DD300030007370695F6E7266785F737069004659
:10DD400061696C656420746F20616C6C6F636174D1
:10DD50006520505049206368616E6E656C004661B5
:10DD6000696C656420746F20616C6C6F63617465AD
:10DD7000204750494F5445206368616E6E656C00C2
:10DD80005472616E73616374696F6E2061626F7249
:10DD90007465642073696E636520697420776F759C
:10DDA0006C642074726967676572206E5246353202
:10DDB0003833322050414E2035380073706940347A
:10DDC00030303233303030007370695F6E72667895
:10DDD0005F7370696D00536F66744465766963653F
:10DDE00020436F6E74726F6C6C65722041535345A3
:10DDF00052543A2025732C20256400536F667444D6
:10DE0000657669636520436F6E74726F6C6C6572C2
:10DE1000206275696C64207265766973696F6E3A09
:10DE20002000456E74726F707920736F7572636530
:10DE300020646576696365206E6F74207265616425
:10DE400079004661696C656420746F20726567694A
:10DE5000737465722072616E6420736F757263658E
:10DE6000202825642900416C6C6F6361746564200F
:10DE70006D656D6F727920746F6F206C6F773A20CB
:10DE80002575203C202575004576656E74206275E9
:10DE90006666657220746F6F20736D616C6C2E20E6
:10DEA0002575203E202575004E6F206576656E74C1
:10DEB0002062756666657220617661696C61626C6C
:10DEC00065004E6F206461746120627566666572DC
:10DED00020617661696C61626C6500556E65787071
:10DEE0006563746564206D73675F747970653A204B
:10DEF00025752E20546869732069662D656C7365DD
:10DF0000206E656564732061206E657720627261A2
:10DF10006E63680062745F6863695F736463006264
:10DF2000745F7364635F6863695F64726976657266
:10DF30000062745F7364635F63727970746F007002
:10DF400075626C6963206B6579206973206E6F74EC
:10DF50002076616C6964202865727220256429002E
:10DF6000556E6B6E6F776E20636F6D6D616E6400C2
:10DF70003F49F6D4A3C55F3874C9B3E3D2103F500C
:10DF80004AFF607BEB40B7995899B8A6CD3C1ABDC3
:10DF900062745F7364635F65636468004D50534CE3
:10DFA000204153534552543A2025732C20256400B8
:10DFB0004D50534C20576F726B006D70736C5F69DE
:10DFC0006E69740000000000010000000101000003
:10DFD000010101010000000000010101015465720E
:10DFE0006D696E616C000000000000005454522006
:10DFF0005245474745530048616C74696E6720730A
:10E00000797374656D00556E6B6E6F776E206572F7
:10E01000726F72003E3E3E205A455048595220468B
:10E020004154414C204552524F522025643A2025FC
:10E0300073206F6E20435055202564004661756C37
:10E040007420647572696E6720696E74657272758A
:10E0500070742068616E646C696E670A0043757243
:10E0600072656E74207468726561643A2025702050
:10E0700028257329004350552065786365707469BD
:10E080006F6E00556E68616E646C656420696E74B5
:10E0900065727275707400537461636B206F76657E
:10E0A00072666C6F77004B65726E656C206F6F7077
:10E0B00073004B65726E656C2070616E69630069F8
:10E0C000646C65006D61696E006F730073797377BE
:10E0D0006F726B710079A310BEE680B7E9A3BACC6A
:10E0E000A9FC08661290CF45A900FFFFFFFF1F00A3
:10E0F000647261676F6F6E2F6C6962732F736368F0
:10E100006564756C696E672F7372632F72656D5FDE
:10E1100068616C5F6576656E745F74696D65722E9B
:10E1200063000020202020202020202028282828CC
:10E1300028202020202020202020202020202020D7
:10E140002020208810101010101010101010101027
:10E150001010100404040404040404040410101037
:10E1600010101010414141414141010101010101E3
:10E170000101010101010101010101010101101071
:10E1800010101010424242424242020202020202B7
:10E190000202020202020202020202020202101043
:10E1A000101020000000000000000000000000002F
:10E1B000000000000000000000000000000000005F
:10E1C000000000000000000000000000000000004F
:10E1D000000000000000000000000000000000003F
:10E1E000000000000000000000000000000000002F
:10E1F000000000000000000000000000000000001F
:10E20000000000000000000000000000000000000E
:10E2100000000000000000000000000000000000FE
:10E22000000000232D302B2000686C4C00656667D1
:10E2300045464700494E46004E414E006E616E0015
:10E24000303132333435363738394142434445462C
:10E2500000303132333435363738396162636465C2
:10E2600066002C2066756E6374696F6E3A200061DB
:10E270007373657274696F6E202225732220666144
:10E28000696C65643A2066696C6520222573222CCE
:10E29000206C696E65202564257325730A00496E1C
:10E2A00066696E697479004E614E005245454E5460
:10E2B000206D616C6C6F6320737563636565646565
:10E2C00064002F5F5F772F5F74656D702F776F72BB
:10E2D0006B73706163652F6275696C642F2E627554
:10E2E000696C642F484F53542D7838365F36342D7F
:10E2F0007736342D6D696E677733322F61726D2DED
:10E300007A65706879722D656162692F7372632F07
:10E310006E65776C69622D6E616E6F2F6E65776CBE
:10E3200069622F6C6962632F7374646C69622F6415
:10E33000746F612E630042616C6C6F632073756350
:10E34000636565646564002F5F5F772F5F74656D3B
:10E35000702F776F726B73706163652F6275696C74
:10E36000642F2E6275696C642F484F53542D783892
:10E37000365F36342D7736342D6D696E67773332DC
:10E380002F61726D2D7A65706879722D6561626991
:10E390002F7372632F6E65776C69622D6E616E6F7D
:10E3A0002F6E65776C69622F6C6962632F7374647A
:10E3B0006C69622F6D707265632E6300412D46613A
:10E3C0002D66383930313233343536375D002B2DF8
:0CE3D00000785800504F534958000000DE
:10E3E400FFFFFFFFFF1F00001F00000000000000F0
:10E3F4005D40000000000000FFFFFFFF1FFF000062
:10E40400BAABBABA1010101000000000008000402F
:10E4140000000000000000000C00000000000000EC
:10E4240000FF7F000000000000000000000000006A
:10E43400FD3000000000000015DA000000000000BC
:10E44400F3D90000000000001531000000000000B6
:10E4540035DA0000000000000000000000000000A9
:10E4640000000000000000000000000000000000A8
:10E474000000000000000000000000000000000098
:10E484000000000000000000000000000000000088
:10E494000000000000000000000000000000000078
:10E4A4000000000000000000000000000000000068
:10E4B4000000000000000000000000000000000058
:10E4C4000000000000000000000000000000000048
:10E4D4000000000000000000000000000000000038
:10E4E4000000000000000000000000000000000028
:10E4F4000000000000000000000000000000000018
:10E504000000000000000000000000000000000007
:10E5140000000000000000000000000000000000F7
:10E5240000000000000000000000000000000000E7
:10E5340000000000000000000000000000000000D7
:10E5440000000000000000000000000000000000C7
:10E5540000000000000000000000000000000000B7
:10E5640000000000000000000000000000000000A7
:10E574000000000000000000000000000000000097
:10E584000000000000000000000000000000000087
:10E594000000000000000000000000000000000077
:10E5A4000000000000000000000000000000000067
:10E5B4000000000000000000000000000000000057
:10E5C4000000000000000000000000000000000047
:10E5D4000000000000000000000000000000000037
:10E5E4000000000000000000000000000000000027
:10E5F4000000000000000000000000000000000017
:10E604000000000000000000000000000000000006
:10E6140000000000000000000000000000000000F6
:10E6240000000000000000000000000000000000E6
:10E6340000000000000000000000000000000000D6
:10E6440000000000000000000000000000000000C6
:10E6540000000000000000000000000000000000B6
:10E664004407002063F3000069F300006BF300002B
:10E6740095F300006FF300009FF3000075F30000B2
:10E68400ABF300007BF30000B1F300007DF3000066
:10E694008BF300008FF3000081F3000087F3000088
:10E6A4009BF30000A5F30000000000000000000040
:10E6B4000000000000000000000000000000000056
:10E6C4000000000000000000000000000000000046
:10E6D4000000000000000000000000000000000036
:10E6E4000000000000000000000000000000000026
:10E6F4000000000000000000000000000000000016
:10E704000000000000000000000000000000000005
:10E7140000000000000000000000000000000000F5
:10E7240000000000000000000000000000000000E5
:10E7340000000000000000000000000000000000D5
:10E7440000000000000000000000000000000000C5
:10E7540000000000000000000000000000000000B5
:10E7640000000000000000000000000000000000A5
:10E774003D6E0100000000000000000000000000E9
:10E784000000000000000000000000000000000085
:10E794000000000000000000000000000000000075
:10E7A4000000000000000000000000000000000065
:10E7B4000000000000000000000000000000000055
:10E7C4000000000000000000000000000000000045
:10E7D4000000000000000000000000000000000035
:10E7E4000000000000000000000000000000000025
:10E7F4000000000000000000000000000000000015
:10E804000000000000000000000000000000000004
:10E8140000000000A0A202000000000000000000B0
:10E824000000000000000000D116020000000000FB
:10E834000000000000000000180900201809002052
:10E84400937B0200000000000000000000000000B4
:10E8540000000000000000003809002038090020F2
:10E8640000000000010000004809002048090020C1
:10E8740050090020500900200000000001000000A1
:10E884006009002060090020000000000000000072
:10E894000000000000000000000000000000000074
:10E8A4000000000000000000000000000000000064
:10E8B4000000000000000000000000000000000054
:10E8C4000000000000000000D91100200000080032
:10E8D400EA11002000000800000000000000000011
:10E8E4000000000000000000000000000000000024
:10E8F400891A01000000000000000000FB11002044
:10E9040000001A00000000000000000000000000E9
:10E91400000000000000000000000000691A01006F
:10E9240000000000000000002E1200200000120071
:10E9340000000000000000000000000000000000D3
:10E944000000000000000000791A0100000000002F
:10E95400000000001D120020000012000000000052
:10E9640000000000000000000000000000000000A3
:10E9740000000000591A010000000000000000001F
:10E984003F12002000001200ECA10200BD51020061
:10E9940000000000FCAA0200010000007C0A002024
:10E9A4007C0A002000000000000000000E000000AF
:10E9B400900A0020900A00200000000000000000DF
:10E9C40000000000FCAA020001000000AC0A0020C4
:10E9D400AC0A002000000000000000000E0000004F
:10E9E400C00A0020C00A002000000000000000004F
:10E9F40000000000FCAA020001000000DC0A002064
:10EA0400DC0A002000000000000000000E000000EE
:10EA1400F00A0020F00A00200000000000000000BE
:10EA240000000000000000000000000000000000E2
:10EA340000000000000000000000000000000000D2
:10EA440000000000000000000000000000000000C2
:10EA540000000000000000000000000000000000B2
:10EA640000000000000000000000000000000000A2
:10EA74000000000000000000000000000000000092
:10EA84000000000000000000000000000000000082
:10EA94000000000000000000000000000000000072
:10EAA4000000000000000000000000000000000062
:10EAB4000000000000000000000000000000000052
:10EAC4000000000000000000000000000000000042
:10EAD4000000000000000000000000000000000032
:10EAE4000000000000000000000000000000000022
:10EAF4000000000000000000000000000000000012
:10EB04000000000000000000000000000000000001
:10EB140000000000000000000000000000000000F1
:10EB240000000000000000000000000000000000E1
:10EB340000000000000000000000000000000000D1
:10EB440000000000000000000000000000000000C1
:10EB540000000000000000000000000000000000B1
:10EB640000000000000000000000000000000000A1
:10EB74000000000000000000000000000000000091
:10EB84000000000000000000000000000000000081
:10EB94000000000000000000000000000000000071
:10EBA4000000000000000000000000000000000061
:10EBB4000000000000000000000000000000000051
:10EBC4000000000000000000000000000000000041
:10EBD4000000000000000000000000000000000031
:10EBE4000000000000000000000000000000000021
:10EBF4000000000000000000000000000000000011
:10EC04000000000000000000000000000000000000
:10EC140000000000000000000000000000000000F0
:10EC240000000000000000000000000000000000E0
:10EC340000000000000000000000000000000000D0
:10EC440000000000000000000000000000000000C0
:10EC540000000000000000000000000000000000B0
:10EC640000000000000000000000000000000000A0
:10EC74000000000000000000000000000000000090
:10EC84000000000000000000000000000000000080
:10EC9400C559020084AB0200000000006D6102004F
:10ECA400800D0020800D0020880D0020880D00209C
:10ECB400900D0020900D002000000000A1660200CD
:10ECC400000000000000000000000000015D0100E1
:10ECD4000000000000000000000000005584010056
:10ECE4000000000000000000000000003D7E010064
:10ECF4000000000000000000D80D0020D80D002006
:10ED040000000000000000009D8F0100A59E01008E
:10ED1400000000000000000000000000499601000F
:10ED240075720200A1710200918F010000000000C1
:10ED3400C4B3020000000200D0B3020000000A00C5
:10ED4400E0B302000000200000000000000000000A
:10ED540000000000000000000000000000000000AF
:10ED640000000000FB76020000000000F4B3020083
:10ED74000000020000B40200000002000CB4020013
:10ED84000000020000000000680E0020680E002051
:10ED94000100000001000000780E0020780E002021
:10EDA400800E0020800E0020000000000100000002
:10EDB400900E0020900E00200000000000000000D3
:10EDC4000000000038B1020000000000AC0E00207A
:10EDD400AC0E00200000000001000000BC0E00206A
:10EDE400BC0E0020C40E0020C40E00200000000051
:10EDF40001000000D40E0020D40E0020000000000A
:10EE040000000000000000000000000000000000FE
:10EE140000000000000000000000000000000000EE
:10EE240078A20200000000000000000000000000C2
:10EE340000000000B0B10200010000001C0F00201F
:10EE44001C0F002000000000010000002C0F002017
:10EE54002C0F0020340F0020340F0020000000008D
:10EE640001000000440F0020440F002000000000B7
:10EE7400000000000000000000000000000000008E
:10EE8400000000000000000000000000000000007E
:10EE94008CA2020000000000000000008579002020
:10EEA4007D79002000000000000000000000000048
:10EEB400000000000000000000000000000000004E
:10EEC400000000000000000000000000000000003E
:10EED400000000000000000000000000000000002E
:10EEE400000000000000000000000000000000001E
:10EEF400000000000000000008000000FF00000007
:10EF0400000000000100000000000000FFFF0100FD
:10EF1400F00F0020F00F0020FC0F00200000000084
:10EF240064B3020044B3020024B3020000000000F2
:10EF340000000000000000000000000000000000CD
:10EF440000000000000000000000000000000000BD
:10EF540000000000000000000000000000000000AD
:10EF6400000000000000000000000000000000009D
:10EF7400000000000000000000000000430000004A
:10EF8400000000000000000000000000000000007D
:10EF9400000000000000000000000000430000002A
:10EFA400000000000000000000000000000000005D
:10EFB400000000000000000000000000430000000A
:10EFC400000000000000000000000000000000003D
:10EFD40000000000000000000000000043000000EA
:10EFE400000000000000000000000000000000001D
:10EFF40000000000000000000000000043000000CA
:10F0040000000000000000000000000000000000FC
:10F0140000000000000000000000000043000000A9
:10F0240000000000000000000000000000000000DC
:10F034000000000000000000000000004300000089
:10F0440000000000000000000000000000000000BC
:10F05400000000000000000000000000C5A0020045
:10F0640091A002000000000022E1020097D60200F5
:10F07400D3BE0200D3BE0200D3BE0200D3BE020040
:10F08400D3BE0200D3BE0200D3BE0200D3BE020030
:10F09400D3BE0200FFFFFFFFFFFFFFFFFFFFFFFFE5
:10F0A400FFFF0000010041534349490000000000F4
:10F0B400000000000000000000000000000000004C
:10F0C40000000000000041534349490000000000D3
:10F0D400000000000000000000000000000000002C
:10F0E4000000000000000000ACDFD2004BD669AC89
:10F0F400974294263E249EF60602F3DEBC9A785686
:10F104003412341278563412561202F2DEBC9A7853
:10F11400563412341278563412561202F1DEBC9A66
:10F1240078563412341278563412561202F0DEBC79
:10F134009A7856341234127856341256120298655C
:10F1440012A1D803B39342F161439621F50A02D286
:10F15400F8675ACE5A6486FE43F67A9067F66602DA
:10F16400B75CB47BB8275AA120444B9CD44A954C35
:10F1740002ACDFD2004BD669AC974294263E249E63
:10F18400F6FF000000000000000000000000000086
:0AF194000000000000000000000071
:10F1A000000000000000000000000000000000005F
:10F1B000000000000000000000000000000000004F
:10F1C000000000000000000000000000000000003F
:10F1D000000000000000000000000000000000002F
:10F1E00000000000C0120020C012002054F70020D0
:10F1F00000000000010000002C00000000000000E2
:10F20000DC120020DC12002000BB00200000000007
:10F2100001000000B000000000000000F812002013
:10F22000F812002080F70020000000000A00000013
:10F23000100000000000000000000000B0BB002033
:10F240000010000000000000000000002813002053
:10F250002813002000000000000000000E00000045
:10F260003C1300203C1300200000000000000000C0
:10F270000E0000005013002050130020000000007A
:10F28000000000000E000000641300206413002042
:10F2900000000000000000000E00000078130020B5
:10F2A0007813002000000000000000000E000000A5
:10F2B0008C1300208C1300200000000000000000D0
:10F2C0000E000000A0130020A0130020100000007A
:10F2D00028000000B0CB002030CE0020B0CB0020B2
:10F2E000B0CB002000000000C4130020C413002095
:10F2F00000000000D0130020D013002010000000F8
:10F300002800000070CF0020F0D1002070CF002036
:10F3100070CF002000000000F4130020F413002040
:10F320000000000000140020001400201000000065
:10F330001400000030CE002070CF002030CE00201E
:10F3400030CE0020000000002414002024140020EF
:10F3500000000000301400203014002000000000E5
:10F360000100000040140020401400204814002038
:10F370004814002000000000FFFFFFFF5814002089
:10F380005814002000000000000000006814002055
:10F390006814002070140020701400200000000089
:10F3A0000000000080140020801400208814002039
:10F3B000881400200A000A0010000000000000006D
:10F3C0001CAD020020EA0020000000000000000048
:10F3D000AC140020AC140020B4140020B41400209D
:10F3E0000A000A001000000039950100C4AD0200B7
:10F3F000C4F500200000000000000000D814002028
:10F40000D8140020E0140020E014002003000300C2
:10F41000010000000000000000AC0200BCDD002084
:10F42000000000000000000004150020041500206A
:10F430000C1500200C150020010001001000000038
:10F44000ED7C01000CAD0200F8DF002000000000A0
:10F450000000000030150020301500203815002075
:10F46000381500200200020001000000000000002A
:10F47000D8AC0200C0DF0020000000000000000047
:10F480005C1500205C150020641500206415002028
:10F490000A000A000600000000000000F0AB0200B5
:10F4A000F0DB0020000000000000000088150020B4
:10F4B0008815002090150020901500200100010003
:10F4C000010000000000000010AC020014DF00206A
:04F4D00015E015E04E
:00000001FF
