:1000000000AE00207D480100755E020069480100D5
:1000100069480100694801006948010000000000CA
:10002000000000000000000000000000794A01000C
:1000300069480100000000000D4A01006948010004
:100040006D4D0100598502006D4D01006D4D01009F
:100050006D4D01006D4D01006D4D01006D4D0100B4
:100060000F8502006D4D01006D4D010043850200BA
:100070006D4D01006D4D01006D4D01006D4D010094
:100080006D4D01006D4D01006D4D01006D4D010084
:100090006D4D01006D4D01006D4D01006D4D010074
:1000A0006D4D01006D4D01006D4D01006D4D010064
:1000B0006D4D01006D4D01006D4D01006D4D010054
:1000C0006D4D01006D4D01006D4D01006D4D010044
:0C00D000651F01006D4D01006D4D010029
:1000E00001F0FF01102A2BDB10F0070F08D010F8E9
:1000F000013B013A8B422DD010F0070F42B3F6D1ED
:10010000F0B441EA012141EA014122F007047FF005
:1001100000070023F0E80256083C85EA010586EA5C
:10012000010685FA47F5A3FA87F586FA47F6A5FA98
:1001300087F68EB9EED1F0BC01F0FF0102F00702A4
:1001400032B110F8013B013A83EA010313B1F8D14F
:100150000020704701387047002D06BF3546033830
:10016000073815F0010F07D1013015F4807F02BF69
:10017000013015F4C03F0130F0BC0138704700BFBA
:100180002DE9F00791E8F807B2E802105B1854EB8C
:100190000C04B2E802104D4156EB0C06B2E8021016
:1001A0004F4158EB0C08B2E8021059EB01095AEB29
:1001B0000C0A80E8F80780410130BDE8F00770477D
:1001C0002DE9F00791E8F807B2E802105B1A74EB2A
:1001D0000C04B2E802108D4176EB0C06B2E8021076
:1001E0008F4178EB0C08B2E8021079EB01097AEB49
:1001F0000C0A80E8F80780414042BDE8F0077047EC
:100200002DE9F007524290E87800B1E880071740E6
:10021000DB1918EA020854EB080419EA020955EB45
:1002200009051AEA020A56EB0A0678C090E8780037
:10023000B1E8800717407B4118EA020854EB080434
:1002400019EA020955EB09051AEA020A56EB0A06F1
:1002500078C080410130BDE8F00770472DE9F00714
:10026000524290E87800B1E880071740DB1B18EA9B
:10027000020874EB080419EA020975EB09051AEA89
:10028000020A76EB0A0678C090E87800B1E88007A9
:100290001740BB4118EA020874EB080419EA020986
:1002A00075EB09051AEA020A76EB0A0678C0804166
:1002B0004042BDE8F00770472DE9F00152424FF08F
:1002C000040890E8300091E8C000A31B1340E41A32
:1002D000F618EB1B1340ED1AFF1830C0C0C1B8F17F
:1002E0000108EED1BDE8F001704700BF00B592EC07
:1002F000080AB1E8805707EE101A53EC102A56ECA2
:10030000114AA7FB0251A8FB020BE7FB6310E9FBB4
:1003100062B041EC145AA8FB0351EAFB6201E7FB0F
:1003200064B5E7FB6605E8FB661505EE10BAA9FBA8
:1003300003B6EAFB6316ECFB6356E8FB640BE9FBD0
:10034000641BEAFB645BECFB646B05EE900AACFBA0
:10035000023012EE104AEEFB6250E9FB6460EAFBE9
:1003600064B0E7FB6431E8FB645112EE904AE8FBAD
:100370006461E9FB64B1EAFB640106EE103AA7FB95
:10038000043213EE104AE7FB6462E8FB64B2E9FB57
:100390006402EAFB641211EE904AE9FB6453EAFB43
:1003A000646313EE904AE7FB64B3E8FB6403E9FB84
:1003B0006413EAFB642306EE905A17EE109A99E84C
:1003C000000610EE108AA9FB0854EAFB68B412EE8E
:1003D000108AECFB6804EEFB6814E9FB6824EAFB76
:1003E000683410EE908AEEFB6865E9FB68B5EAFBBD
:1003F000680512EE908AECFB6815EEFB6825E9FBB8
:100400006835EAFB684507EE106A11EE108AAEFB0C
:100410000876E9FB6806EAFB681613EE108AECFB27
:100420006826EEFB6836E9FB6846EAFB685611EE83
:10043000908AECFB68B7EEFB6807E9FB6817EAFBFC
:10044000682713EE908AECFB6837EEFB6847E9FB00
:100450006857EAFB686700BD2DE9F04F07EE900A88
:10046000FFF744FF17EE908A07EE90BAA8EC084A0F
:1004700088E8FF00BDE8F08F00B591E89857A3FB2E
:100480000352A3FB0401E3FB6420E3FB671042EC8F
:10049000145AA3FB0752E3FB6802E4FB6415E3FB79
:1004A0006805E3FB6925A4FB07B6E3FB6926E3FBCC
:1004B0006A56E4FB670BE4FB682BE3FB6A5BE3FB38
:1004C0006C6B40EC151AA4FB0810E4FB6950E3FBCD
:1004D0006C60E3FB6EB0E7FB6721E4FB6951E4FB72
:1004E0006A61E3FB6EB1E4FB6E0106EE102AA7FB26
:1004F0000832E4FB6A62E4FB6CB2E4FB6E02E7FBE9
:100500006E12E7FB6853E7FB6963E4FB6CB3E7FB40
:100510006C03E7FB6E13E8FB6E2306EE905AA7FB15
:100520000954E7FB6AB4E7FB6C04E8FB6C14E8FBD6
:100530006E24E9FB6E34E8FB6865E7FB6AB5E8FB0F
:100540006A05E8FB6C15E9FB6C25E9FB6E35EAFBF7
:100550006E4507EE106AA8FB0976E8FB6A06E9FB20
:100560006A16E9FB6C26EAFB6C36EAFB6E46ECFB8E
:100570006E56E8FB69B7E9FB6907E9FB6A17EAFB16
:100580006A27EAFB6C37ECFB6C47ECFB6E57EEFB23
:100590006E6700BD2DE9F04F07EE900AFFF76CFF84
:1005A00017EE908A07EE90BAA8EC084A88E8FF0098
:1005B000BDE8F08F30B44FF0000310F8014B11F894
:1005C000015B013A84EA050443EA0403F5D1A3F18F
:1005D00001034FEAD37030BC704700BF4FF00003F7
:1005E00010F8012B013943EA0203F9D1A3F1010309
:1005F0004FEAD370704700BF30B411F8014B12F8C6
:10060000015B6C4000F8014B013BF6D130BC7047F8
:100610002DE9F00791E8F807B2E802105B1854EBF7
:100620000C04B2E802104D4156EB0C06B2E8021081
:100630004F4158EB0C08B2E8021059EB01095AEB94
:100640000C0A8941B3F1FF3374F1FF3475F1FF35C2
:1006500076F1000677F1000778F1000879F10109D9
:100660007AF1FF3A51F100015B184C414D4156F1CE
:10067000000657F1000758F1000859EBD1795AEB01
:10068000010A80E8F807BDE8F00770472DE9F00798
:1006900091E8F807B2E802105B1A74EB0C04B2E8B8
:1006A00002108D4176EB0C06B2E802108F4178EB18
:1006B0000C08B2E8021079EB01097AEB0C0A8941C7
:1006C0005B184C414D4156F1000657F1000758F1B7
:1006D000000859EBD1795AEB010A80E8F807BDE828
:1006E000F007704718EB040859EB05095AEB060AA6
:1006F0005BEB070B5FF0000C4CF1000C18EB0508EE
:1007000059EB06095AEB070A5BEB070B50EB0C00A1
:100710005FF0000C51EB0C0152EB0C0263414CF109
:10072000000CB8EB070879F100097AF1000A7BEBBD
:10073000040BA841B141A241B3416CF1000CBBEBE9
:10074000050BB041B941AA41BB416CF1000C4CF022
:1007500001068CF0020718EB060859EB6C095AEBFE
:100760006C0A7BEB6C0B70EB6C0471EB6C0572EB41
:10077000670653EB6C076CEB6C0C18EB0C0059EB39
:100780000C015AEB0C025BF1000354F1000455F12B
:10079000000556EBDC7657EB0C0770472DE9F04F60
:1007A00007EE900AFFF7A2FD59EC168A17EE10AA81
:1007B000FFF798FF59EC148A5BEC15AAFFF792FF3C
:1007C00017EE908A88E8FF00BDE8F08F2DE9F04F22
:1007D00007EE900AFFF750FE59EC168A17EE10AAA2
:1007E000FFF780FF59EC148A5BEC15AAFFF77AFF3C
:1007F00017EE908A88E8FF00BDE8F08F064B074AA5
:100800005B7802604FF420728280C371082200235B
:1008100082710372704700BF301500205BF2000048
:10082000064B074A9B7802604FF494728280C37132
:100830000822FF2382710372704700BF3015002029
:10084000C9ED0000F8B5C41D002824F007040546D2
:1008500014BF2046002000F035FB061E02DA6FF0C0
:100860000B00F8BD0DB9F442F9D4284FB979787965
:100870003B7AFA79033103300BF01FFF0028EEDBDF
:1008800039787B7826440336002D194426F0030678
:1008900000FB01F114BF3046002000F09FFC304403
:1008A0000DB90028DBDBBA780346B2B1F97BFB78DF
:1008B00011441944FF29D2DC0330002D20F0030439
:1008C00014BF204600207A89C9B200F0F7FC031E4D
:1008D000C5DB23440DB9002BC1DB397B81B1BA786C
:1008E00072B10733002D23F0070414BF2046002007
:1008F00003F056FF031EB2DB23440DB9002BAEDB21
:10090000002D0CBF18460020ABE700BF30150020BB
:100910001FB572B6184B9D6AE5B9BFF34F8F1749E3
:10092000174BCA6802F4E0621343CB60BFF34F8FEA
:1009300000BFFDE7B2FBF6F2DCB20133002AF9D1C9
:1009400004F110036B4403F80C2C0A2234B901A8FB
:10095000A847E2E7024600230A26EDE7631E04AE3D
:10096000DCB256FA83F3B0FBF2F602FB160030302D
:1009700003F80C0C3046E9E73015002000ED00E0EC
:100980000400FA0507B50C4B1A7A8DF80120DA79C4
:100990008DF8002068469A795B79ADF80420ADF8AF
:1009A000023002F073FB18B1D9210320FFF7B0FF2A
:1009B00003B05DF804FB00BF3015002038B50546D4
:1009C00070B309F09FFF10B94FF0FF3038BD0EF043
:1009D00038FDB0F5FA7FF7D8144C1548A56200250C
:1009E00000F0E8F926222946204684F82C500AF027
:1009F00091FB01236370A3701B23637140F21B33CF
:100A0000E380022323721F23638108232373EFF300
:100A1000108472B600F028FD2CB962B62046D5E7E6
:100A20006FF01500D2E72846D0E700BF3015002050
:100A30008509000010B500283CD1214C94F82C30D9
:100A4000032B34D059B1002A37D00239052931D8C7
:100A5000DFE801F0031422302528137863700020AA
:100A6000FFF7F0FE0028B7BF0123022384F82C30E3
:100A70006FF00B00A8BF84F82C3010BD9378E3B161
:100A8000D378D3B113781A2B17D953781A2B14D9DA
:100A90001368C4F80530E2E71378A370DFE7138822
:100AA0006381DCE71388FF2B07D82373D7E74FF068
:100AB000FF30E2E76FF02C00DFE76FF01500DCE7B6
:100AC00030150020F8B50D46064630B329B311F0B5
:100AD000070422D1124F97F82C30012B02D16FF06E
:100AE0000B00F8BD032B02D14FF0FF30F9E700F007
:100AF0009DF80028F8D02846FFF7A4FE0028EEDB7A
:100B00000EF0E2FB3046214602F054FBFFF73AFFBD
:100B1000032387F82C302046E3E76FF01500E0E769
:100B20003015002010B5074C94F82C30032B03D15E
:100B300002F058FB03F01EF90BF0B3FE002084F81E
:100B40002C0010BD3015002050B1074B03F11402EA
:100B500053F8041B40F8041B9342F9D1002070475E
:100B60006FF01500704700BF61DD020010B5074B44
:100B700093F82C403CB902F0E7FA0120044900F058
:100B800099F9204610BD4FF0FF30FBE730150020EB
:100B90002108000010B5074B93F82C403CB902F037
:100BA000E7FA2046044900F085F9204610BD4FF0D1
:100BB000FF30FBE730150020FD07000010B5054BA6
:100BC00093F82C401CB902F08BFA204610BD4FF070
:100BD000FF30FBE73015002010B5054B93F82C4093
:100BE0001CB90CF0E9FE204610BD4FF0FF30FBE7CA
:100BF0003015002010B5054B93F82C401CB90CF0B3
:100C0000DEFE204610BD4FF0FF30FBE73015002020
:100C1000024B02681A600020704700BF6015002078
:100C2000014B1B68184700BF60150020024B186875
:100C3000003818BF01207047601500202DE9F743E8
:100C4000294E0446071D2848376003F0ABF80228F8
:100C5000054607D1244920460BF035F8284603B055
:100C6000BDE8F083042838D13378072B18D13E2013
:100C700000F050F878B9F378327901A943EA0223F9
:100C80006846ADF800300BF0FEFA0028DBD05321A7
:100C90000820FFF73DFE052000F07CF80028EAD090
:100CA000314620460BF076F8B0F5817F01D37221F2
:100CB000EEE70028C7D094F8008094F802904046F0
:100CC00000F028F80028BED0B8F13E0FC6D1484643
:100CD00000F060F80028C1D1B5E70828BED102496C
:100CE00020460BF01FF8B9E764150020074B4FF0C2
:100CF000FF3141F6FF72C3E9001205490022C1E944
:100D000000221F21C3E90212704700BFC004002067
:100D1000A81500203F280CD801380B4BC0F3421215
:100D200000F01F0053F8223023FA00F000F0010019
:100D30007047FF2806D04038C0F34212034B00F042
:100D40001F00EFE701207047C0040020A815002015
:100D50000146074B006849681A4603C240F48C22DA
:100D60001A6041F0107242F4FF625A60704700BF8F
:100D7000C00400200246024B0068516803C370475C
:100D8000A81500200246024B0068516803C3704753
:100D9000C80400200138064BC0F3421203EB820363
:100DA00000F01F009B6823FA00F000F0010070477C
:100DB000C0040020014B1860704700BFB015002030
:100DC00007B5FFF793FF0CF048FA044B1B6813B10B
:100DD00001909847019803B05DF804FBB01500201E
:100DE0000B880288F0B5C3F30E049EB204F114031D
:100DF000C57CC35A02352A442B4497B213FA82F3B6
:100E0000013B4288B3FBF7F313FB07439BB29A42C3
:100E1000044A93BF22EA0603324013439BB20B807D
:100E2000F0BD00BF0080FFFF08B54B1E062B04D8A5
:100E30004FF4D1711520FFF76BFD0A4B994202D98F
:100E400040F2A311F6E719B900B10160084608BDE8
:100E500028B103680022C3E901211A1D1A60043178
:100E6000F4E700BFFAFFFF7F10B5114B00EB410420
:100E70001A786389B3FBF2F303FB0223013A1A44A5
:100E8000B2F5706F027928BF00231A448378B2FB51
:100E9000F3F0194403FB1020091AB1FBF3F003FB34
:100EA000101313446FEA43436FEA5343638110BD49
:100EB000B4150020024B03EB80004160704700BF77
:100EC000B41500202DE9F04F10F0070A85B0054653
:100ED00004D040F261111720FFF71AFD554F07F1BA
:100EE0000C06B1460446B0464FF0010B57F8043BE0
:100EF0008DF80BA03BB101A898479DF80A30082B4C
:100F000001D9E821E7E79DF80B1081BB05B13160FD
:100F1000B94506F10406E9D12DB3DFF81CE1002341
:100F20008EF800301E46022258F82200013A60B1C5
:100F300090F804A08178BAF1FF0F66D14FF0000756
:100F40008E4207713CBFCEB20123511CECD10BB1D4
:100F50008EF80060022640F6FF6A58F82670002FCF
:100F600065D1013EF9D2601B05B0BDE8F08F9DF858
:100F70000AC0BCF1020FE64601F1050238BF4FF08E
:100F8000020E0EF1FF3004EB42040444CEF10000E7
:100F90002040BDF808406444013CCCF1000C04EA58
:100FA0000C04B4F5803F4FEA420301D3F82192E7E5
:100FB00075B1C31A336099701C8083F803B09DF833
:100FC0000C201A71019A1A814FEA124CA3F806C03C
:100FD00004FB01049CE758F82C90B9F1000F06D0EF
:100FE00099F804B0D34504BF99F802904F440CF12E
:100FF000FF3CBCF1000FEEDA3944FF29A0D90BB158
:101000008EF8006040F2271165E794460027F0E76C
:1010100007EB41033846A3F80AA0FFF725FF09F1C3
:101020000109BB785FFA89F18B42F1D899E74FF05B
:101030000009F6E7B8150020B4150020F8B54FF602
:10104000FF730380184B03EB810105460869B8B1B3
:1010500086780379B3FBF6F206FB1233DBB219464E
:101060000A1D00EB4202B2F902705488002F09DB1E
:101070000131B1FBF6F206FB1211C9B28B42EFD17E
:101080000020F8BDFF29FBD0C4F30E03C4782B80E9
:1010900024B94FF4D5711720FFF73AFC5380BDE80F
:1010A000F8400BF0E9BA00BFB41500201D4B03EB6C
:1010B000810170B50C69054644B3030404D54FF4AF
:1010C000DC711720FFF724FC014620460BF0B6FA2E
:1010D000FF28014604D02046BDE870400BF0CCBA92
:1010E000A078B5FBF0F300FB1353DBB219460A1DE1
:1010F00004EB4206B6F90260002E09DB0131B1FBB8
:10110000F0F200FB1211C9B28B42F0D1002070BD89
:10111000FF29FBD08B4204EB42021CBF0023E3708B
:101120005580D8E7B4150020094B03EB810110B5B9
:101130000C69014620460BF081FAFF28014604D0D5
:101140002046BDE810400BF097BA002010BD00BF4C
:10115000B4150020F8B5104B03EB810107460C696C
:10116000014620460BF06AFAFF28054611D0E688B2
:10117000238953EA064606D0014620460BF07CFA46
:1011800001463846B04720462946FFF76DFE00204D
:10119000F8BD0520FCE700BFB415002038B50E4BA4
:1011A000827903EB82030446186908B9052038BD2B
:1011B0008278E1799142F9D24B1CE37100EB410353
:1011C0005D89B3F90A30002BF3DBA5800BF054FAEC
:1011D00020600020EBE700BFB415002070B5044686
:1011E00010F003000E4603D04F211820FFF790FBAC
:1011F000FFF71AFE054624B1034831460460FFF7A5
:1012000013FE284670BD00BFD01500202DE9F3471E
:101210001C4C9DF82CA0904622681E4607469DF85F
:1012200028300D461AB961211820FFF771FB1A46C4
:101230000921404601930BF087F852461FFA80F9C6
:10124000092130460BF080F819FA80F120680BF084
:10125000CAF9019B386018B9286002B0BDE8F08770
:1012600000EB09042C603868414609220BF025F890
:10127000286853460922314602B0BDE8F0470BF01A
:101280001CB800BFD015002070B50E4604460BF008
:101290006EF8054630460BF06AF8044B2A182146D2
:1012A0001868BDE870400BF0C2B900BFD01500202F
:1012B000014B18680BF08BB9D01500201F2AF8B528
:1012C00004460ED89200033222F00303B3F5803FA8
:1012D0002ED2194DB4B1A00711D05F210920FFF71C
:1012E00017FBFF2A4FEA420304D9FF329A42A8BFF4
:1012F0001A46E8E77C2BB8BF7C231A46E3E729703F
:101300006C602B8122F0030201EB81031204D800F0
:1013100001276B68120C0025EEB28E4200D3F8BD97
:1013200014B126181F705E60104401352833F3E7AE
:101330004FF0FF30F3E700BFD415002038B5144A52
:10134000147853680021C8B2844203D8AB21092025
:10135000FFF7DEFA1846013105782833002DF2D068
:101360000021817001241289447044688161C16147
:10137000920800F12001051D21F8022B994245F841
:10138000044B1444F8D100234361037038BD00BFFF
:10139000D41500202DE9F8434B7880460C4602F026
:1013A000040602F0FB07D3B1DFB12E4BD4F8049052
:1013B0001D89B7BB01236370AD08A761E76104F124
:1013C00020034A46211D04F1280023F8025B9842BD
:1013D00041F8042B2A44F8D10023636101E0002F77
:1013E000E3D0FF23A370002E18BF0226A3191B7D94
:1013F000032B03D1022F1CBF0136F6B2A319012221
:101400001A7506F10C0204EB8606002324F812304C
:101410007268A370C8F80020A8F804304046BDE800
:10142000F883002114226170A01809F073FEB5F54D
:10143000FF7F0FD26B08ED1AADB209EB0502C4F8BD
:1014400004902584A2606384C4F80C90A584226172
:10145000E384C6E7B5F5EE6F4FF0FF03EBD940F23A
:101460007265EAE7D4150020134B012200214FF0EA
:10147000FF309A60C3F80012C3F80803C3F80015E0
:10148000C3F804259A60C3F80803C3F80015C3F82D
:1014900004250A490A4A03F580334FF40040C3F893
:1014A0000825C1F88000BFF34F8FBFF36F8FC1F8DD
:1014B0008001C3F80825704700F0004000E100E01B
:1014C0000000F63F0A46192302F8033B0448C368AC
:1014D000C1F803300369536043699360704700BFEC
:1014E000E0150020024B5A8C02435A845B6A18476D
:1014F000E0150020014B00215B6A1847E015002031
:1015000010B5154C05F0B0FD05F042F9208DFFF740
:10151000F1FF237E63B12246104952F80C3BE36091
:101520006368536004F11900A36893600CF0E2FF54
:101530000B4B228D93E8030003F0BAF9236B188854
:1015400003F0E2F8A36B94F8341094F83500984750
:10155000002384F83C3010BDE0150020C5140000C5
:101560000C160020034B93F83C300BB1FFF7C8BFBB
:10157000704700BFE015002070B51D4C256B636CF3
:10158000236495F89430064694F848000BB1031D87
:10159000D8B295F869102EB9FF2803D195F86830B4
:1015A0008B4201D005F0EEFB95F89430D3B1E06C9E
:1015B00005F0FAFD012384F86830D5E93E23E16C9B
:1015C000206CC4E9182305F099F816B9304605F0E7
:1015D0002BFE95F86810002005F070FE022384F8B9
:1015E0003C3070BD206C05F0DFFD05F0D1F8ECE774
:1015F000E015002008B5094B93F83C20022A04D0DE
:1016000040F253212720FFF783F9DA7A42F00102F2
:10161000DA72BDE80840FFF773BF00BFE015002095
:1016200010B50E4CA26F137803F00303032B04D103
:10163000D378022B01D1002010BDE06F0AF02AFF01
:101640000028F9D1A36F1B7803F00303032BF2D01A
:1016500001F0BCFE80F00100C0B2EDE7E015002013
:101660002DE9FF41434C94F83C30256B012B064695
:101670000F465FFA83F804D040F2A4412720FFF719
:1016800047F995F884303BB1002185F88410042097
:10169000FFF728FF85F88680A16F0B7803F003031E
:1016A000032B05D195F88A3013B90220FFF71AFFF2
:1016B000A26F137803F00303032B02D053781BBBF4
:1016C000012385F88A3095F89430BBB1D5E93E0105
:1016D000236B94F848200392C4E918014FF00108E5
:1016E00093F8690084F868800BF0DDF80021034668
:1016F0000091039A2049404604F0BAFF36B104B085
:10170000BDE8F041FFF7FCBE0223DAE7002FF6D078
:10171000D4F88030304698470028F0D094F8343020
:10172000002BECD194F88430DD06C3F3001001D512
:10173000FFF776FF636CD4F888201B78C3F300139F
:101740002AB9B4F88C2013B1B2FA82F35B09628C27
:10175000910709D5A36FDB78022BD0D1002004B00C
:10176000BDE8F041FFF708BF002AC8D10343F5D117
:10177000C5E700BFE01500203016002010B5064B6D
:1017800093F83C2002F0FF0422B91C7603F088F89D
:10179000204610BD0C24FBE7E01500200A4B0B4A45
:1017A00070B506460D461A60FFF7E8FF18B1E12153
:1017B0002720FFF7ADF8064C012104F18E000CF054
:1017C00075FD6664E56470BD08050020901F00008B
:1017D000E0150020024B012283F8B020704700BFC3
:1017E000E0150020F0B5814D85B002AE86E803001B
:1017F00095F83C100A9F01F0FF0411B90AB103B13A
:1018000027B940F26F112720FFF782F896E803000E
:1018100005F12C0C8CE8030085F8B04085F83440C5
:1018200085F8B14085F8354085F8B24085F8B34079
:101830006C842C852C6BC5F880306A62AF6305F030
:10184000DFFA04F0A5FF94F96C0005F075FB606AFF
:1018500005F09CFCE06905F075FB94F8A40005F028
:1018600097FB2B6B93F8AF310BB105F0B7FA94F8F7
:1018700069209D21012005F0E3FB5D4B186805F010
:101880008BFC2369EB676369C5F8B43094F8773053
:1018900073B9226F62B1B4F8BE10B4F888308B42CD
:1018A00006D1B4F874100B44A4F8BE3001231360C1
:1018B000504E04F5807304F58877186859683246ED
:1018C00003C20833BB421646F7D1D4F810314A4A56
:1018D000C5F86930D4F8143153602B6B93F88E201F
:1018E00093F86860A2F12501012903D993F88F10BC
:1018F00025295DD193F856322BB1012E03D0012B4F
:1019000014BF0226012604F13007314638460CF098
:1019100083FE31460CF027FBA38F94F869109842A0
:1019200028BF184685F8B80038460CF05EFE94F8DB
:10193000691094F89470B4F84460042908BF032136
:101940000CF011FB0FB9043080B2B04228BF304612
:1019500094F89430C6B285F8B96085F8486093B1C0
:10196000D4E93E2394F869000127C5E9182385F8D6
:1019700068700AF098FF0022034600921D49324623
:10198000384604F075FE0120FFF7F6FD00232B60BA
:101990006B60AB60B4F888306B8023882B8094F840
:1019A000A4302B71A36F0BB101221A6005B0F0BDFA
:1019B000203A012A0CD823290CD093F8363113F0A1
:1019C000010211D19B079ED5012E18BF02269AE76E
:1019D000232905D193F8362193F861301340EEE7BF
:1019E000032E08BF04268EE716468CE7E01500207C
:1019F00008050020301600204916002008B50C4BC1
:101A000093F83C201AB9BDE80840FFF779BD93F878
:101A10003C20022A04D040F235212720FEF778FF2F
:101A20001B6BD3F8C801BDE8084005F0CFBB00BF71
:101A3000E0150020014B1876704700BFE01500202C
:101A4000014B93F8B2007047E0150020024B188D4F
:101A5000C0F3C020704700BFE0150020014B93F891
:101A6000B1007047E01500202DE9F3411E4D8207BB
:101A70002C6B06460F4622D5D5F8883023B940F2A4
:101A800095412720FEF744FFB5F88C20296C1846B5
:101A9000033291F8018009F0C7FA0DF1020201A9A1
:101AA0002864D5F8B4000AF088FD01980AF06FFDAB
:101AB000012238604146D5F8B4000AF035FDF3073D
:101AC0000ED5D4E93E32013342F10002C4E93E3280
:101AD00094F88C30012B0CBF0023012384F88C3048
:101AE00002B0BDE8F08100BFE01500202DE9F04F05
:101AF000AA4C002387B0CDE9043394F83C30276B1F
:101B0000022B81468A4604D04FF4A3612720FEF7BA
:101B1000FFFE238D590606D44020FFF7EBFC238DF2
:101B200043F04003238597F89430B9F1000F00F09B
:101B30002681A3B104F044FE88B9236C5A7872B1AF
:101B40001B7897F88C20C3F3C0039A4207D1012376
:101B500084F83530FFF7D4FC07B0BDE8F08F236C74
:101B60005978A4F88C1009B3D4F8B4000AF0B3FC87
:101B7000C4F88800238D97F88B2043F400732385E5
:101B8000236C1B78C3F380039A4200F0B980256B65
:101B900095F88A30002B3DD0022B11D1E06F04A9BB
:101BA0000AF030FC28B940F20E41AFE7C4F88810C3
:101BB000E0E7D5E93C32013342F10002C5E93C32AD
:101BC00095F88630002185F88A1023B185F88610B3
:101BD0001020FFF787FC95F885309BB1002685F82B
:101BE000856001F0DDFB10B940F225418EE73146FA
:101BF0000820FFF777FCD5E93C32013342F10002BF
:101C0000C5E93C3295F88B30012B0CBF0023012332
:101C100085F88B30238D43F4006323854FF0000B50
:101C2000216C97F88C200D78C5F3C0039A4240F0E0
:101C3000988005F00305032D266B63D0002D6CD131
:101C400096F88C30013B18BF012386F88C30236C4A
:101C50005B7833B1D6E93E32013342F10002C6E986
:101C60003E3297F893308BB1D7E93C23002697F8A2
:101C7000680084F86860C4E918230AF014FE484933
:101C800000960346FB22304604F0F2FCBAF1000F46
:101C900040F08880628C94F8B130120703D5A26FAF
:101CA000D278022A7ED0012B7CD8D4F88030012053
:101CB0009847002876D094F83480B8F1000F71D19D
:101CC000266B94F8483096F894208DF80D80002A01
:101CD00040F0B380FF2B96F8681003D196F8693076
:101CE0008B4202D0FF2005F04DF896F88A30032B86
:101CF00000F23881DFE813F0A400D5001D012E01A9
:101D0000CB468DE7238D012043F4805386F8840071
:101D100023850025FFF7E6FB92E74D78002D8FD055
:101D2000238D96F8945043F48053238504F0D4FF18
:101D3000042894F8B93006D1002D14BF1B221F22AD
:101D4000934228BF1346226C52789A420BD8D4F89B
:101D50008850002D85D094F8B03073B12020FFF763
:101D6000C9FB00257DE794F83430012043F01003CF
:101D700084F8343006F0BAF9F3E74D4660E70BB16A
:101D800004F05AFD94F8B130013384F8B130238D5A
:101D9000002543F480632385AB4662E7E01500200D
:101DA0003016002005F0AAFA4FF0010A1DB105A96E
:101DB0000220FFF759FEBBF1000F0DD0B4F8072049
:101DC000B4F805301343B7F8882013431EBFB4F8A6
:101DD00009300133A4F80930B9F1000F00F0CA80CE
:101DE000B4F805300133A4F80530002384F8B1308D
:101DF000634802F077FC049830B10AF0C8FB216B0D
:101E00000022027202F01EF8059B33B1216B002202
:101E10001A720C22059801F0E3FFBAF1000F7FF46B
:101E200099AE238D1B063FF597AE8020FFF762FB2E
:101E3000238D43F0800323858EE60433DBB249E72C
:101E400094F8B830ADF80E304E48A6F8583001F08E
:101E500097FA50B1A16F4FF48070FFF743FB012355
:101E600086F8853084F8B3301DE0E06F0DF10D0287
:101E70000DF10E010AF0A3FAA06790B196F8D130E7
:101E80007BB99DF80D302BB903808370A06F0121C1
:101E90000CF00CFABDF80E10A06F0CF0D4FA012370
:101EA000E0E7394BA36796F88B30A26FDB0003F0B5
:101EB0000801137803F0F3030B4396F88C108900A4
:101EC00001F004010B4323F010031370FFF7A8FB8C
:101ED0000028A06F037818BF4FF0100848EA0308E5
:101EE00080F8008096F89330002B3ED04378002B8A
:101EF0003BD0E06C05F058F9002384F86830D6E94F
:101F00003C23A16FE06CC4E9182304F0F7FB96F8BA
:101F10006910012005F0D2F9A26F1188A4F884108D
:101F200091781A4A012384F8B230917084F83C30D9
:101F30003CE7B6F85830E06FADF80E300DF10D0209
:101F40000DF10E010AF03BFAA0670028A7D140F27C
:101F5000F321DBE50B4801F013FA00289FD140F292
:101F6000FD21D3E540F20B31D0E505F01DF904F079
:101F70000FFCCCE7B4F807300133A4F8073037E79B
:101F80000C160020581600206E1600206416002043
:101F9000F5150000ED1A000061160000651500003F
:101FA0000B2808B504D940F2C1310620FEF7B0FC79
:101FB000014B33F8100008BD40A402002DE9F04F9A
:101FC0002DED028B8BB0044615460293894690F89E
:101FD00069B00BF03BFD064694F8B001FFF7E0FF57
:101FE00094F88F300393304485F0010386B2059353
:101FF00055BB94F8F431032B26D1039B0D2B23D131
:10200000B4F854324B451FD1D4F8FC31C4F8E83150
:10201000A369B4F8CC21C4F8EC31B4F842321344CB
:10202000C4F8F031204604F043FAD4F85832A362E1
:10203000B4F85632A385D4F85C32A361D4F8603288
:102040002362022384F8F431B4F84072B4F8888033
:10205000A9EB07073FB204F50473002F08EE103A0E
:10206000B7BFD4E98A23029BC4E98E2301230493DA
:10207000CD4BA9EB08081B780FFA88F8B8BF474684
:1020800003F0FF05002B53D00DF0D7F900286FD0D7
:10209000B4F8E031012B6BD994F8F431022B67D0FE
:1020A00094F80A52002D63D194F8B001FFF778FF3D
:1020B00094F8F43100F5C860012B86B2D9B24AD148
:1020C00094F89230D4F828A0032B3ED1D4F8EC51E8
:1020D00055443146D4F8EC010DF0A9F9D4F8E831B3
:1020E000C4F8E801A0EB030AD4F8F03131462846E1
:1020F00003FB0AFA0DF09BF9D4F8F851C4F8F80183
:10210000451B3146A0690DF092F9AA44B4F8CC51B0
:10211000D4F8F0314544ED1BDB432B44D4F8FC519B
:10212000451B05FB03A50123C4F8FC0184F80A3212
:1021300094F8F431DFF870A2032B00F28C81DFE811
:1021400013F0190014016900350128460BF033FF24
:1021500000EB0A05BDE7A06931460DF068F9B4F857
:10216000CC51D4F8FC314544ED1BC31A5D43DAE78A
:102170000025DDE7012100200BF01DFF8046A06A4D
:10218000314640440DF053F93146C4F8F801A069D6
:102190000DF04DF907A9C4F8FC0108A805F0B6F840
:1021A000079B0093D4E98E01DDE9082308F08EFA3D
:1021B000074620460AF09BFBD4F84432A66A94F8FE
:1021C00069001E4405F0E8F9D4F8F811A38D943E97
:1021D000761AB044A8EB070800F5234030314FF4DD
:1021E0007A7703EB4101A130B0FBF7F0A8EB0007D1
:1021F00094F869000AF067FBD4F84432FB1A2230E5
:10220000B3F5917FCAF8040058D240F2C64130209D
:10221000FEF77EFBA36AD4F8EC01314618440DF0BA
:1022200006F93146C4F8F801A0690DF000F9C4F8C8
:10223000FC0120460AF05BFBB4F8CC31A66AD4F866
:10224000EC71002B40F08D80029B002B00F0898008
:1022500094F8690005F0A0F93E44D4F8F871943E72
:10226000D4E98A23F61BD4F8307280463E4494F8B1
:102270006900B61A05F090F94FF47A7300F2E73767
:1022800008F52340B7FBF3F73744A130B0FBF3F078
:10229000D4F8F811D4F8E831D4F8F021303102FB49
:1022A0000311A38D3F1A03EB410194F869000AF072
:1022B0000AFB0123CAF8040084F8F431A6696FF41C
:1022C000F4731E44D4F8FC31F61ADAF804309E4256
:1022D00028BF1E46D4E98E327F1BDF1942F100026F
:1022E0004FF00008C4E98872C4F8C86184F810820D
:1022F00004F130000CF077F9B4F8B811A4F840926A
:10230000D4E98823A1EB09090FFA89F9C145C4E989
:102310008E23C8BF022384F81882C8BF84F81832FD
:10232000039B30440D2BC4F81402029B00F09680EE
:10233000002B40F0948094F8F431002B00F0AD8035
:10234000A169D4F8FC3118EE100AC91A0BF0DAFDB5
:1023500080B2002800F0A180169B03B118800120F4
:10236000ABE0D4F8F801374492E7D4F8FC21A36934
:10237000D4F8F001D4F8E8119B1A5F43B4F8CC31DB
:102380009844C3439844D4F8F831303301FB003308
:10239000A18D94F8690002FB083301EB43010AF0B8
:1023A00092FACAF8040089E79C160020A369D4F8C1
:1023B000FC219B1A5F4394F88E30252B03D094F8B0
:1023C0008F30252B0AD1B4F85432A9EB03031A0439
:1023D00004D494F85732002B18BF9B46049B63B378
:1023E000B4F8CC314BBBD4E98A23D4E98C018242C6
:1023F0008B4102D340F21A5109E794F8690005F0C5
:10240000CBF8D4F830220646D4E98A01A2F194032D
:102410001B1A3B4494F86900049305F0BDF8049B33
:1024200000F2E7374FF47A7206F52340B7FBF2F774
:102430001F44A130B0FBF2F03F1AB4F8CC11D4F82D
:10244000FC31414459433031490058460AF03BFAC7
:102450001C4B586032E740F23251D8E6EBB1B4F889
:10246000E01121B3B4F8E22194F8E431A4F8E221B8
:1024700002FB0333994202F101000EDD94F8183299
:102480005BB1002384F81832A4F8E20101F070FD7A
:1024900000F00700013084F8E40118EE101A94F8F7
:1024A0000B0207F0DDF920B940F27B51AFE60A4696
:1024B000DAE7059B84F8083200200BB0BDEC028BF4
:1024C000BDE8F08F9C1600202DE9F04104460D4632
:1024D000164690F8F83003F0FF071BB10C2738467A
:1024E000BDE8F0810146454807F06EF82028804697
:1024F000F4D05822394604F1D00008F00BFE84F8DD
:10250000D080C4F8D450FF2384F8F83035B101F0FE
:1025100047FD00F00700013085F8E40102234FF089
:102520000008A4F8083184F800810CF08CFF9E307C
:1025300085B220460CF02DFD014670B30BF086FAF3
:1025400000F5CD6081B230460CF071FF3044C4F824
:1025500004010CF098FF281841F10001C4E944017E
:10256000012084F8D800A4F826800CF0D0FDDB3ED2
:10257000361AC4F8DC604FF0FF326FF00043C4E954
:10258000462394F8D00004F5807107F069F948BB40
:1025900040F2C1113020FEF7BBF920460CF01EFCC2
:1025A000DFF85C80DB30C4F80401B8F8080048B1FB
:1025B000E08C38B101F0F4FCB8F80830B0FBF3F26D
:1025C00002FB130005440CF05EFF2D1841F10001E1
:1025D000C4E94451002ECED0751941F10001C4E97F
:1025E0004651CEE7D4E944230021C4E93A23C4E9A3
:1025F0003C2320460CF0EAFC71E700BFC1CB000091
:102600009C160020F0B5002385B0CDE900330123EE
:102610008DF806306846FEF7C1FD70B11B4E0123F0
:10262000B3720027CDE9027702A8FEF7B7FD054691
:10263000A8B10023B37205B0F0BD00980AF079FB91
:10264000E8E790F80B0207F0FFFE94F80B0284F81D
:10265000F45106F0E5FF202384F80B32E2E7029BF9
:10266000002BE1D093F80B22202ADDD018884FF6FA
:10267000FF739842DDD02946FEF756FD0446002838
:10268000DFD140F22B113020FEF742F99C160020DA
:10269000054B00220121DA7219709A7242F210720F
:1026A0001A81FFF7AFBF00BF9C160020014BD87204
:1026B000704700BF9C16002008B504F013FB044BC4
:1026C000DA6882422ABF987A002080F0010008BDB3
:1026D0009C1600202DE9F3470446062900F2C68027
:1026E000DFE801F0047C69798085BF00D0E98A23A6
:1026F000D0E98C0182428B414BD294F80A32002BF4
:1027000047D094F8F431032B43D194F869A00BF02F
:102710009DF9074694F8B001FFF742FCD4E98A120C
:10272000D4F83032D4F8C861814607445046A3EB50
:10273000010804F029FF361A504604F02DFF00F579
:1027400023404FF47A72A130B0FBF2F0321AA2F1BA
:102750007401A2F1D403BFB2490809F5C8699D31DB
:102760007B431FFA89F9B3FBF9F360335A08A1EBF5
:102770005303984502D31144884501D90CF05FFEFC
:10278000A06939460CF053FE0023C4F8FC0184F81C
:102790000A32384B9B7A03F0FF0263B9B4F8BC11DC
:1027A000009201232046FFF709FC38B140F2CA61CC
:1027B0003020FEF7ADF8042384F8F43104F0A6FCD1
:1027C00006F0BAFDB4F88820A4F806220023A4F885
:1027D000423284F8093202B0BDE8F087032380F862
:1027E000F431F8E704F09EFAC4E98C01F3E7856957
:1027F000D0F8FC31DFF87C809D4288BFED1A98F854
:102800000B3098BF00251BB9036B9D4228BF1D46A6
:1028100004F13000D4F8C8710BF0E5FE0744022043
:1028200007F096FCEE1B26EAE676864228BF0646AF
:102830000221304607F0E0FC00B9374440F2D312E1
:10284000394620460BF020FFD4F8C831C8F80C00F8
:10285000A069184407F02CFC0028BCD140F2793163
:10286000A6E702B0BDE8F0470AF041B840F2657152
:102870009EE700BF9C1600202DE9F84306460C4653
:1028800015467ABB04F02EFAD4E94489074684F849
:10289000D85084F8F8500121D4F8D40000F0D6FFC5
:1028A000D4F8D400C0E98A8994F8D02080F80B22AB
:1028B000C0E98E89C0F844720AF034F920B140F2C0
:1028C0000A713020FEF724F804F020FC06F034FDF5
:1028D000074994F8D000324605F0F8FB28B94FF4C8
:1028E000EF61EEE740F28F71EBE7BDE8F88300BFE0
:1028F00017C90000014B1881704700BF9C160020CB
:10290000F0B5070CA7F5AA42144B543A012A03EA82
:1029100090231FD927F4004042F6AA22801A18BF3C
:1029200001200022162116461F2487EA060562EAC6
:102930000505013510D0DD03ADB245EA5606E503C5
:10294000ADB2013945EA52024FEA53034FEA54044B
:10295000EBD1F0BD0020E4E70020FAE7E0FF3F0004
:10296000304BF0B51A88B0F85C70B0F85A605D88EA
:10297000974228BF1746964228BF16461B2E85B0A1
:102980000C462ED0B5F5A47F2DD040F648039D42CD
:1029900001A928BF1D460AF02CFBBDF80A309F4252
:1029A00028BF1F46BDF80C30E780AB4228BF2B463E
:1029B0002381BDF806309E4228BF1E46BDF8083070
:1029C00066809D4228BF1D46A580FF232370E388B3
:1029D0001B3B9BB2E02B08D940F2F7513920FDF7A1
:1029E00097FF1B2FCED105B0F0BD63881B3B9BB278
:1029F000E02B02D940F2F951F0E72389A3F5A47343
:102A00009BB2B3F5E06F02D940F2FB51E6E7A38831
:102A1000A3F5A4739BB2B3F5E06FE4D940F2FD5186
:102A2000DCE700BFAC16002010B501210020FEF746
:102A30007BFB044670B90121FEF738FB044620B940
:102A400040F23D313920FDF763FF034B93F9041049
:102A50000CF088F9204610BDAC16002008B50BF02C
:102A600004FA00F0FFFD00F0EDFB0BF01BFD00F0A1
:102A70008DFF01F0A7FE00F0A1FF084B1B224FF4D1
:102A8000A4711A805980064B06499A800022196069
:102A9000DA825A821A835A7408BD00BFAC1600202D
:102AA000D41A002003021B00044B41F64C52C3E928
:102AB00002221B221A74FFF7D1BF00BFD41A0020D4
:102AC0002DE9FF41344DAB68044640F8303F0AF031
:102AD00067F9064600F0A6FB2B7C84F838302F4BB4
:102AE000668710F0200F1B681DBFAA886988A4F8AC
:102AF0005A101B2208BFA4F85A20A4F85C201BB16E
:102B000094F96C1020889847AE7CEF7CB5F814805F
:102B100041F64C53A36116B900F08AFB064677BB19
:102B200000F086FB074666B358B303A920468DF82C
:102B30000C608DF80D70ADF80E800BF038FAAB8894
:102B40006A886978019103332978009103329BB236
:102B500092B204F1140104F11000FEF757FB23694F
:102B600013B940F2CE5114E0636913B940F2CF516A
:102B70000FE0002004B0BDE8F0810920FAE7002E44
:102B8000D3D120880021FEF7E5FA0028F5D040F2E5
:102B9000B9513920FDF7BCFED41A00200C050020E5
:102BA000F7B505460E460CF014F9002873D02846F8
:102BB0000CF0EFF940B1B6F80130013B7F2B03D99F
:102BC0001224204603B0F0BD28460CF0E6F908B9FF
:102BD0000C24F6E728460AF098F90028F8D1284690
:102BE0000CF0B1F804460028F2D1284602F0AAFA07
:102BF0000028E5D0B6F80170F17842F2107228464C
:102C000057430CF0B3F928460CF0BBF9014658B90C
:102C10003A462846FFF758FC04460028D1D041F632
:102C200083113920FDF774FE21460DF10600FEF7F1
:102C300005FA064668B3214600F008FEBDF80630E6
:102C40003380284631460CF0B2F928460CF0ABF937
:102C500098B928460CF0A9F901463046FFF730FF35
:102C600004460028ADD13A4631462846FFF72CFCF1
:102C7000044620B141F6A611D3E70121EDE7074B49
:102C80009B68002B9DD0024606F59571304698470B
:102C900097E70D2495E7422493E700BFAC16002088
:102CA000034B5A8802801B7883700020704700BF56
:102CB000D41A002037B583781A2B054609D8042B7F
:102CC00005D9012202FA03F3134A134205D1122453
:102CD0001AE0292B01D03B2BF9D12888B0F5706F71
:102CE000F5D269460BF001F988B9019B93F82821C8
:102CF00002F0FF046AB9AA7883F82921FF2283F839
:102D0000282168460BF0A9FB204603B030BD022401
:102D1000FAE70C24F8E700BF200038040188A1F18D
:102D20001B039BB2E02B0CD84288A2F5A4739BB284
:102D300044F24810834204D8034B002019805A8083
:102D400070471220704700BFAC160020034B1A8852
:102D50005B88028043800020704700BFAC160020D3
:102D600038B504784278857804F0010352EA03010B
:102D700004F0020401D1112038BDBCB9002DFAD0F5
:102D8000002B08BF144601E00024254620460AF027
:102D9000FBF80028EFD028460AF0F6F80028EAD021
:102DA000054B00209C74DD749882E5E7002BEBD185
:102DB00014461D46EAE700BFD41A002013B5008868
:102DC00069460BF092F818B10224204602B010BDFB
:102DD000019A92F8F431DBB292F8B020002AF3D1D4
:102DE00013F0FB0FF0D0019890F83A310BB13A2470
:102DF000EBE790F8DC3003F0FF04002BF7D190F8FC
:102E0000D3309B0706D1FF2380F83A3168460BF098
:102E100024FBDAE70249D4300BF06CFBD5E700BFA6
:102E20001DEC0000F0B50778EF2F85B004460D4685
:102E300003D91225284605B0F0BDB0F80130ADF831
:102E40000C309DF90C209DF80C30002AF1DB9DF828
:102E50000D209107EDD1DA063FD49E0603F0030260
:102E600038D5002AE5D11807E3D46378190711D4BF
:102E70002179E278E07942EA0122617942EA01426D
:102E8000A17941EA0021207A41EA00418A42D0D862
:102E90001F2ACED9627A013A062ACAD8A27A032A10
:102EA000C7D813F0040102D1023A012A03D8E27A0A
:102EB000012ABED811B9A27C032ABAD813F0100196
:102EC000227D19D0012AB4D1227E012AB1D8B1B90C
:102ED0001125AFE7032AC6D1ABE713F0600FA8D1E5
:102EE00003F00F0203F00703052BBED0931E012B46
:102EF000BBD9002A9DD1B8E7022AE5D199E7DA07C4
:102F00001FD46378227D03F0180108291ED1022AFC
:102F1000DED11B0709D4E279A37943EA0223227A9E
:102F200043EA0243B3F5804FD2D8BFB201213846FD
:102F3000FEF7FAF8064678B109F0E7FFB8B10C25BC
:102F400078E700F031F90028DBD1C1E7022AE0D0B0
:102F5000A27E002ADDD0BBE701213846FEF7A6F8A5
:102F6000064650B3164B93F904100BF0FBFE3046A7
:102F70000CF004F821462870E07430460BF04AFF4C
:102F8000637E0546002B3FF455AF00287FF452AF17
:102F9000316B02466846FEF7FDF9306B2A46012187
:102FA00009F0D3FB316B68460422FEF7F3F9306B6E
:102FB0002A46294609F0C9FB3CE707253AE700BF46
:102FC000AC16002070B50579042D8AB0034658D898
:102FD0004488B4F5804F54D82B48465D28440021DE
:102FE0004279857AC07BADF8041042F0100242EAC3
:102FF000460242EA850242EAC00202F01F028DF850
:103000000420BDF80420ADF80D201A888DF80F209B
:103010008DF81240120A240A8DF811108DF8141040
:103020008DF810208DF813405A7B8DF815205A79B1
:103030008DF816209A79D3F807008DF81720B3F889
:103040000B209B7B8DF81E307F238DF81F300123D2
:103050008DF80C1006908DF82110ADF81C208DF81D
:1030600020308DF8223003A88DF823108DF824101D
:103070008DF825108DF8261001A9FFF7D3FE0AB0B0
:1030800070BD1220FBE700BF58A40200027803467F
:1030900072B1427862B142881A2A09D982881A2A02
:1030A00006D9044A006810609B889380002070470E
:1030B00012207047D41A0020024B02689A60002048
:1030C000704700BFD41A00200378A3F10A02112A26
:1030D0009DBF024A0020137412207047D41A0020AA
:1030E00008B5052000F090F803F012FA014B024AEF
:1030F0009A6008BDAC1600206129000008B502F0F6
:1031000009F8FFF7C5FABDE80840014801F0ECBF37
:10311000B816002010B50B4C012384F8023102F0E0
:1031200001F80CF0B9F80AF09EFE04F203112046F3
:10313000FEF734FB002009F0A7FABDE8104000F0CC
:1031400029BE00BFB816002010B5064C064904F58C
:1031500002700AF040FC04F503700449BDE8104019
:103160000AF039BCB8160020100500201805002010
:1031700010B5094C094904F502700AF02CFC04F55D
:10318000037007490AF027FC04F504700549BDE8FF
:1031900010400AF020BC00BFB8160020280500200F
:1031A0003005002020050020014B93F802017047F4
:1031B000B816002010B5074C00F0C8FDD4F808027E
:1031C0000AF001FCFFF770FC00F002FF012384F815
:1031D000143210BDB8160020014B93F8140270474A
:1031E000B816002010B5074CD4F80C020AF0EBFB1F
:1031F000D4F810020AF0E7FBFFF730FC002384F854
:10320000143210BDB8160020C2080549012300F091
:10321000070003FA00F08B5C18438854704700BF26
:10322000D0040020014BD3E900017047D0040020F6
:10323000034B1868C0F30020400040F001007047C5
:10324000D004002008B50CF0FCF8084A002332F83E
:103250002310814205D302EB83039B78044A137049
:1032600008BD01330C2BF2D10023F7E76CA4020058
:10327000CD18002010B544682388A4F8783194F85C
:10328000683084F87711012B06D0022B04D040F26D
:1032900017310620FDF73CFB84F87A3194F8693049
:1032A000012B01D0022BF2D184F87B31044904F5C3
:1032B000B7700BF01FF9002384F8343110BD00BF44
:1032C00051DA0000406808490388A0F86A3190F894
:1032D000603080F86C3190F8613080F86D3100F228
:1032E00061100BF001B900BF67DA0000044B002247
:1032F00083F822204FF6FF729A84DA841A85704789
:10330000CE180020054B9A8C824201BF002283F820
:1033100022204FF6FF729A84704700BFCE1800201B
:10332000014BD884704700BFCE180020084B998C01
:103330004FF6FF72914206D193F82220012A04D061
:10334000036001207047002303600020704700BF26
:10335000CE180020064B93F82220012A1FBF01201F
:10336000DA8C83F822009A8408BF0020704700BFDF
:10337000CE180020014B1885704700BFCE180020E2
:10338000064A918C138D994205D192F8223013B1DF
:103390000260012070470020704700BFCE18002057
:1033A000094B998C1A8D914201D0002070474FF63D
:1033B000FF729A8493F82220002AF6D0002283F824
:1033C00022200120704700BFCE180020054B998CA9
:1033D0001A8D914203BF93F82200B0FA80F04009A1
:1033E00001207047CE18002050B90A4A1346012028
:1033F00003F8010B0868C2F801008A889A807047B8
:10340000012805D1034B0A689A608A88D8719A818D
:10341000704700BFF818002048B90A4B187880B1EF
:10342000D3F80120B3F805300A608B80704701287B
:1034300006D1044BD87920B19A680A609B89F4E7D9
:1034400000207047F818002020B9054B187800F0CC
:103450000100704701280ABF014B0020D879F6E728
:10346000F8180020F7B500228B888DF80600ADF81B
:10347000043008680C4B8DF80720019D1C7801462C
:1034800003F5AC73D0B2844201D8082009E0D3E937
:103490000076AE4208BF8F4203F1080302F1010239
:1034A000F0D103B0F0BD00BF0819002030B5094BC2
:1034B00001465C78002203F58173D0B2844201D8C2
:1034C000082005E013F8015B8D4202F10102F4D1FE
:1034D00030BD00BF08190020F0B5254D95F8984182
:1034E00089B0224605F29911684607F09DFD2146F4
:1034F00068460AF0D9FC0446B8B300EB4001C9B2F3
:1035000002A8FDF78DFB601E95F8A161C0B20124F1
:1035100095F8982105E0731CB3FBF2F102FB11331F
:10352000DEB206F120030DEB030111F8203C002B65
:10353000F1D100EB400220326A4406EB46032B44F3
:1035400012F8187C83F8A27112F8177C12F8162C66
:1035500083F8A37183F8A42101F8204C0138AB193A
:10356000C0B2FF2883F89941D2D109B0F0BD00BFA5
:103570000819002070B5064688B00C46002A4FD0C6
:103580002A4A92F8A131D01890F8991121B94FF434
:1035900080712820FDF7BCF903EB4301114401338E
:1035A00091F8A251E57091F8A35191F8A4116171BD
:1035B0000021257180F8991192F89811B3FBF1F070
:1035C00001FB103382F8A13192F8C23123B91849B6
:1035D00002F5DD700AF08BFF657905F03F0545F0D7
:1035E000400565710D220021684607F093FDE378E0
:1035F0008DF80F3023798DF80E3004AA0423694624
:1036000030468DF80D5007F0B3FA9DF81F30237047
:103610009DF81E3063709DF81D30A37008B070BD1A
:1036200003216018FDF7FCFAD6E700BF0819002057
:10363000D9340000044B5A78824286BF1B1893F895
:103640004A010020704700BF08190020044B5A7837
:10365000824286BF1B1893F842010020704700BFCA
:1036600008190020064B00224FF461711A8083F87C
:10367000C32183F8C421A3F8C61183F8C22170477F
:1036800008190020014B83F8C40170470819002075
:10369000014BB3F8C60170470819002030B50A4B3A
:1036A0005C7884420ED9184490F802012B3003EB69
:1036B000C004A5790D7053F830001060A388938082
:1036C000012030BD0020FCE7081900200246074811
:1036D00010B590F8C34124B1417821B1023002F015
:1036E0003DFF204610BD0C46FBE700BF0819002037
:1036F0002DE9F74F2F4C00921A466378834280469B
:10370000894654D9231893F8425185F00105E9B14F
:1037100093F84A31D3B945F002070135C2B9F90728
:103720000BD5062101FB084104EB081001F585715A
:1037300082300092FFF71EFF009ABB0733D504EBDF
:10374000081049460230FFF715FF2CE02F46E5E749
:1037500094F8A1614FF0010A002DE0D004EB060BB4
:103760009BF8991199B9009B0192D3B100F000FC2C
:1037700006EB460121444FEA102C81F8A201019A80
:1037800081F8A3C1000C81F8A4018BF899A194F8E9
:1037900098110136B6FBF1F001FB1066F6B2013D5F
:1037A000DAE747F00407384603B0BDE8F08F00279A
:1037B000F9E700BF08190020074B5A78824209D95F
:1037C0001A1892F842212AB9062202FB003000F5AD
:1037D000857070470020704708190020064B5A7802
:1037E000824281BF1B1893F83A01B0FA80F0400979
:1037F00098BF0020704700BF0819002030B5002492
:10380000A0F84240B0F8464042F210754C43B4FB79
:10381000F2F4A0F84640541E05FB0343B3FBF2F359
:10382000A0F84430084BB3FBF2F30133A0F84A3060
:10383000838F05FB0344436BB4FBF2F45943846369
:10384000B1FBF2F2426330BD005A620270B5044629
:103850000D4649BB4FF4207207F05CFC012384F84D
:1038600096306FF0360384F8E330042384F8E430B4
:103870006FF03B0384F8E5306F2384F8E6306FF097
:103880003F0384F8E7302B2384F8E230FE2384F8EA
:103890001E317F2384F88D30202384F8E85084F88B
:1038A000E95084F80B3270BD012922D10023A0F821
:1038B000CC3180F8C331154B82691344B3FBF2F36A
:1038C000C0F8B83040F6B833A0F8BC301146438C8D
:1038D0008030FFF793FF07F063FA30B1E069FFF73C
:1038E0000FF810B984F8AF51DDE7002384F8AF3149
:1038F000D9E70229D7D1B0F86232D0F85C228169C9
:10390000BDE870408030FFF779BF00BF7FC3C901B9
:10391000034B80F86C101B680BB100881847704788
:1039200038050020074B93F900301844142804DCB4
:1039300010F17F0F03DB40B27047142070476FF027
:103940007E007047D01A002007B57F230DF10700D5
:103950008DF8073003F0A6FC9DF9073068B10A4ADC
:103960005078404243FA80F0142808DC10F17F0FB1
:1039700007DB40B203B05DF804FB1846FAE71420F9
:10398000F8E76FF07E00F5E7D01A0020024B002226
:103990001A705A70704700BFD01A0020054BFF22E2
:1039A0001A70054A016811600179117100221A70BC
:1039B000704700BFD21A0020D804002007B5064B7C
:1039C000186800901B798DF804306846FFF7E6FF11
:1039D00003B05DF804FB00BF76DD0200437843B11D
:1039E000C2783A2A07D80549885CC31A5842584118
:1039F0007047184670470120704700BF9CA4020022
:103A00003A2908B5C17003D8064B5B5C437008BD0A
:103A1000FF2904D04FF489612A20FCF779FF0123A4
:103A2000F4E700BF9CA402002DE9FF478A4602A9E3
:103A3000154699460AF059FA064600283CD1039FDC
:103A400035B9012487F89540204604B0BDE8F087D9
:103A5000D7F810802946404608F050FC044600285C
:103A6000F2D0174B5B88AB4228D3014601AA4046EF
:103A700008F087FD97F895300198002B0CBF514650
:103A800002210AF013FC01982A464946033007F048
:103A9000CBFA2946404608F076FC044618B97A214C
:103AA0002B20FCF735FF02A80AF0D7FC039BA3F8F4
:103AB000BA6187F89560C7E70124C5E73446C3E7D4
:103AC000D41A0020024B987DC04300F001007047DB
:103AD000D41A0020034B987D80F00200C0F3400010
:103AE000704700BFD41A002083230B70014B1B7852
:103AF000CB707047F01A00207FB505460C4621B9FF
:103B00004FF48B711020FCF703FF03888B80002398
:103B10004B724669304608F026FD014610B940F266
:103B20001F11EFE701AA304608F02BFDE08010B925
:103B30004FF49271E6E7FB2802D94FF49371E1E765
:103B400001980AF0BBFB012801D0022805D12072A0
:103B5000206828B940F23D11D4E74FF49B71D1E7BA
:103B60000199E288033107F05FFA304608F011FD51
:103B700010B94FF4A171C5E70021304608F067FC89
:103B800010B940F24711BDE70A4BDA7D82B11A8BBA
:103B90002888013A02A91A830AF0A7F910B14FF454
:103BA000A871AFE7039AB2F8A6300133A2F8A630A5
:103BB00004B070BDD41A00202DE9F74306460D4627
:103BC0004FF0050800274FF003092B6943B11B7A1A
:103BD00033B12C69A4B90022104603B0BDE8F083CC
:103BE0006C68237A012BF6D0EFF3108372B66A6803
:103BF00012686A6003B962B6237A002BE5D02C61A3
:103C0000237ADBB284F80880013B0B2B65D8DFE810
:103C100003F0610620335E643C646464645163684D
:103C200023B94FF4EE711020FCF772FE31462046A6
:103C300098470422EFF3108372B6217A0529C8B29F
:103C400001D0002852D127722F61002B4AD162B6D1
:103C500048E0636813B940F2E511E4E731462046D5
:103C60009847C0F30723012BADF80400C2B237D048
:103C7000022BDFD12F6135E0636813B940F2EF11F9
:103C8000D1E7204698470022D4E763680BB9DB21CF
:103C9000C9E70B2232701988A6F80310012200240C
:103CA000B27072711869B471214608F0D0FB2C61B2
:103CB000042291E7606810B940F21A21B3E70E4B75
:103CC00031461B68984700232B61022284E740F2AB
:103CD0002321A8E740F22621A5E740F22921A2E707
:103CE00084F80890002A3FF470AF75E7002B7FF44A
:103CF0006CAF62B669E700BF3C05002038B5124CD6
:103D0000231D14220021184607F004FA034601255A
:103D1000257414220433002104F11800C4E901338E
:103D200007F0F8F984F8245004F11C03C4E90633C1
:103D30000023E362236384F83430C4F83530C4F8D8
:103D4000393084F83D3038BDF01A002010B5084CE9
:103D50002378FF2B04D04FF4B7711020FCF7D8FD67
:103D600006F04EFF2070BDE81040FFF7C7BF00BF50
:103D7000DD04002010B5034C207806F05DFFFF2322
:103D8000237010BDDD040020014B187806F064BFDD
:103D9000DD040020014B024A1A6070473C050020F8
:103DA000F93A000038B50B4D05F118010446FFF74C
:103DB00003FF70B9AB681B7A0C2B04D1064BDA7D7C
:103DC0000AB11B8B2BB120460449BDE83840FFF7F0
:103DD000F3BE38BDF01A0020D41A0020F41A0020D7
:103DE00010B51346027A22B140F2C9211020FCF727
:103DF0008FFD0A46BDE81040014601480AF054BB59
:103E0000F41A0020044890F834301BB903492C30D0
:103E10000AF067BB704700BFF01A00209BE4000067
:103E20000346064890F83E203AB190F83D2022B96A
:103E300000F8353B02490AF054BB7047F01A0020E5
:103E4000E93A000010B50A46037A23B140F2D121C5
:103E50001020FCF75DFD0146BDE810400148072336
:103E60000AF022BB081B00201346027A0AB1037233
:103E700070470A46014601480AF016BBF41A0020B2
:103E80001B234FF01B128384038482618382C260F0
:103E9000038539B94FF4A473034AC3844384C261D0
:103EA000C3820261704700BF480148010346F0B475
:103EB000B3F85420B3F84840B3F84460DF8FB3F848
:103EC0004250944228BF14460846B3F84C20B3F839
:103ED0005610DC878A4228BF0A46B3F84610A3F87A
:103EE0004220914238BF1146A64238BF2646A7421B
:103EF000A3F84460A3F846101FD1AA1A18BF0122E4
:103F0000B3F84A50B3F85040B3F852709E8FB3F8EC
:103F10004010A54228BF2546B3F84E409D87BC42BD
:103F200028BF3C46AE42A3F8404002D1A14200D196
:103F30002AB1F0BC03490AF0DDBA0122E0E7F0BC87
:103F4000704700BFFBE400000B8BA2F80B304B8BDB
:103F5000A2F80D308B8BA2F80F30CB8BA2F80900A2
:103F60000249A2F8113010460AF0BEBA4BE5000033
:103F7000094AD2E90003434083EAB01181EA4321B0
:103F80004FEAF3435360054B116058434FEAF0602A
:103F900000EB8000704700BF301B0020BB79379ECC
:103FA000094AD2E90003434083EAB01181EA432180
:103FB0004FEAF3435360054B116058434FEAF060FA
:103FC00000EB8000704700BFE0040020BB79379E03
:103FD00010B50A4C09480821FCF722FED4E9002359
:103FE0001343F7D0064CFFF7DBFF2060FFF7D8FF45
:103FF000236860600343F6D010BD00BFE0040020DA
:10400000301B0020174B184A9A60184A5A60184A09
:104010001A60184A9A62184ADA62184ADA60184A2C
:104020009A61184A1A63184A1A62184ADA64184AD6
:104030009A64184A5A62184B184A9A60184A5A6287
:10404000184ADA62184A1A61184A5A61184A9A617B
:10405000184A1A63184A9A64184ADA64184A9A6322
:10406000704700BF4005002013E8000049E8000049
:10407000C1E8000049EA00009DEA0000C9430000D1
:10408000B3EA000039460000AD44000093EB0000A5
:10409000AFEB0000054500002C06002035E80000CD
:1040A00053EB0000D5EA000079EA0000F9EA0000CD
:1040B0004D4400003BEC0000E7EB0000D5EB0000B6
:1040C00039EB0000044B054A5A65054B054A1A6551
:1040D000054A5A65704700BF4005002081E900008D
:1040E0002C06002067E90000F1E90000054B064AB4
:1040F0009A65064A1A66064B064A9A65064ADA65C2
:10410000704700BF40050020AFDB000045DC000029
:104110002C060020EBDA00002BDE0000252A70B50B
:1041200005460C4618D8012A19D9023A232A16D86E
:10413000DFE802F01A1525242433153515243944F7
:104140004815154D242467676D741515151515153B
:104150001515151515808990FF2A00F0828040F210
:10416000FE315120FCF7D4FB02784368012A02D1CA
:1041700093F8203101E093F82931237170BD416833
:10418000204601F5EB710AF003F96968204601F554
:104190008A71BDE870400AF0FDB84368E8E7BDE801
:1041A000704000F011BA0E230B7159234B7100239C
:1041B0008B719A23CB7110230B72DFE7436893F85E
:1041C0001A31DAE7BDE87040084600F0EBB9037831
:1041D000466873B996F820315BB196F81D112046F8
:1041E0000AF029F996F81C112046BDE870400AF043
:1041F00026B996F81B1120460AF01DF996F81A11F7
:10420000F2E741682046BDE870400AF0B7BA43685B
:1042100093F83621227193F8373109E0436893F817
:104220003421012AF4D093F864200A7193F86530A0
:104230006371A3E7104B1B68002B9FD0024623201D
:10424000BDE8704018470C4B1B68002B96D0024607
:104250002420F5E7084B1B68002B8FD00246252051
:10426000EEE74368204693F84F22D3F85012BDE89A
:1042700070400AF027B800BF180700203A289ABFFC
:10428000024B53F820000020704700BF400500207B
:104290003A289ABF024B53F820000020704700BF15
:1042A0002C060020F7B545682E6904464FF6FF77C7
:1042B0000DF102010DF101023046ADF8027008F077
:1042C0007EF801A9304608F09DF840B1019808F049
:1042D0005EF9616800220272FFF7B4FDE8E7044965
:1042E00005F1A80003B0BDE8F0400AF0FDB800BF3A
:1042F000ADE70000F0B5044685B00D46FF2600F896
:10430000856C10F8863CF3B1174F3B781BB1482100
:104310001F20FCF7FDFA0C21381DFCF781FC3E70D4
:10432000002304F8853C2A46072302F8033BD4F80F
:104330000930C5F80330D4F80D305360D4F811308B
:10434000936005B0F0BD01A80C21FCF769FCA4F551
:10435000A873039A1A6001AB03CB44F88E0C44F89F
:104360008A1C04F8866CDBE7381B002010B5054C6E
:1043700023782BB90C21201DFCF752FCFF2323705E
:1043800010BD00BF381B0020024690F8DE31BBB9DB
:1043900090F8DF3103F0FF010BB100207047094BAB
:1043A00018780028F9D01970D968C2F814110433AC
:1043B00003CBC2F8D601C2F8DA11FF2382F8DE314E
:1043C00001207047381B002038B5426892F88F30C2
:1043D00004460D463BB1132B05D0113B0B2B94BF6C
:1043E0000820012038BD92F8D23013B920460AF0D7
:1043F00083F96168284601F5E77109F0BEFF61683D
:10440000284601F5887109F0BFFF61680B88A1F8A3
:104410006D32284601F26F2109F0A7FF6168284636
:1044200001F2772109F0A6FF6368002583F8DE51C9
:104430006068054900F519700AF053F863681522A1
:1044400083F88F202846CDE7F542000038B5436851
:1044500093F88F201C2A044604D040F2BB111F2081
:10446000FCF756FA93F8D2101D88002283F8D12069
:1044700003F5D17069B10B4983F8D220A3F8AC5190
:1044800083F8AB210AF02DF86368002283F88F20AF
:1044900038BD012283F8AB11A3F8AC51024983F86F
:1044A000AE21EFE735EA000027EA0000436830B5A7
:1044B000D3F8804014F001001FD14D68104A89687C
:1044C000A3F8CE002A40C3F8E220C2F3076242F00C
:1044D000080221F41E5121F0100183F8E52093F821
:1044E000D0200904090C013244F00104C3F8E6109D
:1044F00083F8D020C3F8804030BD0120FCE700BF26
:104500002FC904F710B5406890F88E30042B2FD1D6
:104510004C688A68184B22F41E522340C0F8E230DF
:1045200022F01002C3F3076343F008031204120CD5
:1045300080F8E5300023C0F8E62080F8CC3080F821
:104540008E3090F8842102F0FF049AB90388A0F815
:10455000863180F885414B68C0F888318B68C0F897
:104560008C31064900F5BE7009F0BBFF204610BD36
:104570000124FBE71C46F9E72FC904F717EB0000FD
:10458000406890F8843153B90388A0F886311A2323
:1045900080F88531024900F5BE7009F0A2BF70476E
:1045A00017EB000010B50446FEF73CFE21F41E5147
:1045B000044B21F0100109040340090C6360A16061
:1045C00010BD00BF2FC904F737B50C464568FEF78C
:1045D00029FE0A4B95F8E22021F41E5121F010012A
:1045E000034009040093090C13408DF80030019139
:1045F0006B4603CB6060A16003B030BD2FC904F7E8
:10460000DB0410B5144604D5037D13B100234363C6
:1046100010BD436B013343630AF0F2FAD0E90D2376
:104620009A42F5D30023436302492046BDE8104077
:1046300009F060BF85EB000038B5446894F88E300F
:10464000012B0D4603D0D4F88030980745D494F858
:10465000D330990719D4284609F09FFE84F8DD006D
:10466000B5F80530A4F8DE30B5F80730A4F8E0302E
:1046700094F8D33043F0020284F8D320DA0711D53E
:10468000174904F1D40009F035FF94F8D330DB0763
:1046900018D4D4F8803013F0020208D055214020FD
:1046A000FCF736F994F83A31002BE9D1EDE743F005
:1046B0000203C4F8803094F8D030A4F8CE2001333F
:1046C00084F8D03094F88E30012B4FF0000003D1E5
:1046D00084F88E0084F8CC0038BD0120FCE700BFD0
:1046E0001DEC000070B545680446FFF72DF9054B39
:1046F00085F88D001B6801461BB12046BDE870405F
:10470000184770BD20070020024B1B6803B11847F3
:10471000704700BF1C070020F0B5204D2B78002407
:104720001470CBB3013B6F68DBB21D1B012D0BDC9A
:1047300007EBC40557F834606D688D4208BF8642A8
:1047400012D114700120F0BD1D196E1007EBC60EBA
:1047500057F836C0DEF804608445C5F347058E413E
:104760002CBF2B462C46E0E7B04271EB050502D288
:1047700014700020E7E707EBC30457F83350646870
:104780008C4208BF854201D11370DBE7A842A141EA
:1047900028BF01331370ECE71846D4E7581B0020FC
:1047A00010F0070208B503D063214820FCF7B0F8E9
:1047B00018B1034B197258601A70C80008BD00BFC9
:1047C000581B0020014B00221A707047581B002014
:1047D000014B187A704700BF581B00202DE9F743A2
:1047E0000AF056FA0DF1070206460D46FFF794FF50
:1047F00098B910490A780B7A93420ED04C68134648
:104800006FF060479DF80700984209D304EBC0039E
:10481000C3E9006501320A70012003B0BDE8F083EE
:10482000D81904EBC000D0E90089013BC0E9028936
:10483000DBB2E7E7581B002037B50AF029FA0DF183
:104840000702FFF769FF0446A0B10C4A9DF8070074
:1048500013785568013BDBB213701A1AD2B2411CAF
:10486000D200834238BF002205EBC10105EBC00036
:1048700006F096FB204603B030BD00BF581B002059
:104880000A46822302F8033B04480368C1F8033058
:104890004368536083689360704700BF611B0020CA
:1048A00002481622002106F035BC00BF611B002023
:1048B00082B002AB03E903000B48437D93B153067A
:1048C00010D50A880280D1F83022B1F888304260D1
:1048D000D1F8342205498260438002220C3002B0B4
:1048E000FFF7C2BA02B07047611B00208148000088
:1048F00038B5074D044600F15101286809F04CFC19
:1049000094F850102868BDE8384009F053BC00BF47
:10491000781B0020F8B504460E466588407F15F0E8
:10492000040508BF2946134618BF04F15F0132464B
:10493000FEF7DEFEC20705460BD5012384F8503092
:10494000607FFEF739FF0368C4F851308388A4F80C
:104950005530AB070CD5094E0127306884F85E70DE
:1049600004F15F0109F01FFC3068394609F02BFCA7
:1049700085F00400C0F38000F8BD00BF781B002064
:1049800038B5C38D0E4D0133C385AB7C04462BB1C6
:1049900002F07AFC01F014FE0023AB7400232B71AB
:1049A00094F879302BB101212046BDE8384008F059
:1049B0006DBA637C13B1E28D9A42F4D20021F3E721
:1049C000781B002010B5094C2379012B02D02379E4
:1049D000022B05D1A37C1BB102F056FC01F0F0FDC7
:1049E000E069BDE81040FFF7CBBF00BF781B002097
:1049F00070B5294C2379012B07D02379022B04D0E1
:104A000040F63C412D20FBF783FFA0B90125A37C94
:104A10001BB102F039FC01F0D3FD002D3AD0E06962
:104A200008F0ACF9002830D002F01EFB236ABDE884
:104A300070409B6818472168E26911F8095B02F130
:104A40005103E80992F8502009F010FA0028DDD04F
:104A50002068002109F0DCFB0028D7D02379E06929
:104A6000012B05D02379022B02D040F61541C9E76E
:104A70002379226A03F180435269013B05F00F015B
:104A800052F8233098470546C1E7E069BDE8704019
:104A9000FFF776BF70BD00BF781B0020074A0346B2
:104AA000D06903B909B9FFF76BBF1379126A03F133
:104AB00080431269033B52F823301847781B0020CB
:104AC0002DE9F043032985B0054690467BD090F848
:104AD00078300529DBB202D14288D0075FD5002BA0
:104AE0005DD10127DFF8E89099F81260B6B109F0BE
:104AF000F2F9082888F8000014D002AA0DF1070185
:104B0000FEF7CCFD20B940F685612D20FBF700FFB4
:104B10009DF8070002A90AF0C7F8064698F8003089
:104B2000082B08D1D9F8001011F8030BC0F380103E
:104B30000AF0BAF80646D9F8001095F8572011F88F
:104B4000030B05F15803C0F3801009F08FF9D9F871
:104B50000010044611F8030BC0F3801009F0B1F9FE
:104B60008146FEF73BFE40B1B9F1080F1CD0484624
:104B7000FEF760FD80F00100C0B298F80020082A1E
:104B800016D09CB96B7F991A4B424B416A885207E9
:104B900006D420B99EB9EB7C9BB1BB4211D0002357
:104BA000184605B0BDE8F0830020E6E70123EDE7F5
:104BB00014B180F00104E4B204F00103E6E73346E7
:104BC000EEE70123ECE743889B07E8D5022789E756
:104BD000781B00202DE9F04F85B008230DF1070266
:104BE000052104468DF80730FFF76AFF064620B915
:104BF0000026304605B0BDE8F08F7A4F3968FA7C60
:104C000011F8030B07F11403C0F3801009F02EF91B
:104C100080460028ECD13B68216A184691F896201E
:104C200010F8035B02EA551202F0010281F89620A7
:104C3000D3F80320C1F803208288A1F80720194681
:104C4000226A11F81F0BC0F38010907009798DF85B
:104C50000C10D3F80F10D3F81F00D161597D0290CA
:104C6000187D090441EA0021D87C01435162B3F860
:104C7000191040F2E24909FB01F191619D7DC5EBFC
:104C8000451105EB810505EB85056D009585B3F8AC
:104C9000171009FB01F19162B3F81B101184B3F8EE
:104CA0001D10518493F8243003F01F015B0982F832
:104CB000A21082F8B031256A94F912B002A905F168
:104CC000960009F0C1F940F20113A5F868304FF0E1
:104CD000FF0A85F86AA0414605F13000FFF7D0F8D9
:104CE00059462846FEF714FE236A84F883801A8802
:104CF000A4F8842084F8A1A04FF6FF72A4F8A220A3
:104D00009A69B2FBF9F2A4F89A201A8CA4F89C20B4
:104D10005A8CA4F89E2093F8B02184F8A020227F1A
:104D20009DF8070004F18E015AB394F85020012A2F
:104D300027D194F8562002F0C002402A21D1D4F89D
:104D40005120C4F88E20B4F855208A809A7884F8CF
:104D50008720082803F1030504F18802D3F8033003
:104D600004F1940134D0C4F89430AB888B8004F102
:104D70008701FEF793FC40B940F69B312D20FBF7ED
:104D8000C7FD0022C4F88E20DFE794F8873043F097
:104D9000020384F88730144904F17A0009F0A1FB7A
:104DA000236A12491A88A4F8BB2093F8963084F835
:104DB000BD3004F1B20009F094FB0D4B206A1B6872
:104DC00000223A71002B3FF414AF2146984710E7B8
:104DD000C4F88830AB8893800023C4F894308B806B
:104DE000D9E700BF781B0020EBEC0000BDEC000011
:104DF00028070020032973B5044604D0052952D0A2
:104E0000012002B070BD08230DF107028DF80730B4
:104E1000FFF756FE0028F3D0237C284D03B39DF8FE
:104E2000070094F8C630DBB9237884F8C730082827
:104E300004F1C90228D004F1C801FEF72FFC20B903
:104E400040F6FB612D20FBF763FD94F8C83043F07A
:104E5000020384F8C8301A4904F1BE0009F041FB8E
:104E60002B68062204265A701E702046FFF740FD6C
:104E700094F84020E16B286809F0BBF928682E718E
:104E800002F092F90020BCE72868034613F8031BE0
:104E9000C1F3801184F8C810D0F80310C4F8C91009
:104EA0009B889380D7E7074B1B6823B1984780F016
:104EB0000100C0B2A5E71846A3E700BF781B002099
:104EC000D3EC000024070020F8B504460F4619B3C0
:104ED00000F1280528460AF0F3F8A0B963881A07FC
:104EE0002ED528460AF003F9064628460AF0E8F8C7
:104EF000301AC0B20AF00BF9444A93681844906023
:104F000028460AF0B9F828460AF0BBF802F040F843
:104F10002179252001F036FF3C4D94F85E20286869
:104F20000023037043706388103B0D2B5ED8DFE8CD
:104F300003F0595D550C5D405D5D5D5D5D5D5D40FF
:104F40002046BDE8F840FFF71BBD06234370202331
:104F500003702046FFF7CCFC638823F008039BB264
:104F6000152B05D094F83820616B286809F032F9C8
:104F7000286802F019F9032321792B71002002F02F
:104F80000DF8064607B9E86063881B0704D50AF0E8
:104F9000BBF83044C4F8E0006388103B0D2B30D8D8
:104FA000DFE803F0322F29292F292F2F2F2F2F2F22
:104FB0002F290C2343702123037042B104F15F01B8
:104FC00009F0F1F80121286809F0FDF8C1E704F1C2
:104FD000580109F0E8F894F85710F4E70623037035
:104FE0004370B6E7022303700623F9E740F2266117
:104FF0002D20FBF78DFC21790120BDE8F84002F05F
:105000005DB940F6AA41F3E7F8BD00BF781B002068
:1050100038B54388102B044604D1BDE8384001213F
:10502000FFF752BF0B4DAB7C23B101F0AFFA40202C
:1050300002F01EF9286802F0B7F8608810F004004A
:1050400002D1217902F03AF9002002F0EDF80123B3
:105050002B7138BD781B0020024B0121D869FFF766
:1050600033BF00BF781B002010B5134CA37C1BB1CD
:1050700002F00AF901F0A4FAE06907F07FFE70B1CE
:105080002379E069012B0FD12379226A03F1804350
:10509000D268013BBDE8104052F823301847E06960
:1050A000BDE81040FFF76CBC2379022BECD040F632
:1050B00043312D20FBF72CFC781B002010B509484C
:1050C000037903F0FF0453B918222146043006F097
:1050D00021F802F0D9F801F073FA204610BD0C2433
:1050E000FBE700BF781B002010B5094C002323719B
:1050F0002060FFF7E3FF20B140F2F6212D20FBF7FF
:1051000007FC236A13B940F2F921F7E710BD00BF8D
:10511000781B0020014B024A1A627047781B00205E
:1051200004540000034B044A1A60044B044A1A60FA
:10513000704700BF24070020D54B0000280700203F
:10514000792800002DE9F041067DB31EDBB2012B6A
:1051500004468CBF4FF000084FF001087EB3B71E25
:1051600018BF0127012B36D800F1580190F85700DD
:1051700008F0A7FE082805462DD0FEF767FA58BBB1
:10518000657784F81C8084F85070FEF781FA054634
:105190000AF079F9174BA5FB0335181845EB010503
:1051A0000022C4E9120584F85E2011462046FFF76C
:1051B000B1FB70B940F293412D20FBF7A9FB3746B4
:1051C000082504F151010020FEF726F90028D7D167
:1051D0000020BDE8F0810825022EF2D0E37E002BEE
:1051E000F6D0D4F81530C4F85130B4F81930A4F81A
:1051F0005530C5E740420F00F0B5464E327987B0D2
:10520000044602F0FF0312B90278FF2A04D140F6E7
:10521000A9112D20FBF77CFB3382B3607371B3714E
:1052200080F879303C4B02933C4B03933C4B049306
:10523000336A02A85B68059301F0AEFF01F0E0FD60
:1052400002F022F801F0BCF9364801F07BFE364846
:1052500001F09CFF04F12800019009F00DFF019876
:1052600009F00FFF01F094FE2179252001F08AFD5D
:1052700094F9120001F060FE04F13401206B07F094
:1052800081FA04F13C010746206B07F0A0FA0546BD
:1052900017B194F82430C3B90DB194F82550237F89
:1052A00013B963885B0709D5D4E912126FF0004384
:1052B0009A4208BFB1F1FF3F09D185B93068033088
:1052C000FEF704FAB07407B0F0BD0125E7E70AF075
:1052D000DAF8D4E91223904271EB0303EDD30122F3
:1052E00005EA02012046FFF715FB68B1FEF7D0F989
:1052F00005460AF0C8F80D4AA5FB0232181842EB21
:105300000102C4E91202D9E7002DD7D040F6DE1120
:105310007FE700BF781B002069500000F1490000C2
:105320009D4A0000D6BE898E5555550040420F005B
:10533000F7B50446FFF760FF00212046FFF7C4FDE4
:1053400004F1680008F088FD236F0BB101221A6098
:105350006388DB0721D50023114E256ACDE9003390
:10536000FF23F37405F10A076846FBF717FFA0B99E
:10537000009CA542F8D06A7A607A3B4604F10A01A3
:1053800008F074FD0028EFD0A378F374D4F803007C
:105390007061044BB4F807209A8003B0F0BD00BFE1
:1053A000781B00208C1B0020024BD8611B6A1B68F5
:1053B000184700BF781B002043881B0710B5044620
:1053C00011D5036A0A493C2280F883201B88A0F883
:1053D0008430FF2380F8A1304FF6FF73A0F8A2308D
:1053E0007A3009F07EF8FF2384F8793010BD00BFD1
:1053F000EBEC0000F54D00001150000043ED000003
:105400003DED000031530000C54900005950000037
:1054100000540000F8530000F45300000138022843
:1054200008B503D9C3212F20FBF772FA13290A4BC1
:1054300005D811290CD8102907D0D121F3E7152957
:10544000FBD103EB4003D88801E033F8100008BD1E
:1054500003EB40039889FAE7D8A40200F8B52F4B74
:105460001A88402842EA00021A8005D1042198686F
:10547000BDE8F840FDF72EB9802801D10521F6E7F7
:1054800000F00302032A04D140F6CA113120FBF7D1
:105490003FFA10F0020418BFD960C50705D5CA78D5
:1054A0001961062A0DD00B2A18D02CB1DA68D278EF
:1054B000052A1FD00B2A2AD0820644BF08221A755B
:1054C000F8BD9A6892F88F101829EED100260027AF
:1054D0000121C2E93C6782F89310E6E79A6892F8E6
:1054E0008F10122901BF002182F89310012182F848
:1054F000D210DAE79A6892F88F101629DCD10024CE
:105500000025C2E93E45012182F89410D4E79A684B
:1055100092F88F101129CFD10021F5E79C1B0020B4
:1055200013B5044601A8FDF701FF20B940F2CA7186
:105530003120FBF7EDF922220021019805F0EAFD68
:105540000198032108F0B2FE0198037823F01003BC
:1055500003702146FEF754FA019906482246FEF7E9
:10556000DDFDFDF7F7FE10B940F2D471E0E702B0BF
:1055700010BD00BFA01B002070B5274CA36893F896
:10558000566293F85752002E3FD193F86810002DC1
:105590003DD193F8692083F8681083F86920FF22D1
:1055A00083F86A201D4B1B680BB1A0689847A3685D
:1055B00093F83431012B02D056EA050303D0184882
:1055C0000021FDF757FEA068303009F00CF80546C1
:1055D000A06800F24511FEF769FCA0680621FDF7FE
:1055E00079F8A068303008F0FEFF8542044610D2FA
:1055F00002F08CFD0146601B322838BF322004F0D7
:10560000FBFDB0FA80F0400970BD3146BFE72A4685
:10561000C1E70120F8E700BF9C1B002030070020F5
:10562000A01B0020002908BF1F21172810B5034622
:105630000BD80D280DD90E3809280AD8DFE800F05C
:105640000B0909090B090B09110BA0F12303022B0C
:1056500023D9002010BDBDE810400021184609F0F4
:105660005ABD114CA36893F88E20212A09D1201D20
:10567000FDF700FEA368002283F88E2083F8CC207B
:10568000E7E72E2AE5D193F88F30A3F12002062A0E
:10569000F0D92E2BEED02A21E9E7044B1B68002B12
:1056A000D7D0BDE8104018479C1B00202C070020D5
:1056B000114B09790246986890F88E30212B11D051
:1056C0002E2B0FD0282B0FD0042B0FD00F2B0FD049
:1056D0001D2B0FD090F88F30232B14BFFE201720E6
:1056E000FFF7A0BF1620FBE72320F9E70E20F7E71E
:1056F0001220F5E71420F3E79C1B002008B50C4BA3
:105700009B6893F81E21FE2A04D040F2D971312003
:10571000FBF7FEF883F81E0111B9A3F8CE1008BDFF
:105720000022A3F8C820012283F8CC20F7E700BFAD
:105730009C1B00200D4B1A7D9AB940B99B68B3F8A9
:1057400058109A8F91420FD81846FCF7B5BF1A88A7
:10575000120708D59B6893F89000073818BF0120FE
:105760007047002070470120704700BF9C1B00203D
:1057700070B54368D3F8803013F0300F86B004461C
:105780000D4655D1084608F022FE30B9294620467C
:1057900006B0BDE8704008F0DDBF2846666808F036
:1057A00012FE0590284608F00AFE0490284608F0EC
:1057B0000CFE0390284608F004FE3036DDE9033283
:1057C00000900599304608F020FF1A4B1A8892077E
:1057D00010D5DA68D278142A0CD16268D2F88030F9
:1057E00043F01003C2F88030204608F085FF002007
:1057F00006B070BD626892F88E101D29EDD092F847
:105800002B21002AE9D1626892F82A21002AE4D1EA
:105810006168D1F8802042F02002C1F880209A68A7
:10582000114602F5A77231F8300BFEF78DFBDBE76E
:105830000120DDE79C1B002010B5164BDB681979B1
:10584000436893F88E20092A09D193F819218A42D6
:1058500005D1002283F88E2083F8CC2010BDD3F828
:10586000802012F0080407D022F00802BDE81040A2
:10587000C3F8802008F04ABFFF2905D1332283F8FE
:105880008E2083F84C42E9E740F2DE413120FBF7FD
:105890003FF800BF9C1B002010B50B794268172B06
:1058A00092F88E2004460CD80D2B0CD9A3F10E01D2
:1058B000092908D8DFE801F00907070709070907E0
:1058C0001009232B26D0002010BD22460121BDE85F
:1058D0001040184609F01FBC212A01D02E2AF2D10F
:1058E000204608F000FF636893F88F20222AEAD050
:1058F00093F8E32022F0010283F8E320626892F833
:10590000E33023F0080382F8E3301A212046FDF744
:10591000B1FCD8E7282AD6D1024B1B68002BD2D085
:105920009847D0E7340700207FB5844C054600280F
:1059300040F0B88023881B0735D5A36893F81E2153
:10594000FE2A04D14FF4AA613120FAF7E1FFFE22CA
:1059500083F81E2193F88F201A2A07D183F8D100EB
:10596000201D08F0D3FEA36883F88F50A36893F836
:105970008E20332A42D03F2A49D0202A0AD193F8D8
:105980008F20A2F12001062901D92E2A34D12E22FE
:1059900083F88E20A36893F89020072A02BF022282
:1059A000627583F81E212388DE0734D423885807C4
:1059B00000F1A680990713D5E368DE780D2E00F07C
:1059C000A780112E00F0A680072E00F0A58030469B
:1059D000FEF75EFC0346002800F0A0805848984778
:1059E0002388DA065ED5A36893F88F200A2A59D156
:1059F0000B2283F88F2055E02122C9E7012283F88A
:105A00004D22002283F88E2083F8CC20C2E74C4838
:105A100008F069FEBEE7A368216993F88F30113B57
:105A20000B2B0CD8CB78023BDBB2092B00F2828027
:105A3000012202FA03F340F2333213427AD00846CD
:105A40000191FDF7CBFF019918B93D4808F082FE9E
:105A50004BE0CE78012E01D9162E11D1A368019109
:105A600093F88E0008F067FE019948B1A36893F897
:105A70008E20202A04D0212A10D12E2283F88E20B5
:105A8000112E37D028D8072E36D00D2E36D03046DE
:105A90000191FEF7F3FB0199034621E0162E0CBF9E
:105AA00020250225237D1B0713D5A36893F88F308B
:105AB000113B0B2B40D9002603A903200396FBF7CB
:105AC000D3FF039B2BB11E720C22A1680398FEF733
:105AD00087F9284604B070BD142ED8D1194B1B6825
:105AE000002BB2D021691648984700283FF45EAFDA
:105AF0000546D7E7144BF5E7144BF3E7144BF1E7F2
:105B0000A26892F89020062A04BF0122627551E72C
:105B1000104B63E7104B61E7104B5FE7FF2E06D198
:105B2000A268332182F88E1082F84C0258E740F2C6
:105B3000445109E70825B5E70825CAE79C1B002062
:105B4000A01B00203C0700202BF200009958000009
:105B5000B1560000BBF10000D9F100003958000037
:105B60002DE9F041A54CB4F800800E46A16818F468
:105B7000007F0ABFB1F8C2200023013201F1800585
:105B800007461ABFA1F8C23081F8C731A1F8C22078
:105B9000284609F039FB28B1434601F59E72284694
:105BA000FEF72EFD238803F4C06333B1A06890F89C
:105BB0009230002B4AD0032B4ED0A168238891F855
:105BC0009220012A04D11D0544BF022281F89220AF
:105BD000002F40F0AD8058065DBFB1F8E0210132E2
:105BE00092B23A46A1F8E02103F00A020A2A0DD146
:105BF000E268D278022A09D123F0080330462380D4
:105C0000FFF792FE08233043C6B223803046FFF7E9
:105C10008BFEA36893F81E213043FE2AC6B24FD1F3
:105C2000002E4DD193F89020063A012A48D993F8D6
:105C30002831B3B1A36893F82921A3F8C66083F88B
:105C4000202101210220FFF759FD39E0012180F8D0
:105C50009210FCF73FFDB0E7022380F8923001215B
:105C6000F7E7A06890F88F30A3F11005EDB20C2D86
:105C700011D8113B0B2B00F25681DFE813F00C0119
:105C80005401540154010F011701540154015401EE
:105C9000540154014201D0F88030D90702D5314671
:105CA0000920D0E79A0740F19A8031460C20FFF78F
:105CB00025FDA26892F8D33043F0010382F8D33077
:105CC000A568B5F8C03195F8C4810133A5F8C03195
:105CD000B8F1000F00F0E581FBF7B8FE10B100232A
:105CE000A5F8C031A16891F89280B8F1010F40F297
:105CF0000E8291F89030072B40F0EB81B1F8C23062
:105D0000022B40F20482B1F8C4500135ADB2B1F8B3
:105D100088302B44A1F8B83191F8C531002B00F040
:105D2000FF810123A268B2F888100B44A2F8BC31AD
:105D30002288A36855065BBFB3F8CC21B3F8BE1127
:105D400000225218A3F8CC2193F828312BB9A3686C
:105D500093F89030063B012B07D8A368B3F8C62010
:105D6000B3F8BE110A44A3F8C620A36893F8CC0088
:105D700030B1B3F8C820B3F8BE110A44A3F8C82064
:105D800093F9D0100029C1BFB3F8CE20B3F8BE51AB
:105D90005219A3F8CE2093F8B1205AB9002F40F041
:105DA0005982627D022A40F00E8293F82021062A51
:105DB00018BF1622A36893F8B0302BB9A368104817
:105DC00083F8B120FEF76EFAA06809F06EFAA368B6
:105DD000002283F8C321BDE8F041FDF7E1BA59077D
:105DE00002D5314613202EE71A070BD590F818314B
:105DF00080F820313146072025E700BF9C1B00209A
:105E0000A01B002013F0300F3FD090F82B31002B57
:105E100040F02682A36893F82A31F3B1A06890F885
:105E20008F30252B00F5957100F256222BD090F87B
:105E30008E30A3F1250CDCF1000343EB0C0308F0DA
:105E4000D6FBA268D2F8803023F0200343F0100381
:105E5000C2F88030002382F82A31A068D0F8803060
:105E6000DA0640F1FD8100F24511FEF71FF8A36844
:105E7000B3F85220A3F82021B3F85620A3F822212A
:105E800000211520DFE60123D9E75B0640F1E88118
:105E900000212420D7E600210B20D4E6FEF774FA77
:105EA00000283FF40DAF00210420CCE690F84832E2
:105EB000012B08D100210520FFF720FCA368002258
:105EC00083F84822FCE6A36893F84832022BD8B244
:105ED0007FF4F6AEA36893F8D25006221DB183F882
:105EE00020210021E8E78C48032108F01EFCA3686C
:105EF00093F8E23013F0040F294614BF11200D204F
:105F0000DAE7002106209EE693F83421022A02D126
:105F10000021172097E693F83421012A03D193F842
:105F20003531002BF4D0A36893F88E206AB993F82A
:105F30008F20103A0C2A40F2A38193F8C020002A47
:105F400000F09E81012112207DE6092A40F0948113
:105F500093F8192183F8202101214CE7A36893F8D5
:105F60003A319BB1A36893F8D33013F003050DD1F8
:105F700001210C20FFF7C2FBA36893F8D32042F065
:105F8000010283F8D32083F83A519BE7A36893F882
:105F90002A3153B3A36893F82B3133BBA06890F830
:105FA0008F30252B00F5957100F256221BD090F80A
:105FB0008E30A3F1250CDCF1000343EB0C0308F059
:105FC00016FBA368002283F82A2101211420FFF781
:105FD00095FBA368B3F85220A3F82021B3F856200C
:105FE000A3F822216CE60123E9E7A36893F83421A2
:105FF000012A4CD193F83531002B48D1A16891F892
:106000008F30A3F12002062A41D92E2B3FD091F8E0
:106010006850012D06D0022D04D040F21731062021
:10602000FAF776FC91F86900012801D00228F4D132
:10603000022D91F836210AD0012A14BF0022012234
:106040003AB90A3B042B12D901211620FBE5022A9A
:10605000F3E7022891F8372117D0012A14BF002254
:106060000122002AEDD02C480021FDF703F9A36896
:1060700093F88E20002A7FF423AE93F84C32002B45
:106080003FF41EAE0121FF20DDE5022AE6E7234BA7
:106090001B68002BEBD020489847FE28E7D0012151
:1060A000D1E5FBF7CDFC08B1A5F8C081FBF7D6FC24
:1060B00000283FF417AE95F8C7310133DBB2022B4D
:1060C00085F8C73182BF0023A5F8C03185F8C731F4
:1060D00008E691F8C0301BB191F88E300F2B16D125
:1060E000B1F8C450B1F8C23001F18000ED1A033D9F
:1060F00009F08AF868B1D1F8B830D1F8B420033B80
:106100009B1A9D42A8BF1D46012D3FF7FFAD0125FB
:10611000FDE52B46F5E700BFA01B00203807002057
:10612000012D7FF6FEAD91F88F3013B10B2B7FF46C
:10613000F8AD91F88E30002B7FF4F3AD91F89030EC
:10614000002B7FF4EEADB8F1020F7FF4EAAD91F8C9
:10615000C731002B7FF4E5AD086906F094F90028FB
:106160003FF4DFADA26892F81E31FE2B7FF4D9AD6B
:10617000B2F8BA31012B7FF6D4ADB2F8C011138C4E
:106180009942BFF4CEAD5B1A013DADB29BB29D42C8
:1061900028BF1D466B1C9BB292F8772072B9A1688C
:1061A0000A6F5AB1B1F8BE20B1F88810521A91B2F4
:1061B00012B2002A02DD9342A8BF0B46A268012159
:1061C00082F8C211AEE5012A09D193F89120002A84
:1061D0007FF4F0ADA0680021FCF77CFAF7E55EB132
:1061E000F00635D4310735D4B20635D4B30735D1EE
:1061F00040F64C11312013E738B1B3F8C800B3F8BA
:10620000CA20904201D32222D4E5002905DDB3F84B
:10621000CE10B3F8CA209142F5D2B3F8C610B3F845
:10622000C42091420BD2A36893F89210B3F8C22015
:1062300051B1B3F8C4309342CCD80822BAE593F8F0
:106240002831002BDFD1EEE7052AC3D93E22B1E584
:106250001E22AFE53D22ADE52322ABE52A22A9E5CA
:10626000A36893F88F20222A3FF44EAE312A7FF4A0
:106270005AAE00211120E6E40C2D3FF6F8AE1FE5E2
:106280000C2D7FF61DAD93F83B31002B3FF466AE2D
:1062900001210E20FFF732FAA368002283F83B2188
:1062A00010E600BF73B5664D002401262E71A8606C
:1062B0002C802C756C75FF2380F8C331AB6818886F
:1062C000FDF72EF8AB681888FDF754F8AB68B3F803
:1062D000BA21EAB193F81E21FE2A19D193F8283188
:1062E000B3B1AB6893F89020063AB24210D993F854
:1062F0002921A3F8C64083F8202102203146FFF768
:10630000FDF9AB68022083F8C241FFF709F904E008
:10631000AB6893F81E01FE28F7D1AC68B4F8BE3123
:10632000B4F8C021013B12FA83F2A4F8C021B4F8FA
:10633000C22099B212FA83F3A4F8C23004F18000AB
:1063400008F062FF20B1D4F8B4300B44C4F8B43084
:10635000B4F8BA31012B9CBF0133A4F8BA3100263E
:1063600009B184F8C76194F88F3084F8C261A3F151
:106370000A02012A1FD8B4F88830B4F854229B1AB4
:10638000190432D404F2562104F1960007F05CFEA1
:10639000AB6883F88F60FF2283F8EA20A968B1F820
:1063A000BE2101F1800007F095FEA0B340F6D701B1
:1063B0003120FAF7ADFA252B17D1B4F85422B4F8EE
:1063C00088309B1A1A0410D484F88F60FFF7D4F831
:1063D000AB68014630B983F8340102B0BDE87040C3
:1063E000FFF7BEBB83F83461D8E794F88E3003F032
:1063F000FD03252BD2D1B4F88830B4F854229B1A6F
:106400001B04CBD4002384F88E30FFF7B5F8014687
:106410000028C3D1E1E70B4B0B49009303C90B4B99
:106420000B4AFBF7DFF9AB6893F88F30113B0B2B6E
:1064300004D802B0BDE87040FBF7CCB902B070BD23
:106440009C1B0020615B0000A01B00203557000052
:106450005D54000038B50446084694F8483213B13C
:106460000C25284638BD94F88F30153B012BF7D802
:1064700094F86C3203F0FF05002BF1D1A1B194F830
:10648000DE3123B940F6A1113120FAF741FA074B6A
:106490009968052301F5807201F5E77104F068FB46
:1064A000012384F84832DCE70223FAE79C1B002032
:1064B000D0F85C328269934210B5044604D1D0F81A
:1064C0006012026A914215D02288A4F89A2140F203
:1064D000E242B3FBF2F3A4F89C31B4F86032A4F8C2
:1064E0009E31B4F862320949A4F8A03104F5C870AD
:1064F00008F000F802212046FDF7A8F9002384F8EF
:106500008F30032384F8923010BD00BFA1E8000053
:1065100008B5FDF7D7FD024B024A1A6008BD00BF5F
:106520003C07002071570000064BD3F8000138B13A
:10653000D3F8040120B1D3F80801B0FA80F0400983
:10654000704700BF00F00040034B00221A705A70E1
:1065500010229A70704700BFB41B002070B5064629
:10656000022014460D4600F08BF9064B01221A70EA
:10657000054B033CC3F81045C3F80865C3F8045540
:1065800070BD00BFB41B002000F0004008B5022021
:1065900000F076F9084B01221A70084B0022C3F86C
:1065A0000021C3F80421C3F8082103F580334FF418
:1065B0000002C3F8042508BDB41B002000F0004011
:1065C0000D4A08B513787BB10C4B4FF40001C3F8AA
:1065D0000815FFF7A9FF60B101235370084BD3F8EA
:1065E0000034937000231370BDE80840002000F0D1
:1065F00047B950701023F4E7B41B002000F00140AD
:1066000000F000400A4B1A786AB10A4BD3F8002117
:106610005AB1D3F8040120B1D3F80801B0FA80F0E0
:106620004009C0B27047587870470220704700BFD9
:10663000B41B002000F0004008B5074B1A783AB1AF
:10664000FFF772FF30B1054BD3F80004C0B208BDAC
:106650009878FCE71020FAE7B41B002000F0004017
:10666000024B00221A705A709A707047B71B0020B4
:106670002DE9F04104461C4D01201E468846174670
:1066800000F0FEF804F003002E7140EA0643174EB6
:1066900043F08073C6F80435C6F8088504F054FB4F
:1066A00030B9D6F8183523F0FF033B43C6F8183548
:1066B0000F4B104AC3F8082514F0FB0F01BF0E4A18
:1066C000C3F89825FC3AC3F89C250122022C6A7075
:1066D000EC7007D8054B2A700021C3F80011C3F8ED
:1066E00000121A60BDE8F081B71B002000F00040E6
:1066F00000F001400000020200F10040214A5378FE
:1067000070B523B94FF404713C20FAF701F91E4B20
:10671000C3F80C15C3F81005D57801249470C5B9D9
:1067200012780AB9E121EFE7184AC3F804514FF48F
:106730000035C2F80455D3F8006116B15C60C2F8A8
:1067400008550B7803704B78043343708B78837053
:1067500070BD042D4FF0000106D11470C3F8041170
:10676000C3F800421C60F3E7127812B940F20D1131
:10677000CAE7C3F80411054B4FF00072C3F80425B3
:10678000E6E700BFB71B002000F0004000F001402A
:10679000084B1A784AB10849084AC1F8082500226E
:1067A000C1F89825C1F89C251A7000225A709A7079
:1067B000704700BFB71B002000F00140000002023C
:1067C000194B1B7870B523B940F27F213C20FAF7B2
:1067D0009FF8164CD4F80431BBB90223C4F8043333
:1067E000134B144E1D691A6942F0100205F0100592
:1067F0001A61D4F804317BB125B90D4A136923F02D
:10680000100313610223C4F80833084BD3F80004C3
:10681000003818BF012070BD4FF40043C6F8803126
:1068200008F05FFEE5E700BFB71B002000F0004066
:1068300000ED00E000E100E0014B01229A607047AA
:1068400000F0004008B50B4B4FF40042C3F8802025
:10685000BFF34F8FBFF36F8F074B0022C3F80025A4
:10686000C3F80025FFF794FF044B4FF40002C3F870
:10687000082508BD00E100E000F0004000F0014004
:1068800038B5144C0023C4F80035C4F8003505466B
:10689000FFF77EFF104B4FF40002012DC3F80825CF
:1068A00003D0022D08D085B938BD0223C4F80035C5
:1068B0000A4BC4F81435F7E70321C4F8001507495B
:1068C000C4F81415C3F80425EEE782213D20FAF739
:1068D0001FF800BF00F0004000F00140BC1B00208A
:1068E000024B00221A809A701A717047C81C00204F
:1068F00038B5144D95F841200346084622B940F6B4
:106900004F013E20FAF704F86BB9012AEC6B95F8B9
:10691000401005D100F05CFE2044AB6AC01A38BDBF
:1069200008F0EFFCF8E7012B0AD1012AEC6B95F88F
:10693000401002D100F03EFEEEE708F0EDFCEBE780
:106940000020EAE7C81C002008B5094B012883F89D
:106950002000084B06D0022808D040F675513E2092
:10696000F9F7D6FF0322C3F8102508BD0422FAE781
:10697000C81C00200010004008B5144B93F84D309F
:10698000D90721D59A0711D5114BD3F8002242F02F
:106990000102C3F80022D3F8503503F0F603022BAE
:1069A00012D140F20D613E20F9F7B2FF5B070BD523
:1069B000084B094AC3F8AC25A3F5B833D3F84031E6
:1069C00013B140F21461EEE708BD00BFC81C0020FF
:1069D0000010004000F001400810004007B50B4ACD
:1069E00001AB92F9212000F037FE9DF9040000F080
:1069F000D9FD9DF8050000F0A3FE20B140F2DE5164
:106A00003E20F9F785FF03B05DF804FBC81C0020A9
:106A100008B503460F4863B92831C1600E4900F03C
:106A200077FE0130012814D940F235713E20F9F784
:106A30006FFF012B0AD12931C160074900F06EFEBA
:106A40000130012805D940F23F71EFE740F2437170
:106A5000ECE708BDE8040020F8A4020008B50C4BE0
:106A60009B78012B09D100F05FFE013001280ED97F
:106A70004FF40A613E20F9F74BFF022B07D100F0DB
:106A800059FE0130012802D940F6A601F2E708BDFF
:106A9000C81C0020044B03441A7E044BC3F808258D
:106AA000C3F85405704700BFF8A40200001000406E
:106AB00038B50D460446FFF747FF2846FFF7EAFFC3
:106AC00029462046FFF78AFF04F06AF990B10A4987
:106AD0004FF08053D1F88825D3F82033022C0CBF17
:106AE000C3F30663C3F3062322F4FE4242EA032300
:106AF000C1F8883538BD00BF0010004010B50C4605
:106B0000FFF722FF2046FFF7C5FF0E4B5A78012AF8
:106B100003D1D8782146FFF761FF0B4CD4F800323F
:106B200043F48873C4F8003204F03AF940B904F031
:106B300047F928B9D4F8683543F4C023C4F8683558
:106B400010BD00BFC81C002000100040F8B53A4C32
:106B50000D461646074600284ED1104694F82210DE
:106B6000FFF7A6FF22780123A3709A42334B4FEA26
:106B700046061E4430D1B6F840304FF47A7203F521
:106B8000FA73B3FBF2F3ED1AA16A2D4A2D4E2E4B88
:106B90000D44C6F84055C2F8A835636C43F4002391
:106BA00063644FF40023C2F804352378002B3AD1F4
:106BB00094F84D3043F0020384F84D300124FFF780
:106BC000DBFEF464D6F84C359D4233D9384629466D
:106BD000FFF71EFF2046F8BDB6F846304FF47A7135
:106BE00003F5FA73B3FBF1F3ED1A002ACCD1144B81
:106BF000164AC3F8AC25C7E701280FD194F8221034
:106C00001046FFF77BFF0223A3702378012BBBD034
:106C1000293D002BB8D10A4B0D4AEAE74FF4FB613E
:106C20003E20F9F775FE012BC8D194F84D3043F0A2
:106C30000403C1E70020CEE7C81C0020F8A402002E
:106C400000F0014000800040408100400010004002
:106C50000410004010B560220021194804F05AFACF
:106C6000FFF73EFE04F052F860B124221548FF21E0
:106C700004F050FA4FF080430022C3F8082EC3F806
:106C8000102E10BD04F04CF80028EED104F052F89C
:106C90000028EAD104F06EF808B14022E6E704F0DB
:106CA0005FF804460028F8D106483822FF2104F096
:106CB00031FA4FF08043C3F8084EC3F8104EE0E7B6
:106CC000C81C0020000E0040024B1844007E00F556
:106CD00016607047F8A40200014B93F8400070471B
:106CE000C81C0020024BD86B9B6AC01A704700BFBB
:106CF000C81C0020094A936A906B92F84010C01A91
:106D0000074B03EB8103DA6C9B6D801A03F2F313DC
:106D10004FF47A72B3FBF2F3C01A7047C81C00201C
:106D2000F8A4020008B5FFF7E5FF034AD2E90C31E9
:106D3000C01841F1000108BDC81C002008B50F4A69
:106D400092F84010012906D0022914D04FF42A717C
:106D50003E20F9F7DDFD40F6B830936B926A9B1A3E
:106D6000074A02EB8102D26C9B1A4FF47A72B0FB95
:106D7000F2F0184408BD4FF4FA60EEE7C81C00209A
:106D8000F8A4020008B5134B012983F84C0006D083
:106D900002291BD040F2E6213E20F9F7B9FD00237D
:106DA0000D4A43F4801340F0007043F4847340F4C0
:106DB0004030C2F81435C2F81805D2F8503503F047
:106DC000F703032B05D140F2FD21E5E74FF0807377
:106DD000E6E708BDC81C00200010004008B503F01D
:106DE000DFFF50B1054AD2F8743723F0807323F0E7
:106DF000010343F08073C2F8743708BD00100040EF
:106E0000464B022270B5C3F88020BFF34F8FBFF30B
:106E10006F8F434C0023C4F8FC3F0123C4F8FC3FB0
:106E200003F0CEFF28B1D4F83C3743F48063C4F8B4
:106E30003C3703F089FF58B1D4F83C3723F00043C6
:106E400023F0FF0343F0004343F09603C4F83C37BC
:106E500003F0A6FF324C38B1D4F8403723F47F4317
:106E600043F4B053C4F840372E4BC4F8783700F0E1
:106E700077FC38B14FF08053D3F83033591C18BF2A
:106E8000C4F84C374FF01023254C1B6E5A1C09D008
:106E9000D4F88C251B0403F47F0322F47F021343F0
:106EA000C4F88C3540F20313C4F834351E4D40F25B
:106EB0005B63C4F838350123C4F8303585F82030D9
:106EC0000323C4F8103540F20123C4F850360226DB
:106ED000164BC4F80062187C00F048FC144B154AAD
:106EE000C3F804250023A5F84030EB6385F84D3046
:106EF00002F0B0FBC5E90C0102F0BAFB074BA86237
:106F00001022C3F88061C4F804231E602B6E03B105
:106F10009847BDE8704000F0EFBB00BF00E100E023
:106F2000001000402C000089C81C0020E80400204C
:106F300000F001400000020C014B83F82100704773
:106F4000C81C0020034B020E0002C3F82425C3F81E
:106F50001C0570470010004038B5044600680A4D13
:106F6000FFF7F0FF094B6268C3F83C25237A85F8E8
:106F70002230617AA07AFFF705FF607AFFF7E4FC20
:106F8000E37A85F8213038BDC81C0020001000408D
:106F9000014B83F822007047C81C0020F8B5244E2E
:106FA00096F84D30DA0705460F4604D44FF4ED61EC
:106FB0003E20F9F7ADFC1F4CD4F8002243F0020349
:106FC00042F00102C4F8002286F84D3000BB96F86A
:106FD00022103846FFF76CFD174A0123B370D364C3
:106FE0002360154BD3F84C4528462146FFF710FD8A
:106FF000B06A241ACDB9114901EB47074FF47A71F1
:10700000B7F8460000F5FA70B0FBF1F02044F8BD87
:107010000128E6D196F822103846FFF76FFD0223CB
:10702000B370054BDD646560DBE704F12900EEE732
:10703000C81C00200010004000800040F8A402009E
:1070400008B5FFF783FD58B9064BC3F84005A3F513
:10705000E04301221A610220BDE80840FCF7E0BECF
:1070600008BD00BF00800040244B13B51022244906
:10707000D3F80443C3F808230222C1F88021214930
:10708000C3F80022002281F84D201F49C1F8402595
:1070900001F5B8314FF46020C1F80805D3F8501558
:1070A000C9B204F01004D9B1FF218DF80710C3F85C
:1070B000102101221A619DF8072012B1D3F8102186
:1070C0003AB19DF807305BB940F68F013E20F9F7E1
:1070D0001FFC9DF80720013AD2B28DF80720EAE79D
:1070E000FFF7BCFC05490023C1F81031FFF7F8FB9E
:1070F00014B11023C1F8043302B010BD00100040D9
:1071000000E100E0C81C00200080004038B51B4DA5
:107110000024C5F84845C5F84445C5F84045C5F8BC
:107120004C45FFF7A1FF00F0EDFA154B15495A6CDD
:107130005C6442F0446242F40032C1F80825C3E9BD
:107140000E441C76104BC5F848450222C5F844454C
:10715000C5F84045C5F84C45C5F84841C5F8444117
:10716000C5F84041C5F84C41C3F88020BFF34F8FAC
:10717000BFF36F8FC3F8802138BD00BF008000408F
:10718000C81C002000F0014000E100E0014BC3F802
:107190003C0570470010004010B50FC8014C84E852
:1071A0000F0010BD2C1D0020064BC3F80405064B34
:1071B00093F84D20986442F0010283F84D20FFF7C8
:1071C000DBBB00BF00100040C81C002008B5134BFB
:1071D0009A6A1044DA6B824204D340F606113E20CC
:1071E000F9F796FB0E4AD861012119765164D2F85D
:1071F0004415884202D840F60F11F0E70021C2F88A
:107200004411C2F844055A6C42F480025A64054B9A
:107210004FF48002C3F8042508BD00BFC81C00203D
:107220000080004000F0014010B50F4C034694F878
:10723000410094F840100222012822764FF0960077
:1072400094F820200CD100F0D1F9084AE061002325
:10725000C2F84431E36BE1690B44C2F8443510BD18
:1072600000F0DEF9F1E700BFC81C002000800040FC
:10727000044BC3F86005D3F8002242F04002C3F883
:107280000022704700100040054BD3F8002222F086
:107290004002C3F800220022C3F86025704700BFF7
:1072A00000100040044BD3F8483503F07F035B42E5
:1072B00003700120704700BF0010004008B50D4B5F
:1072C0000A46D9700021197088B90121597099783E
:1072D00002290ED193F822101046FFF77FFB064AD1
:1072E000D2F8003243F48873C2F8003201E002227F
:1072F0005A7008BDC81C002000100040024B00223C
:10730000C3F84025704700BF00800040044B30B5F3
:10731000D3E914459B6DC0E900450B6030BD00BF4B
:10732000C81C00202DE9F843924D934C0123EB64D7
:10733000A36AD5F84C7594F84C90FF1A02F006FF3A
:107340000026C4E91406A765FFF788FB8B4B626C27
:10735000C3F808258A4A6664D2F8003223F48E7393
:1073600023F00103C2F80032237E84F84D6023B17C
:10737000D5F844319B1B18BF0123A178012938D1CE
:10738000D2F80C31002B0CBF0025082515F00B0F8F
:107390007B4B04D1D3F810210AB145F0100500222F
:1073A000C3F80021C3F80C21C3F81021C3F804214D
:1073B000C3F8082105F01803102B03D1012908BFD9
:1073C00045F020056B4B6678D3F84825E263D3F887
:1073D0004435A36394F8203084F8403084F8411099
:1073E000EEB9FFF77DFA2676EF0761D5636E984711
:1073F0008EE0022911D1624AD2F80C01D2F80024A1
:1074000000280CBF00250225D20758BF45F004050F
:10741000002BBBD045F00105B8E70025B6E715F015
:10742000110F21D12379B6F1010818BF4FF00108DF
:10743000012B26781CD0022B2FD09BBB96214046D7
:10744000FFF756FA0146FFF74BFA012E07D13B37FB
:107450008F422AD8474B26700022C3F84021E27899
:107460004046FFF7EDFD01E0FFF7FEFD0026BBE71C
:107470004448FFF771FD94F8413023B940F25F7141
:107480003E20F9F745FA012B04D1FFF757FC61695B
:107490000144D8E7FFF72EFCF9E73A48FFF75CFD17
:1074A0006169D0E740F67F21EAE7354B1E619BE733
:1074B000A80745D503F074FCE8B903F081FCD0B906
:1074C0002F4BD3F85034D90115D51A0705D013F036
:1074D000F00F02D013F4706F0DD1294AC3F30441A9
:1074E0000129D2F8542406D1012A04D0C3F342530F
:1074F000022B7FF67BAFA36C5B784B4588BF45F0D2
:10750000040585F00400A36E3146C0F3800098475F
:10751000A378022B12D1237E83B1022B154A1DD1F1
:10752000E36BE1690B44C2F84435636C43F48003B8
:107530006364124B4FF48002C3F80425BDE8F8835E
:1075400015F0280F06D085F02001E36EC1F340113D
:107550003046DCE7EB06DBD5236F48E7012B02D092
:1075600040F65F418CE7E369E16B8B42DBD84FF477
:10757000466185E700800040C81C002000F0014003
:1075800000100040D01C0020024B03EB8000C06CB8
:10759000704700BFF8A40200014B53F82000704769
:1075A00050A50200024BC0B2C3F80C05704700BFE3
:1075B00000100040054B33F8113002384FF47A7256
:1075C00003F2E733B3FBF2F31844704768A50200F7
:1075D000054B33F811304FF47A7203F57A73B3FB2D
:1075E000F2F31844704700BF68A5020038B51D4685
:1075F0000A4B33F8111003EB820305359C682144D4
:107600004FF47A7301F6B73103FB00141046B4FB54
:10761000F3F4FFF7B9FF2C44204438BD68A50200FD
:1076200070B5064608461546FFF7B6FF094A02EB55
:10763000850291684FF47A7201F6B73102FB0613A6
:10764000181AB0FBF2F42846FFF79EFF05302044DD
:1076500070BD00BF68A502002DE9F74F244C074616
:1076600098460D46164600F0A3F82378BB428146A3
:1076700011D16378AB420ED194F90230B3420AD1F2
:10768000E378834207D1A388A8F8003094F9060074
:1076900003B0BDE8F08F781EC0B203280ED8DFF823
:1076A00054C00DF107031CF800003246294600F0D3
:1076B00085F8824638B13D21752002E040F26B41E9
:1076C0000620F9F725F928469DF907B0FFF7FCFADF
:1076D000534602464146584600F038F8B8F80030A4
:1076E000A071A38027706570A67084F80390CDE721
:1076F000000500207CA50200014B1B685B68184751
:1077000040070020014B1B689B681847400700207A
:10771000014B1B681B69184740070020014B1B6881
:107720005B69184740070020014B1B689B6918479D
:1077300040070020014B1B68DB6918474007002009
:10774000014B1B68DB6A18474007002010B4034C4C
:107750002468E468A4465DF8044B604740070020B5
:10776000014B1878704700BF1822002000220F49F3
:1077700038B50446134644FA02F0C007D5B248BFF4
:10778000581C02F1010244BFCD54C3B2042AF2D105
:10779000064DC3F10402042BD2B24FF0FF0188BFA3
:1077A0000022E81803F0B6FC2C7138BD242200201A
:1077B000014B187D704700BF401D0020042810B504
:1077C00011D883B104280CBF10242824A1420AD266
:1077D000064C54F8200018B141568A42A8BF0A4608
:1077E0001A70002010BD6FF01500FBE7401D00204F
:1077F00030B50246114890F91C3093421ADD90F9D9
:107800002430934218DAD31A856A0D4CE85C23566B
:1078100093420ED00E3400290CBF0346431CA542F0
:10782000D8B206D129B1013AD2B2012A01D8013029
:10783000C0B230BD0D20FCE70020FAE7401D00205B
:1078400080A5020008B5054B93F91C30984203DA75
:10785000FFF7CEFF024B1B56184608BD401D002007
:1078600080A5020010B51C4C94F82C3073B901238C
:1078700084F82C3003F05EFA48B1184BA362D82389
:10788000236284F824300823A361237710BD03F01A
:1078900067FA0028F1D103F06DFA0028EDD103F06A
:1078A0002BFA38B10E4BA362D823236284F824301C
:1078B0000423E9E703F02AFA0028F3D103F030FAB1
:1078C0000028EFD103F040FA0028EBD14FF4DF712C
:1078D000742002F0D7FF00BF401D0020BBA50200AE
:1078E0008EA502004FF08042012353600023C2F8AE
:1078F0000031014A137070476D1D0020014B0122B9
:107900001A7070476D1D00204FF08043D3F800318E
:1079100023B9034B187800F0010070470120FAE703
:107920006D1D002070B50A4D012604462E70FFF72C
:10793000EBFF30B94FF080436E706C60C3F80463A6
:1079400070BD002CFCD0A04700236B60F8E700BF9F
:10795000701D0020024B00221A705A705A60704746
:10796000701D002010B5034C208100F095FB608154
:1079700010BD00BF701D0020014B9889704700BFEB
:10798000701D0020014B1889704700BF701D00203A
:10799000014B5889704700BF701D002008B509B31E
:1079A000F8B14FF0FF331A46E0FB01320E498A422C
:1079B00004D940F2D3116D2002F064FF180D40EAA3
:1079C0000230C3F30F134FF22441B0FBF1F203EB8B
:1079D0000040064B03FB1200B0FBF1F040EA02400E
:1079E000013008BD0846FCE73F420F00000024F4C8
:1079F00010B5EFF3108472B6064A937B0133DBB205
:107A00009373937B012B01D107F0D3FC04B962B6C9
:107A100010BD00BF701D002038B5FFF7E9FFFFF76C
:107A200073FF094C4FF0804540B107F0EDFC012396
:107A30002B610423E3730023237438BD0323E37312
:107A40000123C5F80433F6E7701D002010B5EFF3ED
:107A5000108472B6094A937B23B94FF4F8716D20F4
:107A600002F010FF937B013BDBB29373937B0BB966
:107A7000FFF738FF04B962B610BD00BF701D0020CB
:107A8000024BD87B003818BF01207047701D0020C2
:107A900073B51B4D6B7C63B9E86900F0030007F018
:107AA000A2FC30B1EFF3108372B6EA7B1AB103B9CE
:107AB00062B602B070BD0122EA7303B962B64FF03C
:107AC00080430822C3F808234FF42073ADF8063032
:107AD000BDF80640A4B2631E9BB2ADF80630002C80
:107AE000F6D14FF080460748C6F80C4107F0DBFCA2
:107AF00085F82140FFF790FF0823C6F80433D8E744
:107B0000701D0020901D00202DE9F041384C94F8A4
:107B10002230002B69D04FF08043D3F80071D3F8A6
:107B2000046157B10122C3F8082363782BB163685D
:107B3000002565700BB1984765604EB14FF08043EA
:107B40000022C3F804210222C3F80823FFF7A0FF94
:107B50004FF080462748D6F80C8194F82150EDB2BA
:107B600007F0A5FC20B14FF423716D2002F08AFECE
:107B700047B1E37B032B05D10423E37307F044FCF7
:107B800001233361B8F1000F16D04FF0804300227B
:107B9000C3F80C21E37B042B02D040F2AA21E4E7D6
:107BA00003F0F2F8C0B14FF080430022C3F8342C48
:107BB0000223E373FFF74AFF4DB1002384F821301D
:107BC000E37B022B01D1FFF727FFFFF73FFFBDE863
:107BD000F041084807F07ABC03F0B6F80028E2D17B
:107BE00003F0C8F80028DED1E2E7BDE8F08100BF6D
:107BF000701D0020901D002010B5044CE06900F0BD
:107C0000030007F0F0FB0028F8D010BD701D002025
:107C1000F8B5054650B10278042A07D8437842B92E
:107C2000013B1F2B02D88378212B07D96FF0150059
:107C300077E0002BFAD18378002BF7D1814B012715
:107C4000C3F88070BFF34F8FBFF36F8F4FF0804644
:107C5000C3F880717C4C4FF0FF33C6F80833002323
:107C6000C6F80031C6F80431C6F80C31A373AB88EE
:107C7000A38107F0A3FB08B12770A773D6F80C24E3
:107C8000D6F80C34D20303D5DF0701D5FFF736FE53
:107C90004FF4AF60FFF766FE2B78A978637400227B
:107CA000E261A1742274042B4ED8DFE803F00503CF
:107CB0003B494B000123E36107F087FB00284ED0CE
:107CC00007F08AFBE36903F00303984247D1AB79DD
:107CD000002B3ED1FFF790FFA37C6BB12B785BB9F3
:107CE000FFF712FE054602F04DFF6FF00043002D36
:107CF00000F0A580C4E905034FF08043D3F80C24BD
:107D0000D3F80C34D20303D5DB0701D5FFF7F6FD1A
:107D10004C4A01230020E07384F82230C2F88031FD
:107D20001360F8BDFFF764FE4FF08043D3F80C14E6
:107D3000D3F80C24CE03F9D5D007F7D50223BAE740
:107D4000424BB8E7424BB6E74FF47F716D2002F02B
:107D500099FD4FF080430222C3F80423BCE74FF0A3
:107D600080430122DA600022C3F80421E269C3F8EB
:107D7000182502F0C1FF10B34FF080534FF080423E
:107D8000D3F84432C3F34233C2F83C3502F0B4FFB7
:107D900010B34FF080430122C3F84C254FF08043CD
:107DA00001229A600222C3F80423AA79002A93D1FF
:107DB000D3F8042391071CD440F2B331C6E702F094
:107DC000A5FF0028D8D102F0ABFF0028D4D102F0E3
:107DD000BBFF0028D0D1D9E702F098FF0028D8D106
:107DE00002F09EFF0028D4D102F0AEFF0028D0D1CF
:107DF000D4E7184A1669116941F010011161D3F8EE
:107E0000043106F010060BB907F06DFB4FF0804708
:107E1000D7F8043183B1FFF7EFFE26B90D4A136995
:107E200023F0100313614FF080430222C3F80823AC
:107E30000022C3F804214FE707F053FBE8E7C4E949
:107E4000053059E700E100E0701D0020010002004C
:107E50000100030000ED00E010B50D4C04F120001E
:107E600007F025FB48B9E37B022B01D1FFF7D4FDD6
:107E7000BDE81040074807F029BB074A012384F8F2
:107E80002130BDE81040C2F80031FFF7B1BD00BF9E
:107E9000701D0020901D002000E100E0074B07B599
:107EA0001A783AB9012201901A70FFF7A1FD0198E2
:107EB000FFF738FD002003B05DF804FB931D0020A0
:107EC00010B5054C23782BB1FFF744FD0023237038
:107ED000FFF7BCFD002010BD931D0020014B187959
:107EE000704700BF981D0020054B1A79824283BF5E
:107EF0001B6800EB400003EB00100020704700BF40
:107F0000981D002043F60952C0F3080302FB03F357
:107F1000400A03F5807302FB00F000EB532070472A
:107F200043F6095CC0F3080210B50CFB02F2C0F383
:107F30004E24030E43EA01230CFB04F0090E02F564
:107F400080724FEA411C00EB52205A01B2EB030E43
:107F50004CEAD36C6CEB01044FEA841C4FEA8E129E
:107F6000B2EB0E024CEA9E6C6CEB040C4FEACC0CAC
:107F70004CEA527CD200D31841EB0C01DA03C9035E
:107F8000801841EA534141F1000110BD430B48F212
:107F9000376C0CFB03F34FEA134C00B5104B43F660
:107FA000095E0EFB1C0000FB03F35B0D0EFB03FEE2
:107FB00003EB4C230EF5745C0CF1080CB0EB5C2F5A
:107FC00008D80EF5807EA0EB5E20C0B20B6010706A
:107FD0005DF804FB013300200B6010705DF804FBBA
:107FE0006F0C0100F8B5274DA94246D8264E274F01
:107FF000450F45EAC105A6FB0514C0F34F31A40B9C
:1080000001EB054107FB1411A6FB0151890B41EA65
:1080100004411F4C04FB110448F2376C600B0CFB4D
:1080200000F04FEA104C43F6095E1A480EFB1C455F
:1080300005FB00F0400D0EFB00FE00EB4C200EF5A2
:10804000745C0CF1080CB5EB5C2F12D80EF5807E39
:10805000A5EB5E2E5FFA8EFE069D85F800E00D060C
:1080600028184FEA112141F100011860596014608D
:10807000F8BD01304FF0000EEEE796219B2002F094
:1080800001FC00BFFF7F841E83DE1B43000024F43D
:108090000080841E6F0C0100420B48F2376303FB23
:1080A00002F2120C43F6095C074B0CFB120101FBB8
:1080B0000333013B5B0D0CFB03FC5002B1EB5C2F67
:1080C00088BF0130184470476F0C01001F2810B59D
:1080D0009FBF054B182460431C189DBF1950626058
:1080E0000120002010BD00BFA01D002008B5064BD8
:1080F00093F80023202A03D12D21022002F0C2FB95
:1081000083F8280308BD00BFA01D002008B5064B5A
:1081100093F80023202A03D13321022002F0B2FB7E
:1081200093F8260308BD00BFA01D002010B5094A22
:1081300092F80033202B03D13E21022002F0A2FB53
:1081400018214B43D018BDE81040D3584068032194
:10815000184700BFA01D00200C4B0D491B78012BB8
:1081600014BF4FF4E0224FF4C022C1F8482318BFD7
:108170000023C1F80823074A99000A440021012B73
:1081800042F8041B00D170470123F8E7D8200020F3
:1081900000B0004040B1004070B5EFF3108472B6FB
:1081A000094A0A4B0025D2F80415D2F804612EB111
:1081B000596801315960C2F80451F4E75B6804B9A9
:1081C00062B6C0E9001370BD00B00040D8200020A6
:1081D000094BD3F80435C01A20F07F4323F0010384
:1081E0003BB120F07F40B0F5000F8CBF0220002093
:1081F00070470120704700BF00B0004008B5124B27
:10820000D3F8042522F00302C3F80425D3F8082587
:1082100042F00302C3F80825102292FAA2F2B2FA41
:1082200082F2092A04DD094840F2913102F020FB74
:10823000C3F810250122DA60054B4FF48072C3F8B1
:1082400080211A6008BD00BF008000407CDD020074
:1082500000E100E0114B4FF40062C3F88020BFF34F
:108260004F8FBFF36F8FC3F880210D4B01225A60EF
:108270009A60D3F80425002AFBD10A49C3F80813F1
:108280004FF4E021C3F84813C3F84021C3F8442158
:10829000C3F84821C3F80421704700BF00E100E0A3
:1082A00000B00040020007000D4B4FF48072C3F88D
:1082B0008020BFF34F8FBFF36F8FC3F88021094B2E
:1082C00001214FF0FF325960C3F808230022C3F8A0
:1082D0004025C3F840211961034B1A72704700BF53
:1082E00000E100E000800040D82000202448FF2367
:1082F00010B54FF0FF32002443724FF0FF33C0E956
:10830000042304704460FFF7CFFFFFF7A3FF1D4A6B
:108310001D4BC2F800424FF40061196080691B498F
:1083200030B901230B60194B0222C3F8042310BD9E
:10833000174B184CC3F8A845C3F8AC05C3F85C1933
:108340004FF40021C3F804150521C2F8401501219E
:108350001160D2F840110029FBD04FF40021C3F87E
:10836000081501215160D1600021C2F84011C2F806
:108370004015C3F8A815C3F8AC15C3F8AC15D2E77F
:10838000D82000200080004000E100E000B0004064
:1083900000F0014040810040014BD3E904017047E7
:1083A000D8200020014BD3F80405704700B00040EE
:1083B00013B56846FFF7F0FEDDE90004FFF7A2FD04
:1083C000024B0021E4FB030102B010BD0080841EBB
:1083D000B1F1FF3F08BFB0F1FF3F2DE9F041404C44
:1083E00005460E4638D13F4DD5F800317BB33E4EA1
:1083F0003E4BC6F808354FF00008FFF7ADFE84F895
:108400000980FFF751FFFFF7F9FE394BC5F80081EE
:10841000384FC6F8A8354FF40023C6F8AC75C6F837
:10842000043507F032F8D5F800312BB10123C5F837
:1084300000817B60FB60F4E7013041F10001022321
:10844000C4E904012370FF236370BDE8F08107F0E5
:108450001CF8C51C41F10006D4E90473B34208BFFF
:10846000AF42F2D0204B214AC3F80825FFF774FE33
:108470001C4A4FF4803125F07F480023C2F80813CE
:108480004046C2F84813C2F84031FFF7A1FE20B1C0
:108490004FF43F716C2002F0F5F9C2F84085C2F844
:1084A00044132378012B06D127F07F473846FFF786
:1084B0008FFE0128FAD000236372FFF7F5FEFFF765
:1084C0009DFE094A01234FF000412370C2F80415B4
:1084D00004226270034AC4E90456C2F84833B4E780
:1084E000D820002000B0004000F0014000000880CB
:1084F00000B100400080004037B540B1041FE4B235
:10850000022C13D940F295316C2002F0BBF9214BBB
:108510004FF48032C3F80823C3F84005C3F8400184
:10852000D3F840310093009B03B030BD1A4D2B7837
:1085300093B16A7882420FD1184A1949C2F80815D6
:10854000012B01D1FFF7B0FE00232B704FF0FF325B
:108550004FF0FF33C5E90423124A4FF48033A340A0
:10856000C2F80833C2F8483304F5A87352F8230060
:10857000FFF72EFE012818BF0B4B22B24FEA8404EE
:108580001CBF00211951084B53F822300193019B65
:10859000CAE700BF00800040D820002000F0014062
:1085A0000000088000B0004040B1004070B52C4B86
:1085B00030B1041FE4B2022C2AD94FF454710BE0FD
:1085C000D3E90401B1F1FF3F08BFB0F1FF3F06D18D
:1085D0001B7A23B94FF44A716C2002F053F912B997
:1085E0004FF44B71F8E71F4B4FF480310120C3F873
:1085F0000413C3F840255864D3F8441500248A4274
:10860000C3F8444503D82046FFF776FF204670BDE7
:10861000197829B15B78834202D14FF45371DBE7BB
:10862000114B124E22F07F41A20013444FF48035CB
:10863000A5400022C6F808530846C6F848531A60F9
:10864000FFF7C6FD48B904F5A874012046F82410C8
:10865000C6F80453C6F84453D9E71046D7E700BF1D
:10866000D82000200080004040B1004000B0004011
:1086700008B5FFF771FD054B4FF0FF32C3F8082333
:108680000022C3F84025C3F8402108BD0080004007
:1086900008B50122084B10B1C3F8442308BDC3F844
:1086A0004823FFF701FE054B4FF0FF3118704FF0E4
:1086B000FF30C3E90401F1E700B00040D8200020FA
:1086C000F8B5164D164E00244FF48037D5F8043314
:1086D00007FA04F21A4212D056F824307BB1002374
:1086E00046F8243004F5A87355F82300FFF770FD11
:1086F00028B1201DC5F80823C0B201F007FC0134E1
:10870000032CE3D1054BD3F8042132B10022C3F886
:108710000421044A536801335360F8BD00B000409F
:1087200040B10040D820002010B51C4C637AFF2BCC
:108730002DD0237883B10122022B227221D1184B34
:108740004FF40022C3F80825002323704FF0FF32B6
:108750004FF0FF33C4E90423124BD3F80423D203B0
:108760001BD5D3F84021C2B14FF480320020C3F8AA
:108770000823C3F84001FF236372BDE8104001F0F5
:10878000C5BB022360782370FFF7B6FEE4E7054B14
:10879000D3F804330BB10720EFE710BDD820002039
:1087A00000F00140008000402DE9F04F93B01C46DE
:1087B0000492CDE90201FFF7EFFD1823019106466F
:1087C000B849082004EB440213FB0404631801EBCE
:1087D000C202083265581F7BD3F8048093F80D90CD
:1087E00005970FCA0CAC25F07F4A84E80F0050466D
:1087F000FFF788FBAC4B7C1C9842044400F2888154
:108800009C4200F39380002C55DBFFF77DF8B9F113
:10881000010F834608D0A54FD7E90223B3F1FF3FEC
:1088200008BFB2F1FF3F4BD006F00FFE019B069050
:10883000B3F1FF3F08BFB6F1FF3F03D0B54278EB7D
:10884000030378D2029B0322EB1A934269DBBBF14C
:10885000000F00F0E88000230793029BB5EB030BA9
:10886000039B68EB030706F0F0FD0930C217834550
:1088700077EB020380F0DB80049B012B00F0E180AA
:10888000079B002B5AD1019BB3F1FF3F08BFB6F104
:10889000FF3F53D0721B63EB0803042A73F10001FE
:1088A00080F22881012A73F100033ADADDF81CB066
:1088B00026F07F4A52E004F1F45404F59024A4E732
:1088C0000028B1D106F0C1FD019B0690B3F1FF3F36
:1088D00008BFB6F1FF3F00F0A380B54278EB030379
:1088E000C0F09E803B7C002B069B14BF00221A46E2
:1088F0003346EB1A9A4214DC01230793D7E902327C
:10890000B2F1FF3F08BFB3F1FF3FA6D00699EB1AC3
:1089100068EB02028B4272F100039ED2B9F1010FA3
:108920009BD00024204613B0BDE8F08F04F16144D1
:1089300004F5F70469E73346002285E728464146F7
:10894000FFF746FD4FF0000BB8F1FF3F08BFB5F150
:10895000FF3F00F0E2802E46CDF804805046FFF73E
:10896000D1FA534B221A9A420DD3001B98427CD362
:108970004D4B9A4200F2B380984240F2D880C0F149
:10898000614202F5F702D3170020FFF70FFE0446FD
:108990000028C6D0454FB9F1010FD7E9022366D0B0
:1089A000BBF1000F40F08880B3F1FF3F08BFB2F188
:1089B000FF3F00F0A6800120FFF76AFE3B7C002B02
:1089C00040F092806A1E68F100030620FFF7EEFD7A
:1089D000002842D0B9694FF0804200230B60C2F8F2
:1089E0000835059B8DF83C3000238DF84030089306
:1089F0004FF0FF324FF0FF33CDE90C58CDE90A2399
:108A00008DF83D9008AE0FCE2A4D0FC50FCE0FC585
:108A100096E8030085E80300204613B0BDE8F08F18
:108A2000029BC21C65E7214FCDF81CB066E7B9F187
:108A3000010B2846414618BF4FF0010BFFF7C8FC59
:108A400082E7019BB3F1FF3F08BFB6F1FF3F73D050
:108A500026F07F4A4FF0000B80E7BA694FF0804163
:108A60000123C1F808351360BBE742428BE7B3F13D
:108A7000FF3F08BFB2F1FF3F24D1BBF1000F9DD0F3
:108A8000069BF21A019B4FF0050063F10003FFF70C
:108A90008DFD002846D03B7C002B93D101233B74F5
:108AA00090E700BFA01D0020FF7F841EF82000205B
:108AB0000040420FA8200020B3F1FF3F08BFB2F1F1
:108AC000FF3FDDD006F0B7FC4FF0FF324FF0FF3331
:108AD000C7E90223BBF1000F3FF470AFD0E702F10A
:108AE000F45202F590224EE70520FFF705FD002322
:108AF0003B7467E728464146DDF81CB0FFF768FC89
:108B000022E706F096FC06F0C0FCC7E9020152E736
:108B100040F20F41702001F0B5FE40F21B71702051
:108B200001F0B0FE40F22121702001F0ABFE40F2D6
:108B3000D471702001F0A6FE40F27F61702001F038
:108B4000A1FE00BF2DE9F04F8D4F7C7C04EB440368
:108B50003B4483B05D78202D48D08A4BE6B2640058
:108B6000002B00F08980884BDFF82492002B5FD027
:108B700005EB461207EB420A4FEA46189AF81C30FA
:108B8000013BDBB2052B34D8804A12F803B0BBF1AD
:108B9000080F2ED0AFF30080EFF3108372B6344489
:108BA0003C449AF81D206270A278AA4204BF202299
:108BB000A27013B9AFF3008062B6A84405EB450577
:108BC00009EBC50207EB4808506859F83530012217
:108BD000594688F81C2098477C7C04EB44033B44AE
:108BE000E6B25D78202D4FEA4404C1D103B0BDE860
:108BF000F08F40F24A61702001F044FE62B6A84452
:108C000005EB450509EBC50207EB4808506859F824
:108C100035300122594688F81C2098477C7C04EBAB
:108C200044033B44E6B25D78202D4FEA4404DDD096
:108C300005EB461207EB420A4FEA46189AF81C3039
:108C4000013BDBB2052BD4D8504A12F803B0BBF17C
:108C5000080FCED0AFF30080EFF3108372B6344428
:108C60003C449AF81D206270A278954204BF2022ED
:108C7000A270002BC3D1C1E7434BDFF810B1DFF87E
:108C800010A14FF02009002B4FD005EB461207EB47
:108C900042024FEA4618137F013BDBB2052BA8D8EE
:108CA0001BF803100829A4D0EFF3108372B63444E4
:108CB0003C44527F6270A278954208BF84F80290CB
:108CC000002B52D0A84407EB480805EB45050AEBFA
:108CD000C5025AF835305068012288F81C209847A0
:108CE0007C7C04EB44033B44E6B25D78202D4FEAE4
:108CF0004404CAD17AE762B6A84405EB45050AEBFD
:108D0000C50207EB480850685AF83530012288F848
:108D10001C2098477C7C04EB44033B44E6B25D781E
:108D2000202D4FEA44043FF461AF05EB461207EBF8
:108D300042024FEA4618137F013BDBB2052B3FF698
:108D400058AF1BF8031008293FF453AFEFF310831B
:108D500072B634443C44527F6270A278954208BF98
:108D600084F80290002BC7D1C5E70191AFF30080D2
:108D700062B6A844019905EB450507EB4808A6E74C
:108D8000F82000200000000000000000ECA5020018
:108D9000A01D00202DE9F04F85B0DFF80C81019374
:108DA00001EB41034FF0200C18F803400391644598
:108DB000924682F800C073D04B01DFF8F09006466F
:108DC0009B4610E0727B012A02D0427D012A57D0D7
:108DD0000BEB040308EB43038AF800405B7F202B76
:108DE000A4465DD01C4604EB440009EBC000D0E96A
:108DF000032387683568716813EB070E42F10002A0
:108E0000754571EB02024FEA4403DBD21D46019B1C
:108E100083F800C0039B4FEA431B281909EBC000ED
:108E20003768B368D0F808A07268C168DB1942F1EE
:108E300000029A4571EB020310D3437D012B02D04F
:108E4000737B012B03D0012005B0BDE8F08F06F045
:108E5000FCFAAAEB070701308742F4DA019A2544AD
:108E600009EBC5051470A97DB27B0BEB040391429D
:108E700008EB430310D95C7F202CE4D06500CCE7DD
:108E8000029306F0E2FAED1B01308542A0DA029B64
:108E90009AF800C01D46BAE7002005B0BDE8F08F83
:108EA000019B1C70CFE700BFF8200020A01D002010
:108EB0002DE9F04F83B00D4616461F469DF83090C1
:108EC000FFF7EAF82A686B68861947F100079642AF
:108ED00077EB030342D3DFF88C8005E05E4577EB48
:108EE00004033BD3C5E900B40DF107030DF10602FD
:108EF00049462846FFF74EFF88BB9DF8073003EB35
:108F0000430308EBC303D3E902A41A691AF1030B64
:108F100044F1000412EB0B0B6A7B44F10004012ABC
:108F2000DCD05B7D012BD9D106F08FFAABEB0A03C5
:108F300001308342D2DA9DF8073003EB430308EB9C
:108F4000C303D3E9024A06F080FA013010EB040BA8
:108F50004AEBE0745E4577EB0403C3D2002003B014
:108F6000BDE8F08FA01D00202DE9F04715461C46F6
:108F700012782F7A95F809C088B00023E360C4E91D
:108F80000033A7739DF8408084F80DC00646A360A7
:108F9000E2730F46002A3AD1FEF7C2FFD5E9042C4E
:108FA0003C4BC31841F1000E9A427CEB0E030AD3EE
:108FB000013E47F1FF37C4E900674FF47A73A360BD
:108FC00008B0BDE8F087263041F1000182427CEB19
:108FD0000103EDD3501E04F10C036CF1000100936A
:108FE00004AA06ABFEF7FEFF049B686802330DF18E
:108FF0000F0205A91844FEF7C9FFDDE905320799FC
:109000009B1A23F07F43C4E90021A360D8E72248DC
:1090100004F10C0206A9FEF7B9FF204B1B78202BA8
:1090200024D01F490B69D1E90521083342F1000A18
:1090300013EB01094AF1000A6B68207B18440230E7
:1090400005AA04F10801C4E9009AFEF79FFF286908
:10905000CDF8008032463B462146FFF729FF002825
:10906000AED1C4E9006708B0BDE8F087637B16F1B4
:10907000080947F1000A012BDED0FEF745FC002865
:10908000DAD106F0E2F910EB090399464AF1000A39
:10909000D2E700BF0040420FFF7F841EA0200020C7
:1090A000A82000202DE9F04700EB4003344DDFF805
:1090B000D480EC5C06464700FFF774F94FF0200CB3
:1090C0004FEA461E04EB440108EBC1010EEB04031A
:1090D000D1F808A00A69AAEB000929F07F49B9F57F
:1090E000000F05EB43030DD812EB0A02121A22F00F
:1090F0007F42B2F5000F05D8BCF1200F0AD12046FF
:10910000BDE8F0875B7F202BA4461C46DAD1BCF17A
:10911000200FF4D00CEB4613BA1905EB430315F8F6
:1091200002805B7FAB54710144464FF0040E0B1973
:1091300005EB430322469445204683F81CE05C7F00
:10914000F5D1BB192B440A4493F802E0BEF1200F7D
:109150005FFA8EFC18BF8C443E4418BF05EB4C0CE4
:1091600005EB4202354408BF83F801804FF020032D
:1091700018BF8CF81D80A87053772046BDE8F08793
:10918000F8200020A01D00202DE9F04101EB410353
:109190004A4DEE5C202E82B00C4680464FEA4107D5
:1091A00040D1474B0BB1AFF3008006F06EF9AB7CBA
:1091B0000191202B0AD0434BD3E904E210F1020CB9
:1091C00041F10003E64572EB030330D3202E0AD0B1
:1091D00042463346FFF7E8FA00283DD00220AE743D
:1091E00002B0BDE8F081D5E90223B3F1FF3F08BF2B
:1091F000B2F1FF3F1FD12B7C43BB0420FFF77CF96A
:10920000FFF736FA0020FFF743FAA9694FF08042D2
:109210002020A874002301200B60C2F8083502B09A
:10922000BDE8F0810846FFF73DFF8642B9D0002037
:1092300002B0BDE8F08106F0FEF84FF0FF334FF0CA
:10924000FF32C5E902232B7C002BD6D00520FFF787
:1092500053F900232B74D0E73A1906EB441305EBBE
:10926000430315F802C05B7FAB54610162460420E2
:1092700013468A1805EB42029E421077527FF7D1BF
:109280003A192A443C449678F0B2202E18BF401870
:10929000194418BF05EB400005EB4101254418BFF8
:1092A00080F81DC0AB704FF000004FF0200308BFE6
:1092B00082F801C04B7702B0BDE8F081F8200020B1
:1092C00000000000A820002038B5164A164D4FF0C7
:1092D000FF304FF0FF310023C2E90201C5E902016E
:1092E000202142F22000A970136082F82030A97476
:1092F0001C4628806B742B7405F11C0202F8143094
:109300000134202CFAD1094801F07AFC084B094AB3
:109310001C70107001F064FDA861FEF7E7FF0123E7
:10932000EB7438BDA8200020F8200020458B0000F9
:10933000A0200020D02000202DE9F04F83B006F0BF
:10934000A4F8DFF87C8206460C46FFF791F94FF04F
:10935000FF334FF0FF32C8E9022398F82030D3B929
:10936000D8F81030D8F81820D8F814108F480233E5
:1093700041F100019B1802F5DF62A0FB02024FEAF7
:10938000922241F100019B1841F100019E4274EBD1
:10939000010380F0FB804FF0FF304FF0FF31FFF70B
:1093A00017F8834A92F800B0BBF1200F00F0E98073
:1093B000804D20231370AB746B7C0022C8F8002012
:1093C00003EB43025FFA83F9AF5C5B00202F00934D
:1093D0000AD0DFF8E8A107EB47030AEBC3037A00E2
:1093E000D97D012900F0A880009BDFF8D8A103EB0C
:1093F00009062E444FEA49173478202C04D04846F9
:10940000FFF750FE8442F7D1BAF1000F01D0AFF35D
:10941000008006F03AF8AB7C202B09D0D8E9042371
:1094200010F1020E41F1000C724573EB0C03E3D313
:10943000202C34D023460122FFF7B6F9002852D061
:10944000AC7407EB0B0305EB43031A7F022A1BD115
:10945000009A4A442A44062119779178CBB22029F0
:109460001CBFDB1905EB43035F4418BF83F81DB035
:10947000009B08BF82F801B04B442B4405EB470723
:1094800083F802B020237B77FF23AB71009B4B4412
:109490001D446B78202B60D103B0BDE8F08FD5E977
:1094A0000223B3F1FF3F08BFB2F1FF3F07D005F041
:1094B000C2FF4FF0FF324FF0FF33C5E902232B7C90
:1094C000A3BB0420FFF718F8FFF7D2F80020FFF73E
:1094D000DFF8A9694FF0804200232020A8740B60B8
:1094E000C2F80835ADE73B1905EB430330785B7FE5
:1094F0003370024604211346BA1805EB42029C421F
:109500001177527FF7D1B178B370CAB220291CBF4E
:10951000D21905EB42023B4405EB430318BF5077D9
:109520004FF0200208BF70705A7765E70520FEF7FC
:10953000E3FF00232B74C4E75B7D012B14D10336BA
:1095400044F1000417440AEBC70ADAE90223B242E5
:10955000A34128BFCAE9026446E7174B187803B055
:10956000BDE8F04F01F078BB0192FEF7CDF9019A0A
:109570000028E4D105F069FF8619019A44F100043E
:10958000E0E740F2B121702001F07CF9084B0B4A72
:109590001B78182101FB03F3D01807214068D3582A
:1095A000984740F2A621702001F06CF99300DC92FC
:1095B000A0200020F8200020D0200020A01D0020A6
:1095C000A82000200000000038B50C46054605F034
:1095D00042FF11494B7C01F11C0C5FFA83FE0CEB3E
:1095E000831C002302E00133202B13D01CF813202E
:1095F000D8B2002AF7D1094A03EB4E1E03EB43030E
:1096000001EB4E0142F8335002EBC30301220A770B
:109610005C6038BD184638BDF8200020A01D002031
:109620001F2808D80A494B7C00EB431301EB430386
:109630001A7F012A01D0002070474B7C00EB4313B6
:1096400001EB43034FF0000C104683F81CC0704739
:10965000F820002010B5054CD4E90401FEF760FCA9
:10966000237F0133181841F1000110BDA82000200C
:10967000014BD3F840057047008000400378002B71
:1096800040F0D7802DE9F04F6F4A5368C3F30803C9
:1096900089B08146002B40F0B8806C4E6C4FDFF8EB
:1096A000BCB106F11C0A27B1002140F23C40AFF3E7
:1096B0000080757CEDB24FF00003B37127B100213B
:1096C00040F24140AFF300800AEB851EBEE80F0078
:1096D0006C1C04F001080AEB881CACE80F00BEE823
:1096E0000F00ACE80F00BEE80F00ACE80F009EE8EA
:1096F0000F0044468CE80F002DB227B100214FF433
:109700007370AFF3008005EB450504EB4404731957
:10971000725B9B7832533444A37057B100214FF4ED
:109720007470AFF3008027B1002140F24640AFF3E0
:10973000008005F0AAFECDF8008004AB4A4604463E
:109740000D46FFF711FC27B1002140F24D40AFF369
:109750000080404B1B78202B3FD0DBF81030DBF82B
:109760001420DBF81810083342F100025B1842F1B4
:109770000002DDE90401984271EB020CCDF8008093
:1097800022D3354822462B4604A9FFF791FB98B116
:10979000DDE90401FEF7C4FB9DF81C300133181805
:1097A00041F10001C9F81000C9F8141027B10021D7
:1097B0004FF48C60AFF30080B379002B7FF473AF6C
:1097C000012009B0BDE8F08FCDE9043204A922469A
:1097D0002B462148FFF76CFBDAE79DF81D1014F1CA
:1097E000080345F100020129C3D0CDE90232FEF79A
:1097F0008BF8DDE902320028BBD105F026FE029B82
:10980000039AC31842F10002B3E7103B59B2002992
:1098100011DB01F1604101F5614191F8000340095C
:109820000028CED0094E0A4FDFF830B006F11C0AEE
:1098300039E70020704703F00F03043B1344187E00
:1098400040090028EED1BCE700ED00E0F820002040
:1098500000000000A02000200040420FA8200020AF
:109860002DE9F04FAC4A53688FB0C3F30803834629
:109870000491002B40F0628108230393049B1B7822
:10988000012B00F23D82A54E26B1002140F22E5060
:10989000AFF300800023A24C05934FF0010926B1DD
:1098A000002140F23B50AFF30080B9F1000F04D12A
:1098B0009C4B0BB1AFF3008062B6657CEDB24FF00C
:1098C0000003A371039B002B40F09880A84626B1AB
:1098D000002140F24F50AFF3008005F0D6FD049A0E
:1098E00000950AAB8246FFF73FFB26B1002140F20C
:1098F0005750AFF300800BEB481904EB49094FEACE
:10990000481799F81C30013B012B75D80A992AF0A9
:109910007F4AA1EB0A0222F07F4323F00103002BD0
:1099200040F0BD8008EB4802224407EB0B0390781F
:1099300004EB43030421202819774FEA4803C1B2FE
:1099400000F09681394404EB410181F81DB0434495
:1099500023445F4404EB470783F802B020237B775E
:1099600000230593012726B1002140F25C50AFF39C
:1099700000806D4B0BB1AFF30080EFF31088C14650
:1099800072B6A379002B8AD1684B0BEB4B0C03EB1F
:10999000CC0C0AAB0FCB0CF1080C8CE80F008FB18C
:1099A000039B002B00F0EA80059B23B1604B1B78E2
:1099B000202B00F06081637CDB4303F001036374C0
:1099C000FF23A371B8F1000F04D1564B0BB1AFF3D5
:1099D000008062B626B1002140F29350AFF30080C0
:1099E000002F4AD126B1002140F29F50AFF30080F2
:1099F00038460FB0BDE8F08F0027B4E74D4B05F1B6
:109A0000010A0AF0010A03EB851E03EB8A1CBEE87B
:109A10000F00ACE80F00BEE80F00ACE80F00BEE896
:109A20000F00ACE80F009EE80F002DB28CE80F008D
:109A3000D0460FFA8AF726B100214FF47370AFF3C6
:109A4000008005EB450507EB47076319625B9B78D0
:109A5000E2532744BB7056B100214FF47470AFF34A
:109A6000008026B1002140F24550AFF30080A37979
:109A7000002B7FF414AF554629E7637C03EB4303C7
:109A80001C446378202BADD026B1002140F29A50BF
:109A9000AFF30080284B187801F0DEF8A2E722F03F
:109AA0007F42B2F5000F3FF63DAF0C9B5B18A3EB76
:109AB0000A0323F07F43B3F5000F3FF633AF0DF1F8
:109AC00027030DF1260229460AA8FFF763F905903E
:109AD00000285AD108EB480222440423907889F8E0
:109AE0001C304FEA48032028C1B2434418BFC919AB
:109AF00023445F4404EB470718BF04EB410183F89C
:109B000002B04FF0200314BF81F81DB082F801B0FD
:109B10007B77012727E700BF00ED00E00000000091
:109B2000F82000200000000000000000A01D002020
:109B3000A020002014210020D0200020103B59B28A
:109B40000029C0F28D8001F1604101F5614191F879
:109B500000335B090393002B7FF490AE704B1B78AE
:109B6000202B00F0D280049B1B780393002B3FF442
:109B70008AAE40F22751702000F084FEFF23A371CB
:109B8000B8F1000F7FF426AF1FE79DF826C09DF8BF
:109B900027E0F44518D1BCF1200F00F09E8007EBC0
:109BA0000C0304EB43035B7F89F81D30BC4404EBDA
:109BB0004C0C00228CF81DB05F4404EB4703059F5A
:109BC000059203221A77CEE6BEF1200F00F0A280A4
:109BD00007EB0E0304EB4303BCF1200F597F00F0A9
:109BE000878007EB0C0204EB42024FEA4803507FE8
:109BF000069051774FF0050A3A1804EB42020146ED
:109C00008E45814682F81CA0507FF5D103EB0802F7
:109C10002244079192F802A0BAF1200F5FFA8AFE5F
:109C200063D0BE4404EB4E0E069A8EF81D2003EB63
:109C300008022244079982F80290394407EB0B028C
:109C40004FF0200E04EB410104EB4202F44581F891
:109C50001DE05077AAD14344059A04F803B0ABE75E
:109C600003F00F03043B13441B7E5B09039372E76D
:109C700082F801B06BE629460220FFF785FA00283A
:109C80007FF499AE637C03EB430020440BEB43125B
:109C900004EB420285780421DFB211775A015B00A0
:109CA000202DE9B23B4418BF891823445A4418BFF9
:109CB00004EB410104EB420283F802B04FF02003B1
:109CC00018BF81F81DB0059F08BF80F801B0537719
:109CD000B8F1000F7FF47EAE77E608EB4803E35C53
:109CE00089F81D304FEA4803B5E7069951709EE7A1
:109CF00008EB48024FEA4803A05C0690A15479E7BC
:109D000040F22B51702000F0BDFD40F22451702034
:109D100000F0B8FD40F2CB11702000F0B3FD00BFA1
:109D2000A02000202DE9F84F734CDFF8DC810546B8
:109D30004FF0010A04F11C0BB8F1000F04D0002110
:109D400040F2B150AFF30080BAF1000F04D16B4B79
:109D50000BB1AFF3008062B64FF00003A371B8F10E
:109D6000000F04D0002140F2B650AFF30080667CB3
:109D70000BEB861EBEE80F0006F1010909F0010792
:109D80000BEB871CACE80F00BEE80F00ACE80F003F
:109D9000BEE80F00ACE80F009EE80F00B9468CE863
:109DA0000F00B8F1000F04D000214FF47370AFF32F
:109DB000008006EB460607EB4707A319A25B9B78DA
:109DC000E2532744BB70B8F1000F04D000214FF4D8
:109DD0007470AFF30080A37903F0FF01002B7CD1F6
:109DE000B8F1000F03D04FF4B860AFF3008005EB7B
:109DF000491304EB43034FEA49161A7F032A6AD139
:109E000009EB4902A75CBD4271D0202F63D03B46CD
:109E100001E0202B5FD0F21804EB42021946537F79
:109E20009D42F6D1202D56D07319314404EB4303E3
:109E300004EB41015B7F4B77B8F1000F0CD00021A0
:109E400040F23E30AFF30080B8F1000F04D00021A3
:109E500040F2C550AFF300802E4404EB46060123C8
:109E60003377B8F1000F04D0002140F2CE50AFF3A9
:109E70000080234B0BB1AFF30080EFF3108A72B672
:109E8000A379002B7FF458AFBD4203D11D4B1B7843
:109E9000202B1AD0637CDB4303F001036374FF23A0
:109EA000A3710124BAF1000F04D1144B0BB1AFF32D
:109EB000008062B6B8F1000F04D000214FF4BE60FC
:109EC000AFF300802046BDE8F88F49460220FFF737
:109ED0005BF90028DED10024E4E7B8F1000F3FF47D
:109EE00033AF002140F2BC50AFF3008024E7202DB7
:109EF000F1D05B7FA3549FE7F82000200000000012
:109F000000000000A02000200000000070B586B016
:109F100007280DD8DFE800F0310C0C0C0C1D040EE6
:109F20005F4B4FF080419A690123C1F808351360F7
:109F300006B070BD5B4B5C4A1B7803EB430302EB3E
:109F4000C30052F833304068042106B0BDE87040C9
:109F50001847534C237C002B48D0D4E90223B3F19B
:109F6000FF3F08BFB2F1FF3F00F084800120FEF701
:109F70008FFB0023237406B070BD494CD4E9022343
:109F8000B3F1FF3F08BFB2F1FF3F55D0454E01206E
:109F9000FEF77EFB3378202B55D0444D6A7F012A93
:109FA0003BD0FDF7B1FC0346002835D194F89C2046
:109FB0000132D2B2312A84F89C206CD84FF47A72E4
:109FC00030786946CDE90032CDE90233CDE904337A
:109FD000FFF746FC002859D095F82040012385F86A
:109FE0002030FFF7A9F985F82040A1E72D4B2E4A34
:109FF0001B782E4903EB43034FF0FF344FF0FF353E
:10A00000C1E9024502EBC30152F83330486805212B
:10A0100006B0BDE8704018473378234A03EB43038A
:10A0200002EBC30052F833304068002184F89C10E2
:10A0300006B0BDE87040184705F0FBF905F025FAB9
:10A04000C4E90201A2E7637C03EB4301DAB2635C7B
:10A05000202B16D003EB421204EB4202507F6054D7
:10A06000FF21A171114D337002211177002285F873
:10A07000202093E705F0DDF905F007FAC4E90201B5
:10A0800074E740F24221702000F0FCFB40F21961BD
:10A09000702000F0F7FB40F21561702000F0F2FB39
:10A0A000F8200020A0200020A01D0020A8200020D3
:10A0B00070B5234B1A78202A86B036D0214CD4E9CB
:10A0C0000213B3F1FF3F08BFB1F1FF3F32D11E4E83
:10A0D00002EB420206EBC2060546D6E90201FDF795
:10A0E0001FFF327D53194FF000025241013342F1FC
:10A0F0000002181842EB01010DF10B0204AB0092B3
:10A1000003AAFDF76FFF9DF80B20DDE904130F2A6A
:10A1100094BF00220122521843F100030520C4E934
:10A120000223FEF743FA06B070BD40F2AF71702013
:10A1300000F0A8FB4FF4F661702000F0A3FB00BF15
:10A14000A0200020A8200020A01D0020FEF72AB992
:10A1500038B5254B93F800E0BEF1200F3FD0234DDA
:10A160006B7C95F811C003EB43035FFA8CFCEB5C4E
:10A17000202B25D01E4C4FEA4C1C05E0634405EB18
:10A1800043035B7F202B1BD003EB430204EBC20293
:10A19000917D8142F2D80EEB4E0E04EBCE04D4E951
:10A1A0000213206940189168D26843F10003C41C6F
:10A1B00043F10003A14272EB030304D2002038BD37
:10A1C0004FF0FF3038BD0B4B081A03381C68FDF701
:10A1D00099FE04F132038342F0D8001B38BD40F2EF
:10A1E000E471702000F04EFBA0200020F820002039
:10A1F000A01D0020A82000202DE9F04F8C4B1D78D9
:10A2000087B0202D019000F00D81DFF83092DFF84B
:10A21000308299F8113003EB43030646D8F800006A
:10A2200019F80340D8F8103003930DF11302D8F851
:10A23000183002938B46304405A9FDF7A7FE7D4BED
:10A24000A6F132029A426AD8DFF8F8A1059BD8F845
:10A25000146005EB45050AEBC505A8681B182869BD
:10A26000D8F810501818401B20F07F43B3F5000FAA
:10A2700055D899F81120C8F81800202C88F81EB07D
:10A28000D2B200F0C2805201DC462021934604EB9A
:10A29000440240190AEBC20246F1000ED2E9026301
:10A2A000864273EB0E034FEA440746D3537D012BDE
:10A2B00003D098F81D30012B35D005200091FEF712
:10A2C0001BF9009999F811004FF0FF324FF0FF335E
:10A2D0002029C8E90223C0B240F0958000EB40007D
:10A2E000202419F80030524A99F81110127802EB24
:10A2F000411209EB42025377D8F80030019A134417
:10A30000C8F80030FF2389F80630202C35D04A4B9E
:10A31000187800F0A1FC002007B0BDE8F08F012004
:10A3200007B0BDE8F08F009105F08FF8751B013084
:10A3300085420099C1DA98F81EC027440AEBC70786
:10A34000BB7D63450DD90BEB040309EB43035B7F36
:10A35000202B16D02146D8E90456D8F818001C4600
:10A3600095E7DDE90231D8F810205B189B1A02202E
:10A37000C8F8183007B0BDE8F08F002007B0BDE87E
:10A38000F08F0520FEF7B8F84FF0FF324FF0FF33A3
:10A3900099F81100C8E90223C0B204EB401309EB9D
:10A3A000430346005A7F00EB4003410119F803A024
:10A3B00009F803204FF0050C5346CF1809EB470767
:10A3C0001A4694421D4687F81CC07B7FF5D137188A
:10A3D0004F440A4497F802E0BEF1200F5FFA8EFC6A
:10A3E00018BF8C44304418BF09EB4C0C09EB4202F7
:10A3F00048444FF0200114BF8CF81DA087F801A03D
:10A40000857051776FE70C46C7E70520FEF774F8B3
:10A4100099F811004FF0FF324FF0FF33C8E90223E3
:10A42000C0B25BE740F60D01702000F02BFA00BFD0
:10A43000A0200020CE3F420FD0200020F820002096
:10A44000A8200020A01D00202DE9F84F9A4C637C25
:10A4500000EB431304EB43031B7F002B00F0278129
:10A46000677CDFF860820546FFB2B8F1000F04D0C8
:10A47000002140F64C00AFF300807E0105EB47174A
:10A4800004EB4707B8F1000F40F0D980771904EBCF
:10A4900047073B7F012B08D0043B022B40F2C580CD
:10A4A00005F01FF83B7F012BF6D1DFF81CA24FF01F
:10A4B000010BB8F1000F04D0002140F66300AFF3A8
:10A4C0000080BBF1000F04D17C4B0BB1AFF30080D7
:10A4D00062B64FF00003A371B8F1000F04D0002161
:10A4E00040F66800AFF30080667C0AEB861EBEE88B
:10A4F0000F0006F1010909F001070AEB871CACE81F
:10A500000F00BEE80F00ACE80F00BEE80F00ACE89B
:10A510000F009EE80F00B9468CE80F00B8F1000F5D
:10A5200004D000214FF47370AFF3008006EB4606B1
:10A5300007EB4707A319A25B9B78E2532744BB7044
:10A54000B8F1000F04D000214FF47470AFF3008015
:10A55000A37903F0FF01002B40F08580B8F1000FD4
:10A5600003D040F67200AFF3008009EB49032344A7
:10A570004FEA490B5E78B54200F08F80202E2CD038
:10A580004FEA491101E0202E27D08B1904EB430339
:10A59000324637465E7FB542F5D1202D1DD00A44A4
:10A5A000294404EB410104EB42024B7F5377B8F19D
:10A5B000000F04D0002140F23630AFF300800BEBE7
:10A5C000090323449B789E425AD0B8F1000F0CD067
:10A5D000002140F23E30AFF30080B8F1000F04D00C
:10A5E000002140F67600AFF30080354B0BB1AFF39E
:10A5F0000080EFF310839B4672B6A279002A7FF4A5
:10A6000058AF84F81190FF22A27123B92B4B0BB1E4
:10A61000AFF3008062B6B8F1000F04D0002140F61D
:10A620008800AFF30080BDE8F88F731904EB430393
:10A630000122DFF894A01A774FF0010B39E73B7F36
:10A64000012B3FF432AF043B022B16D9002140F618
:10A650005800AFF3008004F044FF002140F65C0096
:10A66000AFF300800EE7B8F1000F3FF42AAF0021EE
:10A6700040F66E00AFF300801BE701233B77ECE769
:10A68000B8F1000F04D0002140F23930AFF3008060
:10A690000BEB090323449F7097E7202D9DD005EB1A
:10A6A000491204EB42022027527F5A707FE740F69E
:10A6B0004301702000F0E6F8F820002000000000C0
:10A6C00000000000000000001421002070B586B0DA
:10A6D00063BB064610460D46FDF714FC0DF10B0357
:10A6E00004460093304604AB294603AAFDF77AFCE2
:10A6F00003981349231A8B420BD3001B88420ED3B5
:10A70000104A93420DD8904215D9C0F1614303F528
:10A71000F7030A9AA2F10F00C01A06B070BD4342B7
:10A72000F7E703F1F45303F59023F2E740F68E01C7
:10A73000702000F0A7F840F2D471702000F0A2F869
:10A740000040420FFF7F841EBFF34F8F0549064B29
:10A75000CA6802F4E0621343CB60BFF34F8F00BFBF
:10A76000FDE700BF00ED00E00400FA05094B0122FF
:10A770005A604FF0FF32C3F80823074B4FF4804272
:10A78000C3F88020BFF34F8FBFF36F8FC3F88021D2
:10A79000704700BF00E0004000E100E0094B0122EB
:10A7A0005A604FF0FF32C3F80823074B4FF4805232
:10A7B000C3F88020BFF34F8FBFF36F8FC3F88021A2
:10A7C000704700BF00C0004000E100E0084B0022DD
:10A7D000C3F8FC2F0122C3F8FC2F064B0222C3F85A
:10A7E0008020BFF34F8FBFF36F8FC3F88021704776
:10A7F0000010004000E100E0F8B51B4E337805463C
:10A800000C4617466BBB00F06BFAFDF72BF8174BA5
:10A810007760002D08BF1D4628463472FFF7D6FF2B
:10A82000FFF7BCFFFFF7A2FF04F011FE0546B0B929
:10A83000FEF74AFD04F00DFE04F014FE002C0CDBC4
:10A8400004F01F026409A40004F1604404F56144AB
:10A8500001239340C4F880312360012333702846DC
:10A86000F8BD4FF0FF35FAE798210020F2A502006D
:10A8700008B572B6024B5B6803B19847FFF764FFF7
:10A88000982100201FB572B6134B5D688DB9FFF794
:10A890005BFFB2FBF6F2DCB20133002AF9D104F11E
:10A8A00010036B4403F80C2C0A2234B901A8A84702
:10A8B000EDE7024600230A26EDE7631E04AEDCB294
:10A8C00056FA83F3B0FBF2F602FB1600303003F8C1
:10A8D0000C0C3046E9E700BF98210020074B93F9A4
:10A8E0000830002B09DB5A09012103F01F0301FA8C
:10A8F00003F34032024941F822307047982100208A
:10A9000000E100E0014B1878704700BF982100205B
:10A910002DE9F84FDFF8CCA0304C314DDFF8C8906E
:10A92000074601269AF800805FFA88F8FF238AF824
:10A930000030B8F1000F01D08AF80130EFF3108237
:10A9400072B600236660C4F80031C4F80431C4F85C
:10A95000047526603AB962B605E0D4F8043133B91B
:10A960002B69DB0620D4D4F80031002BF5D0D4F8C5
:10A970000431002BE2D1B8F1000F13D19AF8013065
:10A98000DBB28AF8018003214FF48042C4F8081337
:10A99000C4F80481C4F80081C9F880218AF80080D5
:10A9A000002BBFD1BDE8F88F4FF48043C9F8803148
:10A9B000EFF3108B72B60323C4F80433D4F80031DC
:10A9C00013B9D4F804311BB1BBF1000FCBD1C2E7EE
:10A9D00004F087FDBBF1000FC5D1BCE700E00040EB
:10A9E00000ED00E0A421002000E100E070B5164673
:10A9F000DA078CB01D4686468C4640F1A280C37BA8
:10AA00008DF80030837B8DF80130437B8DF8023068
:10AA1000037B8DF80330C37A8DF80430837A8DF888
:10AA20000530437A8DF80630037A8DF80730C37904
:10AA30008DF8083083798DF8093043798DF80A3024
:10AA400003798DF80B30C3788DF80C308378427819
:10AA50008DF80D3003788DF80F308DF80E20CA7BFD
:10AA60008B7B8DF810208DF811304A7B0B7B8DF895
:10AA700012208DF81330CA7A8B7A8DF814208DF855
:10AA800015304A7A0B7A8DF816208DF81730CA796E
:10AA90008B798DF818208DF819304A790B798DF85B
:10AAA0001A208DF81B30CA788B788DF81C208DF811
:10AAB0001D304A780B788DF81E208DF81F306C46BB
:10AAC0002046FFF725FFAB0731D59DF82F009DF8F5
:10AAD0002E109DF82D209DF82C30307071709DF84F
:10AAE0002B009DF82A10B270F3709DF829209DF874
:10AAF0002830307171719DF827009DF82610B271D1
:10AB0000F3719DF825209DF82430307271729DF804
:10AB100023009DF82210B272F3729DF821209DF857
:10AB2000203030737173B273F3730CB070BD0DF1DC
:10AB3000200CBCE80F0030607160B260F3600CB0B4
:10AB400070BDDEF80410DEF80820DEF80C30006876
:10AB50006C46A646AEE80F00DCF80000DCF80410F6
:10AB6000DCF80820DCF80C30AEE80F00A8E700BFE6
:10AB700010B5002482B0CDE90044FFF737FF02B0E2
:10AB800010BD00BF1B4B4FF4805270B5C3F880203E
:10AB9000BFF34F8FBFF36F8F174D184C0021C5F8CF
:10ABA0000011C3F880212669236943F01003236153
:10ABB0000123C5F8043306F010062B60D5F80031E8
:10ABC000A3B11EB9236923F0100323610A4B0122AC
:10ABD000D3F808055A60C3F808230022C3F80021FF
:10ABE000044B4FF48052C3F8802170BD04F079FC0F
:10ABF000E4E700BF00E100E000C0004000ED00E03D
:10AC000038B50C4902460520431ED8B2FF2803D1AF
:10AC100048216920FFF736FE01EBC0031D7905F0DE
:10AC2000FF04002DF0D141F8302001225C719C71AD
:10AC30001A7138BDA8210020042808B503D94F2176
:10AC40006920FFF71FFE034B03EBC00000230371D5
:10AC500008BD00BFA8210020042808B503D9582149
:10AC60006920FFF70FFE094B03EBC0000379012BAE
:10AC700001D05921F4E7437982790133DBB29A425A
:10AC800018BF4371BDE80840FFF728BEA821002087
:10AC900070B5124C06250026013D15F0FF0500D1C8
:10ACA00070BD94F8281004EBC1031A79012A09D168
:10ACB00058799A79904205D05A79D2B29A7154F85B
:10ACC0003130984794F828300133DBB2042B94BF1D
:10ACD00084F8283084F82860DEE700BFA82100202F
:10ACE0004FF08052034BD2F830111960D2F8342162
:10ACF0005A607047D4210020034B1868A0F10F035D
:10AD000058425841704700BFD4210020034B1868B7
:10AD1000A0F10A0358425841704700BFD4210020D7
:10AD2000034B1868A0F10E0358425841704700BF0A
:10AD3000D4210020034B1868A0F110035842584159
:10AD4000704700BFD4210020044B1868062803D0A8
:10AD5000431C58425841704701207047D4210020BD
:10AD6000034B1868A0F10D0358425841704700BFCB
:10AD7000D4210020034B1868A0F108035842584121
:10AD8000704700BFD421002008B5FFF7BFFF20B1F6
:10AD9000024B5868B0FA80F0400908BDD421002069
:10ADA00008B5FFF7D1FF38B1044B5868063810F1E9
:10ADB000080F94BF0020012008BD00BFD42100204F
:10ADC00008B5FFF7C1FF38B1044B5868063810F1D9
:10ADD000080F8CBF0020012008BD00BFD421002037
:10ADE00008B5FFF789FF70B9FFF790FF58B9FFF773
:10ADF00097FF40B9FFF7A8FF044A054B002808BF9A
:10AE00001346184608BD024BFBE700BF00E70140B0
:10AE10000C05004008B5FFF797FF08B3EFF310806B
:10AE200072B6104A1369116941F010011161A2F55F
:10AE3000406203F01003D2F80011D2F804210A4353
:10AE400000D040BF20BF00BF00BF00BF00BF23B97C
:10AE5000044A136923F01003136100B962B608BDF8
:10AE600020BFFCE700ED00E0914270B53BD2B2FAA2
:10AE700082F33BB1C3F1200420FA04F4994021434A
:10AE800098409A40160CB1FBF6FC06FB1C142404F7
:10AE90001FFA82FE030C85B204EB10400CFB0EF48B
:10AEA000844206D9201A90428CBF02200120ACEBCC
:10AEB000000C03EB01410CFB1211B1FBF6F006FB99
:10AEC000101105EB014100FB0EFE8E454FEA0C4CC4
:10AED00006D9AEEB010E96458CBF02220122801AE4
:10AEE00040EA0C0070BD73219620FFF7CBFC00BF39
:10AEF0002DE9F8431C4652EA040349D0074615469B
:10AF00000E467CB9914208D321463046FFF7ACFF8C
:10AF100004462A46384604FB1561FFF7A5FF214683
:10AF2000BDE8F883B4FA84F9B9F11F0F34DC4FF0AF
:10AF3000010808FA09F2A2FB051320FA08F002FB47
:10AF4000043226FA08F140EAC670FFF78DFFC9F116
:10AF50001F03D8404FF0000118D0431E8C4661EB10
:10AF6000010105FB01F203FB042280461846A5FB04
:10AF7000033EFB1A724466EB02061F46AF4276EBB5
:10AF8000040324BF40466146BDE8F8838446F5E7E4
:10AF9000CA219620FFF776FCE7219620FFF772FC86
:10AFA00030B5441A944229D33AB34B1CC31A022B2E
:10AFB0002FD9531E072B2CD922F003058C46864629
:10AFC0000D445CF8044B4EF8044BAC45F9D122F02B
:10AFD00003039A4202F0030400EB030501EB030CA8
:10AFE0000BD0CA5CC254012C07D09CF801306B70A6
:10AFF000022C02D09CF80230AB7030BD002AFCD08D
:10B000008B18024413F801CD02F801CD8B42F9D11F
:10B0100030BD4B1E0244014613F8014F01F8014BAD
:10B020009142F9D130BD00BF81EA000370B59E079F
:10B030005DD185075FD0002A58D0034601E0002A81
:10B0400054D011F801CB03F801CB9C0702F1FF3279
:10B05000F5D1032A29D941EA0305141F6E074FEAE7
:10B06000940E4AD12B2C48D90EF101064FEA560C0A
:10B0700003EBCC0CA1F108051C4695ED027BA4EC7A
:10B08000027B644505F10805F7D1F50726F00104B8
:10B0900003D551F8245043F824500EF1010402F076
:10B0A000030203EB840301EB8401FAB1541E022C6A
:10B0B0001FD922F003058C460D449E465CF8044BD4
:10B0C0004EF8044BAC45F9D122F00304A2422344CC
:10B0D000214402F0030509D00A781A70012D05D029
:10B0E0004A785A70022D1CBF8A789A7070BD034648
:10B0F000DBE71546F0E70346ABE70EF1010C01EB89
:10B100008C0C1D1F0C4654F8046B45F8046F644505
:10B11000F9D1C2E72DE9F04184075FFA81FE5FD0E3
:10B12000002A59D0034601E0002A55D003F801EB6C
:10B13000990702F1FF32F7D14EEA0E24032A44EABE
:10B1400004443ED9151FAE08172D06F10106C3F3BE
:10B15000800147D99846002940D048F8044B771A17
:10B1600003EB810C79080CEBC101CCE900440CF134
:10B17000080C6145F9D127F0010C08EB8C016745FB
:10B18000CCEB8C7805EB880517D02F1F032F0C60B4
:10B1900013D9A5F10807032F4C600ED9A5F10C07B0
:10B1A000032F8C6009D9A5F11007032FCC6004D9B7
:10B1B000143D032D0C6188BF4C6102F0030203EBC8
:10B1C00086034AB1013A83F800E005D0012A83F8EA
:10B1D00001E018BF83F802E0BDE8F0811546BEE744
:10B1E0000346A9E719461546CFE700BF81F00041A5
:10B1F00002E000BF83F0004330B54FEA41044FEA5C
:10B20000430594EA050F08BF90EA020F1FBF54EAF6
:10B21000000C55EA020C7FEA645C7FEA655C00F092
:10B22000E2804FEA5454D4EB5555B8BF6D420CDD63
:10B230002C4480EA020281EA030382EA000083EAE6
:10B24000010180EA020281EA0303362D88BF30BD86
:10B2500011F0004F4FEA01314FF4801C4CEA1131DC
:10B2600002D0404261EB410113F0004F4FEA03333B
:10B270004CEA133302D0524263EB430394EA050FC6
:10B2800000F0A780A4F10104D5F1200E0DDB02FA35
:10B290000EFC22FA05F2801841F1000103FA0EF2C9
:10B2A000801843FA05F359410EE0A5F120050EF18F
:10B2B000200E012A03FA0EFC28BF4CF0020C43FAC0
:10B2C00005F3C01851EBE37101F0004507D54FF0CD
:10B2D000000EDCF1000C7EEB00006EEB0101B1F51D
:10B2E000801F1BD3B1F5001F0CD349085FEA300063
:10B2F0004FEA3C0C04F101044FEA445212F5800F6E
:10B3000080F09A80BCF1004F08BF5FEA500C50F10A
:10B31000000041EB045141EA050130BD5FEA4C0CED
:10B32000404141EB0101013C28BFB1F5801FE9D24A
:10B3300091F0000F04BF01460020B1FA81F308BF6D
:10B340002033A3F10B03B3F120020CDA0C3208DD39
:10B3500002F1140CC2F10C0201FA0CF021FA02F114
:10B360000CE002F11402D8BFC2F1200C01FA02F184
:10B3700020FA0CFCDCBF41EA0C019040E41AA2BFA9
:10B3800001EB0451294330BD6FEA04041F3C1CDA71
:10B390000C340EDC04F11404C4F1200220FA04F091
:10B3A00001FA02F340EA030021FA04F345EA03013B
:10B3B00030BDC4F10C04C4F1200220FA02F001FAFD
:10B3C00004F340EA0300294630BD21FA04F029467F
:10B3D00030BD94F0000F83F4801306BF81F4801118
:10B3E0000134013D4EE77FEA645C18BF7FEA655C8B
:10B3F00029D094EA050F08BF90EA020F05D054EA5D
:10B40000000C04BF1946104630BD91EA030F1EBF61
:10B410000021002030BD5FEA545C05D14000494165
:10B4200028BF41F0004130BD14F580043CBF01F558
:10B43000801130BD01F0004545F0FE4141F470013E
:10B440004FF0000030BD7FEA645C1ABF1946104619
:10B450007FEA655C1CBF0B46024650EA013406BF1A
:10B4600052EA033591EA030F41F4002130BD00BFD9
:10B4700090F0000F04BF0021704730B54FF4806496
:10B4800004F132044FF000054FF0000150E700BF17
:10B4900090F0000F04BF0021704730B54FF4806476
:10B4A00004F1320410F0004548BF40424FF0000163
:10B4B0003EE700BF42004FEAE2014FEA31014FEAA6
:10B4C00002701FBF12F07F4393F07F4F81F06051F5
:10B4D000704732F07F4208BF704793F07F4F04BF40
:10B4E00041F40021704730B54FF4607401F000451D
:10B4F00021F000411CE700BF50EA010208BF70477D
:10B5000030B54FF000050AE050EA010208BF70476D
:10B5100030B511F0004502D5404261EB41014FF4D6
:10B52000806404F132045FEA915C3FF4D8AE4FF0DE
:10B5300003025FEADC0C18BF03325FEADC0C18BFC1
:10B54000033202EBDC02C2F1200300FA03FC20FA12
:10B5500002F001FA03FE40EA0E0021FA02F114445F
:10B56000BDE600BF70B54FF0FF0C4CF4E06C1CEA78
:10B5700011541DBF1CEA135594EA0C0F95EA0C0FE9
:10B5800000F0DEF82C4481EA030621EA4C5123EA5C
:10B590004C5350EA013518BF52EA033541F480118B
:10B5A00043F4801338D0A0FB02CE4FF00005E1FB3E
:10B5B00002E506F00042E0FB03E54FF00006E1FB88
:10B5C00003569CF0000F18BF4EF0010EA4F1FF04CB
:10B5D000B6F5007F64F5407404D25FEA4E0E6D410B
:10B5E00046EB060642EAC62141EA55514FEAC5201C
:10B5F00040EA5E504FEACE2EB4F1FD0C88BFBCF598
:10B60000E06F1ED8BEF1004F08BF5FEA500E50F148
:10B61000000041EB045170BD06F0004646EA01010E
:10B6200040EA020081EA0301B4EB5C04C2BFD4EB40
:10B630000C0541EA045170BD41F480114FF0000E39
:10B64000013C00F3AB8014F1360FDEBF002001F0A7
:10B65000004170BDC4F10004203C35DA0C341BDC21
:10B6600004F11404C4F1200500FA05F320FA04F0F3
:10B6700001FA05F240EA020001F0004221F0004127
:10B6800010EBD37021FA04F642EB06015EEA430E9A
:10B6900008BF20EAD37070BDC4F10C04C4F12005CA
:10B6A00000FA04F320FA05F001FA04F240EA02007D
:10B6B00001F0004110EBD37041F100015EEA430E4E
:10B6C00008BF20EAD37070BDC4F1200500FA05F26E
:10B6D0004EEA020E20FA04F301FA05F243EA0203ED
:10B6E00021FA04F001F0004121FA04F220EA0200FC
:10B6F00000EBD3705EEA430E08BF20EAD37070BD42
:10B7000094F0000F0FD101F00046400041EB010121
:10B7100011F4801F08BF013CF7D041EA060195F003
:10B72000000F18BF704703F00046520043EB0303BD
:10B7300013F4801F08BF013DF7D043EA06037047AA
:10B7400094EA0C0F0CEA135518BF95EA0C0F0CD0B5
:10B7500050EA410618BF52EA4306D1D181EA0301FB
:10B7600001F000414FF0000070BD50EA410606BFF5
:10B770001046194652EA430619D094EA0C0F02D13A
:10B7800050EA013613D195EA0C0F05D152EA03367F
:10B790001CBF104619460AD181EA030101F000419D
:10B7A00041F0FE4141F470014FF0000070BD41F0E6
:10B7B000FE4141F4780170BD70B54FF0FF0C4CF4C0
:10B7C000E06C1CEA11541DBF1CEA135594EA0C0FDF
:10B7D00095EA0C0F00F0A7F8A4EB050481EA030E2C
:10B7E00052EA03354FEA013100F088804FEA033313
:10B7F0004FF0805545EA131343EA12634FEA0222E1
:10B8000045EA111545EA10654FEA00260EF00041A1
:10B810009D4208BF964244F1FD0404F5407402D2F3
:10B820005B084FEA3202B61A65EB03055B084FEA84
:10B8300032024FF480104FF4002CB6EB020E75EB81
:10B84000030E22BFB61A754640EA0C005B084FEAA9
:10B850003202B6EB020E75EB030E22BFB61A754626
:10B8600040EA5C005B084FEA3202B6EB020E75EB71
:10B87000030E22BFB61A754640EA9C005B084FEAE9
:10B880003202B6EB020E75EB030E22BFB61A7546F6
:10B8900040EADC0055EA060E18D04FEA051545EAE5
:10B8A00016754FEA06164FEAC30343EA52734FEA8E
:10B8B000C2025FEA1C1CC0D111F4801F0BD141EA07
:10B8C00000014FF000004FF0004CB6E711F4801F6C
:10B8D00004BF01430020B4F1FD0C88BFBCF5E06F4C
:10B8E0003FF6AFAEB5EB030C04BFB6EB020C5FEA5C
:10B8F000500C50F1000041EB045170BD0EF0004EB1
:10B900004EEA113114EB5C04C2BFD4EB0C0541EAE2
:10B91000045170BD41F480114FF0000E013C90E6DF
:10B9200045EA060E8DE60CEA135594EA0C0F08BFA3
:10B9300095EA0C0F3FF43BAF94EA0C0F0AD150EAA2
:10B9400001347FF434AF95EA0C0F7FF425AF104635
:10B9500019462CE795EA0C0F06D152EA03353FF45D
:10B96000FDAE1046194622E750EA410618BF52EADA
:10B9700043067FF4C5AE50EA41047FF40DAF52EAAE
:10B9800043057FF4EBAE12E74FF0FF3C06E000BF4B
:10B990004FF0010C02E000BF4FF0010C4DF804CD58
:10B9A0004FEA410C7FEA6C5C4FEA430C18BF7FEA18
:10B9B0006C5C1BD001B050EA410C0CBF52EA430C46
:10B9C00091EA030F02BF90EA020F0020704710F1C6
:10B9D000000F91EA030F58BF994208BF90422CBF55
:10B9E000D8176FEAE37040F0010070474FEA410C4E
:10B9F0007FEA6C5C02D150EA013C07D14FEA430C6C
:10BA00007FEA6C5CD6D152EA033CD3D05DF8040BDC
:10BA1000704700BF8446104662468C46194663460E
:10BA200000E000BF01B5FFF7B7FF002848BF10F1E5
:10BA3000000F01BD4DF808EDFFF7F4FF0CBF01202A
:10BA400000205DF808FB00BF4DF808EDFFF7EAFFA6
:10BA500034BF012000205DF808FB00BF4DF808ED61
:10BA6000FFF7E0FF94BF012000205DF808FB00BF56
:10BA70004DF808EDFFF7CEFF94BF012000205DF8E0
:10BA800008FB00BF4DF808EDFFF7C4FF34BF0120ED
:10BA900000205DF808FB00BF4FEA410C7FEA6C5CB8
:10BAA00002D150EA013C0AD14FEA430C7FEA6C5CB8
:10BAB00002D152EA033C02D14FF0000070474FF030
:10BAC000010070474FEA410212F5001215D211D55C
:10BAD0006FF47873B3EB625212D94FEAC12343F08B
:10BAE000004343EA505311F0004F23FA02F018BF0D
:10BAF000404270474FF00000704750EA013005D1D6
:10BB000011F0004008BF6FF0004070474FF0000098
:10BB1000704700BF4FEA4102B2F1E04324BFB3F5E2
:10BB2000001CDCF1FE5C0DD901F0004C4FEAC002B4
:10BB30004CEA5070B2F1004F40EB830008BF20F098
:10BB40000100704711F0804F21D113F13872BCBF52
:10BB500001F00040704741F480114FEA5252C2F1A7
:10BB60001802C2F1200C10FA0CF320FA02F018BFF0
:10BB700040F001004FEAC1234FEAD32303FA0CFC43
:10BB800040EA0C0023FA02F34FEA4303CCE77FEAD2
:10BB9000625307D150EA01331EBF4FF0FE4040F41C
:10BBA0004000704701F0004040F0FE4040F40000CB
:10BBB000704700BF7BB972B90029BEBF00204FF0AB
:10BBC000004106E008BF00281CBF6FF000414FF0A5
:10BBD000FF3000F057B8ADF1080C6DE904CE002934
:10BBE00009DB002B1ADB03F098FCDDF804E0DDE94B
:10BBF000022304B07047404261EB4101002B1BDB84
:10BC000003F08BFCDDF804E0DDE9022304B04042E0
:10BC100061EB4101524263EB43037047524263EBD5
:10BC2000430303F07AFCDDF804E0DDE9022304B00D
:10BC3000404261EB41017047524263EB430303F022
:10BC40006CFCDDF804E0DDE9022304B0524263EB52
:10BC50004303704753B94AB9002908BF00281CBFE5
:10BC60004FF0FF314FF0FF3000F00CB8ADF1080C91
:10BC70006DE904CE03F051FCDDF804E0DDE90223B8
:10BC800004B07047704700BF1FB5014601A800F01F
:10BC900006F801A802F0EBFB05B05DF804FB0B8889
:10BCA000C3F30B0383804B88C380002242724B781E
:10BCB000C3F30113012B02D0022B18BF134604312A
:10BCC00003720160704710B58B880370437803F0EE
:10BCD000F00343708A88C2F3032213434370CA8877
:10BCE0008270CA8803F0CF03120A4370C2700A7AC6
:10BCF000120102F03002134303F03F0343704A7A0B
:10BD000043EA821343700C4609680430814205D02F
:10BD1000E288FB2A28BFFB22FFF786F9E08804307F
:10BD2000C0B210BD10B48B880370437803F0F003E9
:10BD300043708A88C2F3032213434370CA88827017
:10BD4000C27802F0C002C270CC88C4F3052422433A
:10BD500003F0CF034370C2700C7A240104F0300466
:10BD6000234303F0BF0343704C7A43EA841303F088
:10BD70007F0302F03F024370C2700B6804308342BD
:10BD800005D0CA885DF8044B1946FFF74DB95DF838
:10BD9000044B704770B50B78192B05460C461ED81E
:10BDA0002BB3013B182B22D8DFE813F03A003E00FA
:10BDB0002100B100B700BD00C300C900CD00CF0015
:10BDC000DF00E5002400210021004200D300D9005B
:10BDD000E900EF00F500FB00010107010D01822BD6
:10BDE0004FF0FF0200F0F580832B00F0F68040F268
:10BDF000322112E00E23B1F803200B7042F28303CC
:10BE00009A4209D10623637066780236324621468B
:10BE10002846FFF709F951E03121C720F4F778FDF2
:10BE20000C230B700823EEE71A230B700123EAE7BB
:10BE30002920F4F7AFFF30B13E2323702223637033
:10BE40002923A370E0E70A20F4F7A4FF3E2305F1BD
:10BE5000080204F108012B7090B30A23AB70E37859
:10BE6000EB70A3882B71A3881B0A6B71A379AB714C
:10BE7000E379EB71A368AB608B889380D4F80E30C4
:10BE8000C5F80E30638A6B8263696B61238B2B83E9
:10BE9000638BAB76638B1B0AEB76A38B2B77A38B21
:10BEA0001B0A6B77E38BAB77E38B1B0AEB7794F87A
:10BEB000203085F820301F266E700236304670BD67
:10BEC0000123AB70E378EB70A3882B71A3881B0A66
:10BED0006B71A379AB71E37903F00103EB71A36894
:10BEE000AB608B889380638BAB73638B1B0AEB73A4
:10BEF000A38B2B74A38B1B0A6B74E38BAB74E38B48
:10BF00001B0AEB7494F820302B751326D4E73E23DC
:10BF10000B7004234B70142393E73E230B700C2308
:10BF20004B7004238DE73E230B700A234B700323D1
:10BF300087E73E230B700D234B70052381E7052314
:10BF4000237004235FE70823FAE730230B700323F1
:10BF500059E73E230B700B234B70072371E73E23F9
:10BF60000B7006234B700C236BE713230B708B783D
:10BF70009B00013347E757230B70022343E73E231F
:10BF80000B7006234B7012235BE73E230B700923D3
:10BF90004B70132355E73E230B7005234B70202372
:10BFA0004FE73E230B7009234B70212349E7FF2302
:10BFB0000B700B234B70A22343E7FF230B70052369
:10BFC0004B70A3233DE7FF230B700D234B708023A1
:10BFD00037E70A700D22627033E70A700222FAE72F
:10BFE00008B510B1FFF750FE10B96FF0150008BD8D
:10BFF0000020FCE710B50C4648B141B1F4F71EFE35
:10C000000028207014BF00206FF0220010BD6FF0D8
:10C010001500FBE708B5F4F79BFE002008BD01F012
:10C0200074B908B5F4F7A6FE002008BD01F03EBCC7
:10C0300001F04CBC022202708270792242716FF0D2
:10C040005C0282711022C2716FF0410202726FF0C5
:10C05000190242726FF07F02002382726FF0480271
:10C060004370C3700371C2721846704701F09DB9E6
:10C0700038B54FF080530446D3F8A020D3F8A4106D
:10C08000013106D1D3F8A8304FF6FF719BB28B4235
:10C090003ED0D3073CD54FF08055D5F8A420D5F835
:10C0A000A830A4F80530C3F3072363F03F03C4F8B6
:10C0B0000120A371D5F89030013323D0D5F8943006
:10C0C00001331FD0D5F8983001331BD0D5F89C3000
:10C0D000013317D00020F7F7B7F998B9D5F89000D9
:10C0E000D5F89410D5F89820D5F89C30C4F81330C2
:10C0F000C4F80700C4F80B10C4F80F200123237004
:10C10000002038BD10220021E01DFFF703F8F5E7FD
:10C110000023F4E770B54FF080551022002104464B
:10C12000D5F8A060FEF7F6FF10220021A018FEF758
:10C13000F1FFD5F8803001330BD1D5F884300133CD
:10C1400007D1D5F88830013303D1D5F88C300133CD
:10C150000BD0D5F88000D5F88410D5F88820D5F814
:10C160008C30E36120616161A2610020F7F76CF916
:10C1700008B9F3071DD44FF08053D3F89020013253
:10C180000BD1D3F89420013207D1D3F89820013293
:10C1900003D1D3F89C2001320BD0D3F89000D3F810
:10C1A0009410D3F89820D3F89C30E360206061604D
:10C1B000A260002070BD10B50446FEF7E3FCB0F5A8
:10C1C000007F09DA10F5007F08DD031EB8BF0333D6
:10C1D0009B102370002010BD7F23FAE76FF07E03D1
:10C1E000F7E7012070470120704701F0CFBB0078CE
:10C1F000003818BF012001F0CFB9F6F75DBF817894
:10C20000008801F08EBB01F0AABB37B505460C468D
:10C2100000880DF1060101F0C4F92B882380BDF8D8
:10C220000630638003B030BDF6F74EBF01F0C9BBE6
:10C2300001F054B801F0AEB808B5F4F7A3FD002042
:10C2400008BDF6F72DBD01F0C5B8F6F7BBBE01F08D
:10C250008DB801F0C9BA01F093BA01F0DABA01F071
:10C2600001B801F006B801F012B801F024B801F0ED
:10C27000C2B801F0A3B901F084B801F040B8038856
:10C280000B8001F0F8BA03880B8001F002BB01F0CB
:10C29000D9B8F6F75BBDF6F741BD01F001B901F081
:10C2A0000FB9F6F75DBD01F04CB901F04EB801F0E1
:10C2B00076BBF6F7FFBCF6F781BDF8B5941C0C44CD
:10C2C0006343B3F5004FA8BF4FF0FF330E4610F0A5
:10C2D0000301054617469CB203D0AD211420F4F7A4
:10C2E00017FBB4F5004F01D9AE21F7E71022043057
:10C2F000FEF710FFEF746C802E80F8BD70B50688D5
:10C30000C58803898E42C5F30E02C3F30E0403D21F
:10C31000CF211420F4F7FCFA5D40C5F30E030BB9EE
:10C320002D0409D4A24209D2C37CA41A0233E41A10
:10C33000A14203DD00238374184604E01432012374
:10C3400081528374104470BD023101444A43B2F5F6
:10C35000004FA8BF4FF0FF3290B2173020F003001B
:10C36000B0F5004F34BF00B24FF0FF307047408847
:10C37000173020F00300B0F5004F34BF00B24FF08B
:10C38000FF3080B2704738B503888B4204D240F248
:10C3900007111420F4F7BCFA857C65B1C388C3F398
:10C3A0000E031433C25A8A4207D3C152811DF4F7D7
:10C3B00017FD00238374284638BD0025FBE703469C
:10C3C000F0B59C88A5B2C4F30E06DC88AC4200F13F
:10C3D000140002D10020D881F0BD5F89DC7C855B30
:10C3E0003C4402343444ED1B20440C88ADB2AC42D2
:10C3F00088BF0D805C89B4FA84F4640914700A88DB
:10C40000DA81E9E7F8B58288C389002604460D463B
:10C4100092B20E60CBB1C2F30E024189143287187A
:10C420000B44825A9BB29342438104D94FF4AA71C0
:10C430001420F4F76DFA04D1011DF4F7D1FC468104
:10C440002F600023E3810120F8BD1846FCE770B59A
:10C45000044604F11406A38822899BB29A42084636
:10C46000C2F30E050DD021B1A91CE27C3144FEF7C8
:10C47000DBFD04F108012046755BF4F7B1FC2846AA
:10C4800070BD0025FBE78388C0889BB2C31A584261
:10C4900058417047828873B5C48895B2AC42C2F3E4
:10C4A0000E0202F1140212D04189C689835A314426
:10C4B00099420EDB0DF10601ADF80650F4F790FC41
:10C4C000BDF80600001B18BF012002B070BD00209F
:10C4D000FBE70120F9E770B50589C488C4F30E06AF
:10C4E0006C40C5F30E02C4F30E050346143025B9A3
:10C4F000240402D50020188270BDB2421C8806D9DF
:10C50000DD7C921B0235521B9442A8BF14469D89C4
:10C510000DB1825BA41AA142ECDCDA7C19820232F2
:10C5200035442A441044E7E738B5038ACBB18B423F
:10C5300017D3C3888489C3F30E031433C5180CB909
:10C54000C4546C700C448481C45A2144C15222B139
:10C55000811DF4F745FC0023838100230382012021
:10C5600038BD0020FCE78388C2889BB29A4206D07F
:10C57000428922B9C3F30E031433184470470020D4
:10C580007047C37C088802330B4413607047023045
:10C59000704738B58388C2889BB29A4209D04389D4
:10C5A0003BB9C5893DB9011DF4F71AFCC5810120CD
:10C5B00038BD0020FCE71846FAE703881380C388DB
:10C5C000C3F30E03143303440B6080897047036880
:10C5D000002223B9C0E90132031D03607047596886
:10C5E0001B680A44F5E7072938B5034604D84FF419
:10C5F000EC711520F4F78CF90068A8B1D0E900249B
:10C600008C4212D02AB901F10805AC4204D210467E
:10C610000AE003461046F1E742501A6845181268CE
:10C62000641A6C6042501D6038BD1A60FCE700233C
:10C63000C1E9003203680B600160704730B590B10A
:10C640008478B1FBF4F304FB131300EB430252892B
:10C650008A4201D1D8B230BDC27822B900F10A03B2
:10C66000D0B2844201D8FF20F5E733F8025BA9423B
:10C6700002F10102F4D1EEE78278038805325943D2
:10C6800001EB42010844704713B50023CDE90033A4
:10C6900004468DF806006846F4F780FD08B102B044
:10C6A00010BDBDF804002146F4F754FD0028F2D077
:10C6B00040F215211720F4F72BF970B50D4609212A
:10C6C0001E46FFF741FE3246044609212846FFF781
:10C6D0003BFE002C03DB002801DB204470BD4FF043
:10C6E000FF30FBE7012303707047F8B505460846A5
:10C6F000002811461E4614BF00240224FF23AB70FD
:10C700002B191B7D012B04D001342B191B7D012B10
:10C7100019D105EB44073B8B3A8C9819904204DD04
:10C720002C44002038832075F8BD05EB8404324684
:10C7300060681844FEF778FC3A8B16443E83002369
:10C74000AB700120F0E70020EEE7002910B514BF20
:10C7500000230223FF218170C1180C7D012C07D119
:10C760000C3320F8132002230B750023837010BDB7
:10C770000133C1180C7D012CF2D04FF48C710920CB
:10C78000F4F7C6F830B5827802F0FF03EAB9027D0B
:10C79000022A18D0427D022A17D11A46012381B1FC
:10C7A00085180C3200242C7520F81240C21803247E
:10C7B000147500EB83020C33526830F813300A60B2
:10C7C0008B80012002E00122E9E7002030BD30B576
:10C7D0008378E3B9837D022B17D0C47D022C16D158
:10C7E000032381B105190C3400222A7520F8142086
:10C7F000C2180324147500EB83020C33526830F81E
:10C8000013300A608B80012002E00324E9E7002056
:10C8100030BD037D012B01D1008B7047437D012B7F
:10C820000CBF408B00207047837D012B01D1808B92
:10C830007047C37D012B0CBFC08B00207047038B5A
:10C8400023B9408B003818BF012070470120704782
:10C85000838B23B9C08B003818BF0120704701209B
:10C860007047027D022A01D1008B7047437D022B65
:10C8700001D1408B7047032AF6D0032BF9D000205A
:10C880007047827D022A01D1808B7047C37D022BC5
:10C8900001D1C08B7047032AF6D0032BF9D00020BA
:10C8A0007047F4F7E1BD012808B506D0022806D08C
:10C8B00040F22B410620F4F72BF8002008BD0120A0
:10C8C000FCE7F4F71DBE70B50D460646FAF764FEA8
:10C8D00004463046FAF758FE743504F523432844DD
:10C8E0004FF47A72A133B3FBF2F3184470BD10B564
:10C8F000044690F86900FAF74FFE00F55F414131B8
:10C900004FF47A70B1FBF0F1204601F58771BDE874
:10C91000104001F0C5BE7FB5044618B9A6213020ED
:10C92000F3F7F6FF072900F2FB80DFE811F00800BB
:10C930003E003E003900F900E500ED00F70090F8F8
:10C9400008321BB3B0F80632B0F88820934217D1F2
:10C95000B0F8BC21A0F88820D31AA0F8BE31D4E9E1
:10C9600088232046C4E98A23F9F79CFC94F8C33154
:10C97000002B00F0AC8004B0BDE8704002F093BC26
:10C980009A1AA0F8BE21A4F88830E8E7B0F804327B
:10C99000B0F888209B1AA0F8BE31B0F80432F2E754
:10C9A00004B0BDE87040FAF7BDBC02F06CFDD4E9FC
:10C9B0008A23801A61EB0301012871F1000302DA76
:10C9C00040F20661ABE76FF0010383424FF00003D2
:10C9D0008B4102DA40F20761A1E7A3690BB1B0FB1A
:10C9E000F3F394F88F10B4F806220D2934D10132F4
:10C9F000A4F80622B4F84232B4F888500133A4F8FF
:10CA00004232B4F8C4301D44B4F8C230013DED1ACE
:10CA1000ADB202AEB4F806126B1A1B0436D594F808
:10CA200092300394002B0CBF3E23082384F8B130CE
:10CA3000304601238DF80830F7F734FC204602F029
:10CA400034FC002384F8F43194F80B02FCF7E8FD81
:10CA5000202384F80B323AE0B4F888100B449BB2E0
:10CA6000D11A090454BF531C01339BB2A4F80632F7
:10CA700094F80932002BBDD1B4F8BC31B4F80622C9
:10CA8000934204BF0133A4F80632B3E700230096B3
:10CA90001A462046F5F792FAB8B1012812D1B4F837
:10CAA0000622B4F8B811BDF808301344521A120423
:10CAB0009BB204D5EA1A12F4004F18BF0B46A4F833
:10CAC0000632A7E740F2546129E7236F0BB904B09F
:10CAD00070BDB4F8BE10B4F806325B1A1BB2002B5E
:10CAE000F5DDB4F874201344013BB3FBF2F313FB00
:10CAF0000213A4F8BE30EAE70120FBF7F7FA04B00E
:10CB0000BDE87040FFF7DDBE90F8F431042B01D092
:10CB1000C52104E7002380F8F431D8E7CB21FEE6F5
:10CB2000CF21FCE613B5002380F8F431A0F84032A1
:10CB30001A46009319460446F5F740FA20B140F230
:10CB4000F3113020F3F7E4FE012284F8F421C4F855
:10CB5000F001C4F8E801A4F80602A4F8040284F87D
:10CB60000902B4F88820A4F84202013AA4F8882007
:10CB700002B010BD70B5044690F8203103F0FF01FB
:10CB8000E3B9D0E946526FF000439A4208BFB5F1CD
:10CB9000FF3F01D1002070BDD0E9445602F01EF9DC
:10CBA000D4E94632DB305B1B62EB06021B1A62F1F2
:10CBB0000002002AEEDA2046F8F7FEFB0120EAE741
:10CBC000F8B5044618B9D7213020F3F7A1FE07299C
:10CBD00000F2AA80DFE801F0043E3E3AA82E9EA6AD
:10CBE000F8F7E2FBD4F80401CB38FDF761FA10B98D
:10CBF00040F25121E8E7204602F0CBF90546F0B9B2
:10CC00000146204602F0EAF800F1DB06D4F8040100
:10CC1000B04209D2301A322838BF32200321FDF742
:10CC2000EBFA051E18BF0125C4F80461204602F086
:10CC3000CAF935B12046BDE8F84002F0C5B9002573
:10CC4000F4E7D4E94423C4E93C23F8BDBDE8F84047
:10CC5000FAF768BB02F0CDF8002384F8003184F8BD
:10CC60000931D4F8D43005460E46EBB150EA010341
:10CC70001AD00721A5FB012301FB0633D4E93C10A0
:10CC8000521843EB0003D4E9440182428B410BD29A
:10CC9000012304F5807784F808313846FCF7EEFC70
:10CCA00020B940F292618FE70223F2E72046FFF7B6
:10CCB00061FF034694F8D00033B93946FCF7D0FD44
:10CCC00038B940F296617FE7FCF7AAFC002384F8AC
:10CCD000F830D4E94401D4E93A32834272EB0107D7
:10CCE000B3D255EA0607B0D0C01A61EB0201334651
:10CCF0002A46FEF7FDF805FB01F200FB0621A5FB25
:10CD00000053D4E93A020B44451943EB0203C4E94A
:10CD10003A539AE790F8D000FCF782FC002384F89D
:10CD2000F83092E7F4214FE7F8214DE7D0F8D4002E
:10CD3000704710B5044690F8F830EBB1FF2380F847
:10CD40002031012102F042F994F8F830A3B194F8AF
:10CD5000D000FCF7E7FF94F8D000FDF775FB94F8DE
:10CD6000D000FCF75DFC20B940F2DF113020F3F772
:10CD7000CFFD002384F8F830002010BD10B590F8E6
:10CD8000202142B990F8D82042B1D0E937319942F8
:10CD900002D9F8F711FB0022104610BD0122FBE773
:10CDA00008B540F28D2101F083FC40F6480398421B
:10CDB00028BF184680B208BD7FB5044690F8C3313D
:10CDC00003F0FF05002B45D190F8F431032B41D13E
:10CDD00002F059FBD4E98A23801A61EB0301012890
:10CDE00071F1000336DB6FF00103834275EB010341
:10CDF00004DA40F2AF513020F3F78AFDA269B4F8AB
:10CE000088300AB1B0FBF2F2013313449BB2A4F8AC
:10CE10000432B4F80422B4F8BC319B1A1BB2002BC4
:10CE200018DD94F80B02FCF77DFF98B1FF2384F81E
:10CE30000932B4F8C430B4F888501D44B4F8C23094
:10CE4000013DED1AADB20DF10E06B4F80432EB1A45
:10CE50001B0401D504B070BDB4F804120096002381
:10CE6000012289B22046F5F7A9F80028F2D001285E
:10CE700009D1B4F80432BDF80E2012FA83F39BB244
:10CE8000A4F80432E1E740F2F651B4E7F8B50446FD
:10CE900021B1012930D040F29F712AE0C68C36B111
:10CEA000F7F766F8E68CB0FBF6F303FB16062046B0
:10CEB000D4E93A5701F09DFF281847EB0101002300
:10CEC000801941F1000184F800310223C4E94401D2
:10CED000C4E93A01A4F808312046FFF74BFE70B9C7
:10CEE00094F8D00004F58071FCF7BAFC38B940F230
:10CEF000E9613020F3F70CFD002380F8D830FAF711
:10CF000005F9BDE8F840FCF717BA90F8F8000038CA
:10CF100018BF0120704713B50023CDE9003301236A
:10CF20008DF806306846F4F739F908B100200AE0B8
:10CF3000009C2046FFF7E9FF0028F3D0204601F0CF
:10CF40005BFF0028EED002B010BD07B50023CDE98D
:10CF5000003301238DF806306846F4F71FF908B155
:10CF6000002004E00098FFF7D0FF0028F4D003B0C1
:10CF70005DF804FB07B5002340F6881201A9FAF713
:10CF8000E5FB03B05DF804FB10B5044638B1F6F7D5
:10CF90004FF934EA00030CBF0120002010BD01202E
:10CFA000FCE738B5054601F014FFF0B12846FFF75D
:10CFB000ACFF08B9002038BD2846FFF7B7FE04468D
:10CFC0002846FFF7B6FE054688B9002CF2D0208827
:10CFD000F6F798F920882946F4F7BCF80028E9D03C
:10CFE00041F6C9113920F3F793FC4220E3E70C2006
:10CFF000E1E72DE9F843B0F85A60B0F85C5080469C
:10D0000030300F46FFF7CCFE0221044600F0ABFFA4
:10D0100002218146204600F0A6FF4E4528BF4E461D
:10D02000B6B21B2E38BF1B26FB2E28BFFB26A842FC
:10D0300028BF284680B21B2838BF1B20FB28B8F821
:10D0400000303B8028BFFB20B4F5A47F38BF4FF4ED
:10D05000A47440F648039C4228BF1C467E80F8809A
:10D06000BC803C81BDE8F8832DE9F04186B00546DF
:10D0700001A9008800F039FF0446002873D1029A04
:10D0800092F85631003B18BF01238DF80230D2F8D8
:10D09000803099064ABF9DF80230034683F00103B1
:10D0A00003F001038DF8033092F8E2309B0603D4BD
:10D0B0009DF80330002B5CD0EB881B3B9BB2E02B30
:10D0C00059D82989A1F5A4739BB244F24810834230
:10D0D00051D86B881B3B9BB2E02B4CD8AA88A2F599
:10D0E000A4739BB2834246D840F64807B94244D85D
:10D0F000BA4242D8029E4FF0FF0886F82B819DF875
:10D100000230A3BB03A93046FFF773FF6A88BDF85E
:10D110001230E888934228BF1346A6F83031BDF894
:10D120001430AA88BB4228BF3B461946BDF80E30D2
:10D13000834228BF0346A6F82C31BDF81030288959
:10D14000BB4228BF3B46834228BF03468A42A6F81B
:10D150002E31134628BF0B46A6F8323186F82A81B5
:10D16000002386F82B31204606B0BDE8F0813A2432
:10D17000F6E71A24F7E71224F5E71124F3E710B5D0
:10D18000F5F752FC044601F000FF40B9204601F0DB
:10D19000F8FE80F00100C0B200F0010010BD0020D8
:10D1A000FAE72DE9FF4107468846008802A900F00A
:10D1B0009CFE054618BB039C94F8693103F0FF05FB
:10D1C0001BB1B8F1020518BF012594F88F30222B4E
:10D1D00094F8E33043EAD3030CBFC5F10102002207
:10D1E00003F00103134333D0BE7816B9F6F720F8E5
:10D1F0000646F87870BBF6F71BF826B909252846CD
:10D2000004B0BDE8F0810028F8D0FF2384F8353160
:10D21000E5B994F8343103F0FF05BBB984F8370160
:10D2200084F8348184F836613B797A798DF8050089
:10D2300043EA022301A920468DF80460ADF80630C8
:10D2400000F0B5FE002384F83531D8E73A25F9E738
:10D250001A25D4E7002ED8D1D0E708B5F5F7C2FFDC
:10D26000002008BD10B50446F7F7B2FA2070002080
:10D2700010BD10B5FFF74FFE044630B9F7F7A2FA1C
:10D280002046F6F7FFF9204610BD0C20FCE710B54C
:10D290000446FFF740FE50B92078012809D8611CE8
:10D2A000F7F79CFA002814BF0020072010BD0C20BF
:10D2B000FCE71220FAE738B50546FFF72CFE0446D6
:10D2C00040B92878012803D8691CF7F7B5FA18B9CE
:10D2D000122038BD0C20FCE72046FAE710B50E24DA
:10D2E000047000236FF065011022C470592441704E
:10D2F0008270047143718171C271184610BD08B506
:10D300000821F3F78DFC002008BD73B506460C46D6
:10D310000088694600F0E9FD0546A0B9B3786BB90D
:10D32000019B93F86C30A370338894F9020023803A
:10D33000F6F7F8FAA070284602B070BD7F20FFF71C
:10D3400019FEA070F0E70225F5E710B504466FF06E
:10D350007F00FFF70FFEF6F7E5FA20707F20FFF75A
:10D3600009FEF6F7DFFA6070002010BD10B5044624
:10D37000F5F75AFB01F002FEF6F7D4FA2070002010
:10D3800010BD08B50A46072300F11001FDF7F0FBB8
:10D39000002008BD10B5014604460020F6F73CF811
:10D3A00008B92060A080002010BD10B50446F5F734
:10D3B00013FF28B900202146F6F716F8002010BD0B
:10D3C000FFF7C3FD0028F5D0FFF7D9FE0028F1D103
:10D3D0000C20F4E710B50446FFF7B7FD28B901208B
:10D3E0002146F6F701F8002010BDFFF7C8FE00281F
:10D3F000F5D10C20F8E7F7B50C46054669460088DC
:10D4000000F073FDA21C98B9019B03F1970783F804
:10D41000EA0039681160397911712988218093F8FF
:10D42000EA6006F0FF01002EF1D1084603B0F0BD1E
:10D430000023C4F802300221137123706370F4E7F3
:10D44000FFF712BE1FB5838844F29022934217D88B
:10D4500040F64802934228BF13460288ADF80420E4
:10D460004088ADF80600ADF80A000A8001A8ADF8C2
:10D470000830ADF80C30FFF7F7FD05B05DF804FBA0
:10D480001220FAE737B50D46694600F02EFD044636
:10D4900018B901982946FFF7ACFD204603B030BD0E
:10D4A00010B500236FF00404482108220470437073
:10D4B0008170C270047143718171C271184610BDD0
:10D4C00037B505460C460088694600F00EFDF0B9F8
:10D4D000019B014683F86A1093F86820012A06D060
:10D4E000022A04D040F217310620F3F711FAA27095
:10D4F00093F86920012A01D0022AF3D1E27093F84F
:10D500006A2002F0FF00002AE4D12B88238003B0B8
:10D5100030BD10B58388022B044610D8C078FFF7C1
:10D5200033FD08B9112010BDA078FFF72DFD0028AC
:10D53000F8D020460121BDE81040FFF732BE12208E
:10D54000F1E713B58378C178027903F0010451EA59
:10D55000040C03F002031DD052EA030C1AD0002C75
:10D5600018BF0021002B18BF00228DF8032003787C
:10D5700042788DF8021043EA0223ADF80030437977
:10D580008279684643EA0223ADF80430FFF7C1FF11
:10D5900002B010BD1120FBE708B5F4F74BFA0020EC
:10D5A00008BD13B50C46694600F09FFC20B9019BED
:10D5B000B3F888300133238002B010BD07B500886E
:10D5C000694600F092FC48B99DF80020019B012AB1
:10D5D00007D093F83B2102F0FF016AB103B05DF878
:10D5E00004FB93F8F421D2B293F8B01011B912F001
:10D5F000FB0FEED10220F1E7FF2283F83B21084622
:10D60000ECE72DE9F3410546477800780121F3F76F
:10D610008BFD044600285FD001F0A1FCEB78984216
:10D6200028BF1846042F86B23DD0206BFFF7F1F8D3
:10D63000304480B21F2803D9122002B0BDE8F08127
:10D64000FB1E012B2CD8204601F0ADFC6B78032B80
:10D650002CD107F0FD08B8F1010F39D1204601F0B7
:10D66000A2FC002831D1012F08BF4FF00208216B26
:10D6700042466846F3F78EFE6A68206B3346012106
:10D68000FFF733F850B36B78023B012B22D8206BA5
:10D69000FFF7BFF801210246206BFFF756F819E0AB
:10D6A000002ED0D1C8E7002ECDD0C5E70028C3D1C9
:10D6B000042BCED12046FFF728FC0028BCD0206BDD
:10D6C000FFF7BDF80028C4D1B6E74FF00008CEE759
:10D6D000042FD1D10020B0E74220AEE70720ACE70D
:10D6E0002DE9F74380464578C77800780121F3F7A4
:10D6F0001BFD0446D0B101F048FC0028206B08BF98
:10D700000027FFF791F8C619B6B21F2E1FFA87F946
:10D7100010D8042D0ED0032D12D05FB12046FFF794
:10D72000F4FB58B10C2002E0042212E0422003B0C6
:10D73000BDE8F0831220FAE70720F8E7012D0CD1AD
:10D74000204601F030FC0028EED1012D0CBF06224E
:10D750000522216B6846F3F71DFED8F80420206BE4
:10D760004B460021FEF7C1FF0028E5D0023D012D08
:10D7700004D8206B32460021FEF7E7FF0020D6E7F1
:10D7800013B50446F5F750F94FF44073ADF8003087
:10D7900000238DF80230684614F8013B8DF8033001
:10D7A0000194FFF79DFF02B010BD38B50121054679
:10D7B0000078F3F7B9FC0446A0B1FFF7A6FB28B93F
:10D7C0002046691C01F01DFB002038BD204601F0F9
:10D7D000DCFB08B10C20F8E7204601F0D2FB002862
:10D7E000F8D1EDE74220F0E713B50446F5F71CF950
:10D7F00014F8013B8DF803304FF44073ADF800305E
:10D80000684600238DF802300194FFF7FAFE02B05B
:10D8100010BD73B50546F5F707F92B78044663B1DB
:10D8200000230DF1010101208DF80030F5F7F4FD22
:10D8300018B16846FFF7B9FFA0B9002620468DF859
:10D84000006001F0A6FBB04214BF80233346ADF860
:10D8500001302B788DF80360012B05D169462046F5
:10D86000F5F79EF902B070BD1BB92046FFF799FB92
:10D87000F8E71220F6E710B5002104460088F3F718
:10D8800053FC20B1A11CBDE81040F8F7E3BD022015
:10D8900010BD08B500880021F3F746FC20B1BDE8B3
:10D8A00008400021F8F7D6BD022008BD37B505466F
:10D8B0000C460088694600F018FB28B92B882380A5
:10D8C000019BB3F8BC30638003B030BD37B503882B
:10D8D0000B80044698B2638813B9122003B030BDA0
:10D8E000694600F002FB0028F8D16488019A42F2F0
:10D8F0001071A3B24B43158C916905FB01118B424A
:10D90000EBD395699169A942FBD10025013B0B44FA
:10D91000C2F8B450B3FBF1F3A2F8BC40C2F8B8307F
:10D92000DCE710B50C460021F3F7FEFB88B1022CB2
:10D9300011D804F00103C4F3400480F8C53180F825
:10D94000C44123B190F8C2313BB1FFF735FA002052
:10D9500010BD0220FCE71220FAE71846F8E710B5E0
:10D9600004460078FF280AD00121F3F7DDFB58B107
:10D970006378A27843EA0223C384002010BDB4F880
:10D980000100F4F7B7FFF8E74220F7E708B50078A1
:10D99000003818BF0120F4F789FE002008BD10B53B
:10D9A0000446F5F741F86178C1F3400201F0010146
:10D9B00001F00FFB002010BD0820F5F725BC01F099
:10D9C00081BC1220704710B5044604B910BD23680D
:10D9D00098476468F9E703680BB9016070471A4615
:10D9E0005B6813B18A42FAD170478A4218BF51600E
:10D9F000704708B50020FEF747FEF3F759FCF5F72E
:10DA000075FCF3F7BBFE20B14FF485710120F2F7EE
:10DA10007FFF08BD08B5F4F7F5FDF7F74FFB20B120
:10DA20004FF495710120F2F773FFBDE80840012023
:10DA3000FEF72ABE08B5FFF7EDFF01F02BFC20B181
:10DA400040F23F110120F2F763FF08BD01F0F9BC7D
:10DA50000B46122203F8032BD0F80920C1F803204B
:10DA6000427B1A71704730B585B004460D46F6F713
:10DA700029F880B36FF4B0731C4402A92088ADF874
:10DA8000000000F032FA18B12E217E20F2F740FF9C
:10DA9000039B93F864208DF80220022193F86520FF
:10DAA000B3F866308DF803206846ADF80430FFF710
:10DAB00078FB08B14421E8E78DF808009DF80830AC
:10DAC0008DF80900002063F307009DF8093063F327
:10DAD0000F2005B030BD18232B70D4F80930C5F8DD
:10DAE000033004238DF80830E8E708B5436893F85D
:10DAF0008E201AB185217E20F2F70AFF202283F8BA
:10DB00008E2008BD10F0010304D1830754BF00F03C
:10DB100004030223184670472DE9F84F07460846CC
:10DB20009246884600F072FC8146404600F070FC48
:10DB30008346FFF7E7FF05464846FFF7E3FF45EA60
:10DB40000006F6B2003E044618BF0126F5F770FB4A
:10DB500000EA0B00C3B2002B08BF0025F5F768FBF5
:10DB600000EA090097F86830C0B2002808BF002416
:10DB7000AB4208BF00258AF8005097F86930A342ED
:10DB800008BF002455EA04038AF801400CD140463E
:10DB900000F040FCB7F88830DB43184480B247F609
:10DBA000FD73984288BF00263046BDE8F88FF8B56F
:10DBB000446894F88F50A5F12003062B06460F46C3
:10DBC0003ED92E2D3CD0CDBB94F88E30252B37D0AE
:10DBD000084600F00FFC28B939463046BDE8F84049
:10DBE00000F0B8BD7B7903F0070384F861303B791E
:10DBF00003F0070384F8603094F8353193B994F852
:10DC00003431012B0ED094F8602094F869309A4298
:10DC100010D194F8612094F868309A420AD1022316
:10DC200084F83431222384F88F30304600F064FDCC
:10DC30002846F8BD3046F5F745FBF3E70125F7E741
:10DC40002025F5E72DE9F743456895F88F3095F8DD
:10DC50008E80232B04460F462DD18F35384600F099
:10DC6000DBFB00284DD0384600F0D0FB814638461B
:10DC700000F0CEFB0146FFF745FF6668034648B358
:10DC800096F86820904225D096F8340101280CBF00
:10DC900096F8360196F86400014232D0B8F1210FAF
:10DCA00018D096F86100014214D152B940F2032114
:10DCB0000620F2F72DFEB8F1210F40F0B2808E352C
:10DCC000CCE7032A01D0032B31D1934294BF002328
:10DCD0000123B3B94846FFF715FF002849D096F84D
:10DCE0006930834245D096F83431012B0CBF96F849
:10DCF000373196F8653019EA030F14BF012300236A
:10DD0000BBBB636893F83421012A19D11E21204638
:10DD1000F5F7B0FAB8F1210F1FD1FA786368182A25
:10DD200083F8192110D040F269217E20C1E7042A2E
:10DD3000CBD0042BC9D093422CBF00230123C8E7CA
:10DD4000002283F83421E5E7092283F88E2093F836
:10DD5000CC3093BB40F27121E7E7002320462B70C3
:10DD600000F0D4FC3946204603B0BDE8F04300F093
:10DD7000F1BC304601AA3946FFF7CEFED4F8048044
:10DD80000646F8B998F83431012B18D101462046DF
:10DD9000F5F770FA2E70636803F18F02954202D195
:10DDA000002283F88F20636803F18F0295424FF0C1
:10DDB000000533D1204600F0A9FC002032E088F8AD
:10DDC0003401E8E7384600F025FB6368A8F8540200
:10DDD000B3F85422B3F88810013A521A92B247F6B7
:10DDE000FD718A4206D9282283F8B1202046F6F731
:10DDF00059FAD8E793F88F200D2A02D00A3A012A5F
:10DE000001D82A22F0E79DF8042083F856229DF8D5
:10DE1000052083F8572225232B70C4E783F8CC50C4
:10DE2000CBE7022003B0BDE8F08308B5436893F860
:10DE30008F20222A05D022B14FF461717E20F2F7A3
:10DE400067FD232283F88F2008BDFF234371002341
:10DE5000037103604371704743791BB903680BB1C9
:10DE600001221A607047F5F741BA704730B5424059
:10DE70000C7818785D7844404878684004449D7870
:10DE8000887868400444DD78C878684004441D7987
:10DE900008795B794979684004444B402344D34274
:10DEA0000CBF0120002030BD024600200139C9B25C
:10DEB000FF2900D17047535C83F001030344D8B2BB
:10DEC000F4E708B5F5F7CEFA082803D0BDE8084016
:10DED000F5F7ECBA08BD08B501F001FA18B1BDE8D4
:10DEE0000840F8F7A9BB082008BD10B50C46002172
:10DEF000F3F71AF9606018B101232370002010BDF8
:10DF00000220FCE7F8B5D0E9047605460C46FBF79D
:10DF1000B5FB20B94FF481712920F2F7F9FCF4B177
:10DF2000D5E90431DA1B61EB0603012A73F1000124
:10DF30004FF0000115DB6FF00100904271EB03031D
:10DF400002DA4FF48671E7E7631E1344B3FBF4F380
:10DF50005C43E41946F10006C5E904461C46204628
:10DF6000F8BD0C46FBE7CB1E012B10D8032914BFCC
:10DF70004FF41673962303F5BC7314BF402210228E
:10DF8000984212D9C01A90FBF2F080B27047022971
:10DF900005D13C2809D93C38C0F38F007047702860
:10DFA00003D97038C0F3CF00704700207047034694
:10DFB000086858667047012908B5024606D002294C
:10DFC0000CD040F27D112920F2F7A2FC40F6C413D8
:10DFD00040F2E240002A18BF184608BD40F6C410BF
:10DFE000FBE7C3B293FAA3F3000A90FAA0F01B0E6A
:10DFF000000E43EA002070470131F8B5C9B2821D16
:10E000000023012512F8010B884216D312F8066C82
:10E01000002405FA04F737421CBF01F1FF31C9B2F1
:10E02000E0B269B10134082CF3D10133DBB2052B26
:10E03000E8D199214620F2F76BFC091AC9B2F4E73E
:10E0400000EBC300C0B2F8BD0B6870B5C0F801307A
:10E050000B7903F01F03437100230446C372451C70
:10E06000861D15F8010B00F02DFB2871E37AB542EF
:10E070001844E072F5D170BD70B581EA114189B2E2
:10E08000C57A0446032682EA0100FFF7AAFF013E93
:10E0900000EB00100A1816F0FF0690B2F5D14140CF
:10E0A0002522B1FBF2F302FB1313C3F3C402224493
:10E0B000D8B2567803F00703012202FA03F31E4296
:10E0C00007D169432046C1F30741BDE87040FFF71F
:10E0D00093BF70BDF8B590F821506B1E242B0446F9
:10E0E00056D8002A56D0807D18B1012846D01F206E
:10E0F00019E094F8231094F8223002FB0313252230
:10E10000B3FBF2F102FB1133DBB204EBD30284F870
:10E110002330D17D012603F0070206FA02F21142F4
:10E1200002D084F82430F8BDB3FBF5F205FB1233BE
:10E130000133024604F11C01D8B211F8013B8342BD
:10E1400019D311F8067C002306FA03FC1CEA070F1A
:10E150001CBF00F1FF30C0B2DDB220B905EBC20236
:10E1600084F82420DFE70133082BEDD10132D2B24D
:10E17000052AE2D1BBE7C01AC0B2F7E72289C96914
:10E1800004F11600FFF778FF84F824000020CAE7A6
:10E190001220C8E71046C6E70B68C0F803308B882A
:10E1A000A0F8073070470B68C0F809308B88A0F8DA
:10E1B0000D3070470378890123F0400301F04001DE
:10E1C0000B4303707047037803F07F0343EAC111E8
:10E1D000017070471F2A38B50546144603D9BF2180
:10E1E0002A20F2F795FB09300634FCF71DFF6C700E
:10E1F00038BD1F2A38B50546144603D9E1212A2027
:10E20000F2F786FB09300634FCF70EFF6C7038BD60
:10E2100030B5037803F00F03032B024640D0052BE3
:10E220001FD1C37F90F82000034392F821000343DD
:10E2300092F82200034392F8230020F01F001843B5
:10E240002DD05378222B0CD1B2F81930B2F81740E8
:10E25000907D41B1B3F5506F05D940F607518B421F
:10E260000ED900201BE0991F89B240F67A45A942D9
:10E27000F7D8411E0729F4D88342F2D9A342F0D33C
:10E28000B2F81B30B3F5FA7FEBD2B2F81D000A38B2
:10E2900080B240F6764398428CBF0020012030BD0A
:10E2A0004078A0F10C0358425841F8E7037801F098
:10E2B000030123F003030B4303707047007800F061
:10E2C000030070471B2A08B504D940F252412A20A6
:10E2D000F2F71EFB4270BDE808400330FCF7A4BE15
:10E2E000B0F807007047B0F809007047B0F80B00AD
:10E2F000704770B5B0F80730B0F80950B0F8056055
:10E300000479B0F80B0091B1B3F5506F0FD940F616
:10E310000752934218D8B5F5FA7F15D20A3880B261
:10E3200040F6764398428CBF0020012070BD9A1FB2
:10E3300092B240F67A418A4206D8621E072A03D872
:10E340009C4201D29E42E5E70020EFE743680B6064
:10E35000037A0B717047B0F8090070470079704775
:10E360000B6843604B688360704743680B60836849
:10E370004B60704783890B807047D0F80E300B607C
:10E38000D0F812304B607047D0F816300B607047F1
:10E39000FFF7E6BF0B68C3607047007970470171F3
:10E3A000090A417170478171090AC1717047017290
:10E3B000090A417270478172090AC17270478088E8
:10E3C0007047C0887047008970474089704703894B
:10E3D0001A2B0DD94389B3F5A47F09D383881A2B4F
:10E3E00006D9C088B0F5A47F34BF00200120704753
:10E3F00000207047037913F0070305D0407910F02F
:10E40000070018BF01207047184670470079704711
:10E4100040797047C08870470279437902F007025B
:10E4200003F00703511E0A40591E0B4013430CBF53
:10E4300001200020704701717047007970474171D9
:10E44000704740797047FB2908B504D940F2E6715E
:10E450002A20F2F75DFA417008BD406890F8C23199
:10E4600023B1002380F8C231FEF7A6BC704708B57F
:10E47000017A19B101290DD0002008BD0368C288B6
:10E4800002218088F5F7D0FA0028F6D1F5F7BAFC1A
:10E490000120F2E70368C288F3E702230B7001232F
:10E4A0008B707047F5F72ABC10B521B94FF41C7179
:10E4B0001020F2F72DFA4A600B72EFF3108472B657
:10E4C000031D0B6042681AB1127A012A08BF03606B
:10E4D00003681960016004B962B6BDE81040F5F741
:10E4E00053BC0222F5F77CBC0322F5F779BC042269
:10E4F000F5F776BC0222F5F7B7BC11230B706FF469
:10E50000A27318440388A1F80330838FA1F8053063
:10E51000B0F84030A1F80730C38FA1F80930B0F847
:10E520004230A1F80B307047012908B503D10E30F5
:10E53000C00080B208BD022902D10F308000F8E788
:10E5400040F265210620F2F7E3F930B587B00446C2
:10E550000D46F5F7BFFAA0B300232372A4F5A77404
:10E56000694624882046FEF78DFF18B1D6212C205D
:10E57000F2F7CEF9BDF80630ADF80E30BDF8083030
:10E58000ADF81030BDF80230ADF8123003A8BDF878
:10E590000430ADF80C40ADF81430FEF751FF08B16F
:10E5A000DF21E4E78DF80C009DF80C308DF80D00AC
:10E5B000002063F307009DF80D3063F30F2007B0D0
:10E5C00030BD2B46172203F8032BD4F80920C5F8D9
:10E5D0000320D4F80D205A60B4F811201A810423C6
:10E5E0008DF80C30E0E740687047C08A704710B57E
:10E5F0008A880B89CC884988A0F85010A0F854402C
:10E60000A0F85220A0F8563010BD8383BDF800302A
:10E6100001834283C383704738B5C38B458C04465E
:10E620009D42007A28BF1D46FFF77EFF6389AB42FB
:10E6300028BF2B46984238BF184680B238BDF8B57F
:10E640000646808F17460C46FFF76EFF21460546AB
:10E6500006F13000FFF7E0FF854228BF0546394646
:10E66000B6F84400FFF760FFB6F846309842ADB206
:10E6700028BF184615FA80F09C30F8BD90F8692044
:10E6800090F86810FFF7DBBF38B50D461446FFF76A
:10E69000F5FF96342044A84294BF281A002038BDC4
:10E6A00038B504460D46FFF7E9FF2844606338BDDE
:10E6B000006801F19C02904283BF401A9C384008D8
:10E6C0000020704700F05503400800F05500184442
:10E6D00000F03303800800F03300184400F00F030B
:10E6E00003EB101070474368002283F88E2083F8F4
:10E6F000CC20A3F8C820704743680022A3F8CE209E
:10E7000093F8D020013283F8D020704708B54268D2
:10E7100092F8D030013B5BB2002B82F8D03003DAA4
:10E7200034214A20F2F7F4F808BD436883F81B113E
:10E7300083F81A217047A0F10A03042B08D9A0F12D
:10E740002003062B04D9A0F12E03584258417047EC
:10E75000012070474268D2F8803010B513F00804E9
:10E760000AD143F00803C2F88030CB7882F8183120
:10E77000FFF7C2FF204610BD0120FCE738B50C466C
:10E780000546B1F85410FFF70AFEB4F822112846E6
:10E79000FFF709FEB4F850102846FFF708FEB4F85A
:10E7A00020112846BDE83840FFF705BE37B530F8E0
:10E7B000024C7CB100238DF804308DF805309DF8B3
:10E7C0000430002063F307009DF8053063F30F2049
:10E7D00003B030BD30F8A85CA1F8035008230B70DB
:10E7E0008C70437A4B7150F8940CFDF74CFE18B9BD
:10E7F000B2216320F2F78CF82846F4F783FD214616
:10E800002846F2F7A7FC04238DF804308DF8054064
:10E81000D5E710B5446894F89030063B012B07D932
:10E820000846FFF79BFD062384F8910084F890309A
:10E83000002010BD426892F89030063B012B84BF47
:10E84000072382F890307047F8B5476897F88F60D3
:10E8500004460D4616BB0846FFF77DFD6168A7F824
:10E860005402B1F85432B1F88820013B9B1A9BB294
:10E8700047F6FD72934207D9282381F8B13020462C
:10E88000F5F710FD3046F8BD01F256212846FFF796
:10E890005DFD63680A2283F88F20F3E70126F1E724
:10E8A0000B46062203F8032BD0F80920C1F80320F9
:10E8B000D0F80D205A60427C1A720023CB7070474A
:10E8C000F8B5436893F88F6005460C46002E48D192
:10E8D00031462046FFF70DFD28B921462846BDE800
:10E8E000F840FFF737BF6A68B4F80D30B2F8881007
:10E8F000A2F85432C9430B449BB247F6FD718B42D8
:10E9000007D9282382F8B1302846F5F7CBFC3046EA
:10E91000F8BD2046FFF7E4FC6F6840F2E242504346
:10E92000C7F85C022379C3EB431103EB810303EBCC
:10E9300083035B00A7F85632B4F805305343C7F899
:10E9400058322046FFF7CFFCA7F8600220466F68D8
:10E95000FFF7CCFC6B68A7F862020D2283F88F20CA
:10E96000D5E70126D3E708B5436893F88E201AB19E
:10E9700024214520F1F7CCFF1D2283F88E2008BD0D
:10E9800070B5456895F88E301D3B022B86B0064663
:10E990000C462BD80846FFF71AFD00B32046FFF7B8
:10E9A00012FD05902046FFF70AFD04902046FFF770
:10E9B0000CFD03902046FFF704FDDDE903320599C5
:10E9C000009005F13000FFF720FE7168284601F243
:10E9D0004511F5F76BFA70680621F3F77BFE00200E
:10E9E00085F8CC0085F88E0006B070BD0120FBE7ED
:10E9F0004268D2F88030D90610B5044603D49A2173
:10EA00004520F1F785FF990601D59B21F8E723F012
:10EA10001003C2F88030FFF779FE60680621BDE878
:10EA20001040F3F757BE09230B70D0F80930C1F836
:10EA3000023070470B460A2203F8022BB0F8092077
:10EA40004A80C27A9A70704738B5436893F88F400D
:10EA5000054634B1113C0B2C94BF082401242046F8
:10EA600038BD93F89430002BF9D0FFF745FE6B6862
:10EA7000112283F88F20F2E708B5436893F88F20BE
:10EA8000152A04D040F279111F20F1F741FF01222D
:10EA900083F8D120162283F88F2008BD436893F8AD
:10EAA0008F20122A03BF1322002083F88F20022018
:10EAB000704710B5436893F88F30182B044607D180
:10EAC000FFF724FE63681C2283F88F20002010BD0E
:10EAD0000220FCE708B5436893F88F20112A04D080
:10EAE0004FF4D1711F20F1F713FF012283F8D120D9
:10EAF000122283F88F2008BD08B5436893F88F2051
:10EB0000162A04D04FF4D5711F20F1F701FF182207
:10EB100083F88F2008BD0B46052203F8032BD0F89D
:10EB20000920C1F80320D0F80D205A60B0F8112058
:10EB30001A81C27C9A72704708B5436893F88E2098
:10EB40001AB1BC211C20F1F7E3FE042283F88E20C9
:10EB500008BD4268D2F8801008B5CB0703D4C9219C
:10EB60001C20F1F7D5FE92F8D030013B5BB2002BB0
:10EB700082F8D03001DACB21F2E721F00101C2F8AE
:10EB8000801008BD0C23A0F59E700B7003884B808D
:10EB90007047436893F88E200F2A01BF002283F844
:10EBA000C02083F8CC2083F88E200020704738B531
:10EBB0004568D5F8803013F0040409D1FFF79CFDB7
:10EBC000D5F8803043F00403C5F88030204638BDC6
:10EBD0000120FCE74268D2F8803023F00403C2F839
:10EBE0008030FFF793BD08B5436893F88E201AB1C3
:10EBF00071214B20F1F78CFE0F2283F88E2008BD87
:10EC000010B5D0E90D43A34204D30A8C1B1B053277
:10EC10009A4202D3012380F8403010BD01230B70CB
:10EC200000238B7030F8D43CA1F80330437A4B7149
:10EC30004389CB8083890B81704708B5436893F87B
:10EC4000D32091070ED493F88E201AB1742140205E
:10EC5000F1F75EFE012183F88E1083F8CC10A3F843
:10EC6000C82008BDD3F880108A070DD593F8D020AE
:10EC7000013A52B2002A83F8D02001DA8621E6E771
:10EC800021F00201C3F88010002283F83A21E8E75E
:10EC900010B50B794C790A68012843EA042108BFB2
:10ECA00041F48031104610BD07B5FFF7F1FF0DF1BB
:10ECB0000702F5F731FD03B05DF804FB0B460422B3
:10ECC00003F8032BB0F80920A1F80320C27A9A7048
:10ECD00070470B46142203F8032BD0F80920C1F823
:10ECE0000320D0F80D205A60704738B50B4610222B
:10ECF00003F8032B0C4600F10902293052F8041BDB
:10ED000043F8041B8242F9D112781A70A5880123B6
:10ED1000A37100212846F2F707FA70B1E37863B1D6
:10ED20000088F4F7EFFA00212846F2F713FA20B131
:10ED300040F227212D20F1F7EBFD38BD0121F6F738
:10ED4000C3B8FFF7FBBF90F882300BB101207047CA
:10ED500090F8BA2002F0FF03002AF7D190F8AC2017
:10ED60001846704737B504460D464FF4947200219B
:10ED7000FCF7D0F9FF2323701323638042F2107352
:10ED8000E384F2F7DBFA0022014620636846F2F7DB
:10ED900001FB206B00220121FDF7D7FC216B6846A7
:10EDA0000422F2F7F7FA0022206B1146FDF7CDFCA2
:10EDB00004F12800A57400F044F904F1680003B0E0
:10EDC000BDE83040FFF741B8FF23086B0B70FDF73B
:10EDD00089BC0078FF3818BF0120704710B5044681
:10EDE000283000F084F961882822F6F717FB6D308F
:10EDF00010BDD0E902017047C07C003818BF012067
:10EE000070470B68C0F815308B88A0F819300123C3
:10EE1000C37670472DE9F04F06460D4607460FCEE4
:10EE200091B006AC0FC40FCE0FC496E803000DF1ED
:10EE3000100884E80300404600F003F995F81490A8
:10EE40006E7895F80AA095F800B0B9F1010F06F0B8
:10EE50007F0607D0B9F1020F04D040F22931062015
:10EE6000F1F756FD697A404600F0F2F82B7DAA7E54
:10EE7000022B08BF697D02F1010206BF0131C9B250
:10EE80000121D2B2404600F0E5F816F0080363D144
:10EE90004046019300F02BF928223146F6F7BEFADE
:10EEA0002A79EC78019B44EA02246A7940F27121C4
:10EEB00044EA024400F2D7204C43B0FBF1F048434F
:10EEC000A0420BD9EC79AA7942EA04222C7A42EAD0
:10EED000044201FB02F4A04200D804462A7E0393B8
:10EEE000531E5A425A41A97C386B02910192FDF798
:10EEF000B8FC386BFDF7C5FC039B019A0299ADF88D
:10EF00001A6008948DF828208DF82B108DF82CA00D
:10EF10008DF818B08DF81C90099306AE0FCE3C46C4
:10EF20000FC40FCE0FC496E8030084E8030098E8EE
:10EF30000300B862B985EB7A13F0FD0F14BF01230B
:10EF4000002387F85730EB68BB652B8AA7F85C3045
:10EF5000002011B0BDE8F08F00242346BEE74388AF
:10EF600013F0040F0CBF1F20002070470023C3853F
:10EF700043881D2B08BF00214174704790F912008F
:10EF80007047408800F0010070474088C0F340009F
:10EF900070474088C0F3C000704708B5006BFDF7AC
:10EFA00057FC012008BD012070470120704790F8F0
:10EFB000503001624B72D0F85130C1F80A30B0F8CD
:10EFC0005530CB8170477047F5F7DABC80F8781080
:10EFD000704780F8241080F825207047C0F3400265
:10EFE000C0F38003134400F0010018447047022866
:10EFF00008B507D0042807D0012807D039212E20D2
:10F00000F1F786FC262008BD2720FCE72520FAE73B
:10F01000837813F0010202D0C178C9070DD5990792
:10F0200002D5C27892070AD513F0040205D0C3783E
:10F0300013F0040F14BF002204221046704702226E
:10F04000FBE70023C0F802300123437003707047D0
:10F050008170704710B54270017080781446FFF7D8
:10F06000BDFF10FB01F004FB00F2FE2A03DD5C2172
:10F070002E20F1F74DFC10BD0023C37043710371C6
:10F08000704710B50446FFF7C3FF63796278013318
:10F09000DBB29A4263710FD1E378A1780343DBB20C
:10F0A0009942E37008BF23794FF0000208BF013393
:10F0B000627104BFE2702371BDE81040FFF797BF93
:10F0C00038B501468078FFF789FF0446C8784D7847
:10F0D000FFF784FF0B790A78D21A12FB05F212FBB4
:10F0E00004F34A799B1A00FB1530C0B238BD08B54D
:10F0F00001468078FFF772FF4B780A7813FB02F322
:10F1000013FB00F0C0B208BD40F2EF20704740F2A0
:10F110005A335843704713B50346104652680E3BA6
:10F120000C4692F88E10092B42D8DFE803F0054117
:10F130004141104118414128042905D10190FFF7B0
:10F14000D2FA0198F5F71CFA002002B010BD0F2981
:10F15000FAD1002102B0BDE81040FFF71ABD1D2909
:10F16000F2D10190FFF7BFFA0198002CECD0426871
:10F1700092F8E23023F0200382F8E230E4E792F8DC
:10F180008F30232BE0D1002482F88F400190FFF7CD
:10F19000BDFA0198436893F83431012B03D121461D
:10F1A000F4F768F801984368002283F83421CBE72C
:10F1B0004FF40F713120F1F7ABFB08B5436893F8BA
:10F1C0008F20162A04D040F2E4413120F1F7A0FB51
:10F1D0001A2283F88F2008BD08B5436893F88F2062
:10F1E000312A06D1002283F88F20BDE80840FFF7BE
:10F1F0008DBA162A03D11A2283F88F2008BD40F257
:10F20000F9413120F1F784FB037D63B9C37B90F8AA
:10F210005200A3F11002032A05D928B11C2B8CBF80
:10F220000020012070470120704737B5426892F8EE
:10F23000E23043F0040382F8E230044608460D460B
:10F24000FFF7FFF801902846FFF7F7F801992246EB
:10F2500003B0BDE83040F6F7E5B938B50C460546D1
:10F26000D1E90401F2F710F894F80B0220280BD032
:10F27000FBF7EAF894F80B02FAF7D2F920B940F656
:10F2800039013120F1F744FB28460221BDE838401E
:10F29000F1F760BF0020704708B5F4F7B3FEBDE892
:10F2A0000840F5F763B8F2F7A9BB0022A0F88E205A
:10F2B00080F8922090F8C33113B10221F3F70ABA13
:10F2C0000321FBE7F4F712BF08B5F7F7C3FCF7F724
:10F2D000B9FAF7F739F9BDE80840F7F7C1B908B549
:10F2E000C821F7F78FF9022807D1013911F0FF0182
:10F2F000F7D1F5213B20F1F70BFB431E5842584153
:10F3000008BD10B504460846F8F746F94FF47A737D
:10F31000B0FBF3F0201A10BD10B504460846F8F70C
:10F320003BF9023C4FF47A7300F2E730B0FBF3F0A4
:10F33000201A10BD08B5FBF7D3FCBDE80840F8F76C
:10F3400091BA70B5841A04F307040E4660B259B23C
:10F350001546F8F777FA002330702844737040B2EE
:10F3600070BD0023036070477047002070474FF066
:10F37000FF3070474FF0FF307047704700207047F4
:10F380004FF0FF3070470020704700207047002387
:10F39000037070470022FFF7D4BF002070474FF082
:10F3A000FF3070474FF0FF3070474FF0FF3070472D
:10F3B00070474FF0804301221A6070474FF080433E
:10F3C000D3F8080400F0010070474FF08043D3F8F1
:10F3D000140400F0010070474FF08043D3F81C0480
:10F3E00000F0030070474FF08042D2F81834D2F892
:10F3F000182413F4803305D002F003031B1A58427B
:10F40000584170471846704708B5FBF7BDFC28B156
:10F410004FF080430222C3F8342C08BDFBF794FC64
:10F420000028F5D1FBF7A6FC0028F1D1F5E7F8F7A5
:10F43000B5BAF8F7DDBAF8F709BBF8F721BBF8F76A
:10F440000BBDF8F799BAF8F79DBAF8F7A1BAF8F733
:10F45000DFBBF8F71DBBF8F7CFBB08B5F8F782FAAA
:10F46000002008BD70B5F8F739FD00240546264692
:10F47000E0B2854200D870BDF8F736FD01348684CD
:10F4800080F82660F4E7F8F793BF07B56846F8F709
:10F4900083FEDDE900024FF080730021E2FB0301EF
:10F4A00003B05DF804FB0023037018467047EFF3C8
:10F4B000108272B603780121DBB2017002B962B624
:10F4C000012B0CBF6FF0220000207047EFF3108378
:10F4D00072B60022027003B962B600207047FBF7D3
:10F4E000D7BBFBF797BCFBF795BC00280CBF6FF0B0
:10F4F000150000207047002070470723037000208C
:10F5000070470020704700207047034613F8012B16
:10F51000002AFBD1181A013870472DE9F0478646BA
:10F520008C460846089E154674461946002B40F046
:10F53000C2808542B2FA82F245D94AB1C2F12003B3
:10F5400000FA02FC2EFA03F3954043EA0C0C9440B7
:10F550004FEA154EA8B2BCFBFEF8230C0EFB18CCEC
:10F5600008FB00F943EA0C43994528D9EB1808F148
:10F57000FF3704D2994502D9A8F102072B44A3EB27
:10F580000903A4B2B3FBFEFC0EFB1C330CFB00F022
:10F5900044EA0344A04214D92C190CF1FF3304D2DD
:10F5A000A04202D9ACF102032C44241A43EA0740DA
:10F5B0001EB1D440002334607360BDE8F087474635
:10F5C000DDE76346F1E792BB431B01214FEA154E8D
:10F5D000AFB2B3FBFEFC200C0EFB1C330CFB07F898
:10F5E00040EA0343984562D9EB180CF1FF3004D28E
:10F5F000984502D9ACF102002B44A3EB0803A4B256
:10F60000B3FBFEFC0EFB1C330CFB07F744EA034480
:10F61000A7424ED92C190CF1FF3304D2A74202D9CC
:10F62000ACF102032C44E41B43EA0040C0E7C2F102
:10F63000200320FA03F1954090402EFA03F3034390
:10F640004FEA154EAFB2B1FBFEFC0EFB1C10190CBD
:10F650000CFB07F841EA0041884504FA02F422D97C
:10F6600069180CF1FF3004D2884502D9ACF10200D0
:10F670002944A1EB08019BB2B1FBFEFC0EFB1C115F
:10F680000CFB07F743EA01439F420ED9EB180CF13C
:10F69000FF3104D29F4202D9ACF102012B44DB1BA3
:10F6A00041EA004192E76046E3E76146F7E76046DA
:10F6B000A3E76346B7E7834206D916B90021084697
:10F6C0007BE7C6E900E0F9E7B3FA83F78FB9834235
:10F6D00001D3724508D8BEEB020460EB030301209E
:10F6E0009C461EB9002168E73846FAE7C6E9004C97
:10F6F000F8E7C7F1200CBB4022FA0CF41C432EFAA9
:10F700000CF120FA0CF3B84001434FEA14490EFA09
:10F7100007F5B3FBF9F81FFA84FE09FB18300B0C50
:10F7200008FB0EFA43EA00439A4502FA07F240D971
:10F73000E31808F1FF3004D29A4502D9A8F102007B
:10F740002344A3EB0A0389B2B3FBF9F809FB18338E
:10F7500008FB0EFE41EA03418E452CD9611808F1E1
:10F76000FF3304D28E4502D9A8F10203214443EAB3
:10F770000040A0FB0298A1EB0E014145CE46434656
:10F7800002D306D14D4504D2B9EB020E68EB040357
:10F790000138002EA6D0B5EB0E0261EB030101FA91
:10F7A0000CFC22FA07F34CEA0303F940C6E90031E6
:10F7B00098E74046C5E74346D9E70000000000004F
:10F7C0002DE9F04F9FB08246039117461C46002555
:10F7D000387810B9284600F0A6BD252809D003992D
:10F7E000D0470028C0F29F857B1C01350593059FFB
:10F7F000EEE71822002110A819F01DFE7B78252BBA
:10F8000000F0BC800023791C98469E469C46184612
:10F810000E4611F8012B2B2A00F0E38000F2DA806B
:10F82000202A00F0E180232A00F0E1802BB19DF82E
:10F83000483043F040038DF84830B8F1000F05D050
:10F840009DF8483043F020038DF84830BEF1000F9A
:10F8500005D09DF8483043F010038DF84830BCF1D6
:10F86000000F05D09DF8483043F008038DF848306C
:10F8700028B19DF8483043F004038DF848309DF8D6
:10F88000483003F04401442903D16FF386138DF807
:10F8900048309DF848300E9643F080032A2A8DF8B0
:10F8A000483040F0A9809DF8493043F001038DF8BD
:10F8B0004930731C1A782E2A9DF849200CBF01216B
:10F8C000002161F341028DF849200CD15A1C0E929F
:10F8D0005A782A2A40F0A0809DF8492042F004027C
:10F8E0008DF8492002331A786C2A00F0C18000F2AA
:10F8F000A380682A00F0A9806A2A00F0C2804C2AFE
:10F9000000F0C78013F8012B0593782A8DF84B205F
:10F9100000F209816D2A00F2C980692A00F2038190
:10F92000572A00F2E280412A04D0A2F14503022BBB
:10F9300000F2F9809DF84A3002F0DF020421A2F1C2
:10F94000410961F30203D9F100029DF849108DF8D5
:10F950004A3042EB090262F3C7110A068DF84910DA
:10F96000CBB200F11F8103F07802182A40F0098120
:10F970006FF3C6038DF849300023F8E08DF84B3063
:10F98000BB1C05939DF849309DF84A20DE0702F024
:10F99000070040F1098154F8041B0491002908DA9A
:10F9A0009DF8481041F004018DF84810049949422F
:10F9B0000491590740F1008154F8046B002E80F245
:10F9C000FF809DF849306FF341038DF849304FF0C7
:10F9D000FF36F5E02D2A0DD0302A7FF427AF012322
:10F9E00016E74FF0010C13E74FF0010E10E74FF050
:10F9F00001080DE701200BE70EA803F085FC0E9B24
:10FA0000B3423FF457AF9DF848201390C00F60F306
:10FA100041028DF848204DE70EA803F075FC9DF8D3
:10FA200048301490C3F3400242EAD07262F34103BB
:10FA30008DF848300E9B56E7742A26D07A2A7FF438
:10FA400061AF9DF8492006210CE05A78682A9DF89C
:10FA5000492006D1012161F3C6028DF84920023305
:10FA600050E7022161F3C6028DF84920013349E7CE
:10FA70005A786C2A9DF8492001D10421EBE7032133
:10FA8000F0E79DF849200521ECE79DF84920072182
:10FA9000E8E7BDF8482022F4F04222F0020242F4E6
:10FAA000804242F00202ADF84820DFE76E3AD3B25E
:10FAB00001229A4040F282431A429DF8493039D1DE
:10FAC00012F0240F61D1D1072DD59DF84A2003F003
:10FAD0007803A3F14008032161F30202D8F1000387
:10FAE0008DF84A2043EB080341E0A2F15801C9B266
:10FAF000012000FA01F111F4624F7FF41BAF40F6D0
:10FB0000010319429DF849301AD111F4043F0AD07B
:10FB10009DF84A2060F3020203F07803402B8DF831
:10FB20004A207FF429AF9DF8483043F001038DF857
:10FB3000483021E79DF84A20022161F30202EBE7F9
:10FB40009DF84A10022003F0780360F30201402B75
:10FB50008DF84A1002BF9DF8481041F001018DF860
:10FB60004810632A7FF408AF003B18BF01239DF8BB
:10FB70004820C2F340010B4363F341028DF8482053
:10FB800000E713F0380FCED1F6E69DF84A200321A6
:10FB900013F0780F61F302028DF84A2014BF01239D
:10FBA0000023E4E70123E2E79DF948100029B4BFF0
:10FBB00013994FF0FF31FBE69E077FF508AF149EC7
:10FBC00000230428CDE913339DF8493007D1990764
:10FBD00005D49DF949100029ACBF06260D2602F078
:10FBE0000702012AC3F3C30332D1DA1E042A04D860
:10FBF000DFE802F02045452020002268012B4FEA73
:10FC0000E271CDE910211BD19DF94020D117CDE93A
:10FC1000102104349DF84820069292074FD0059B8E
:10FC200003993A46504615F01BFA0028C0F27B8330
:10FC30000544DCE554F8042BD117CDE91021E9E7A0
:10FC4000022BE6D111B242F3C032CDE91012E0E747
:10FC5000022A24D1DA1E042A04D8DFE802F01810A0
:10FC600010181800012B54F8042B4FF0000114D089
:10FC7000022BCDE91021CDD192B21092CAE7073400
:10FC800024F00704F4E80201CDE91001C2E754F8BA
:10FC9000042B109200221192BCE7D2B2CDE7042AC5
:10FCA00008D1073424F00704D4E900010834CDE971
:10FCB0001001AFE7032AADD154F8042BDDE79DF81E
:10FCC0004B80B8F1780F3FF692ADB8F1570F5CD882
:10FCD000B8F1250F00F0A480B8F1240F7FF687ADAE
:10FCE000B8F1410F04D0A8F14503022B3FF67FADD8
:10FCF000DDE91023002BC0F24D810699080700F1C1
:10FD00004C81C1F300194FEA4919C3F30A51C3F3F7
:10FD10001303002940F0448152EA030014BF4FF05E
:10FD2000010C4FF0000CD80240EA5250D702CDE946
:10FD30000C70B8F1460F47EA010740EAE17008BFCE
:10FD40004FF06608384300F0B881BCF1000F10D0C6
:10FD50001B0343EA125317033A4618464FF0000CB0
:10FD6000002880F25681BCF1000F40F05981CDE9A6
:10FD70000C730D9B43F00043A1F2FE3B0D93002159
:10FD8000DDE90C230F46052060E1A8F15802202A86
:10FD90003FF62DAD01A151F822F000BF67FF000032
:10FDA000EFF70000EFF70000EFF70000EFF70000BB
:10FDB000EFF70000EFF70000EFF70000EFF70000AB
:10FDC000F1FC0000EFF7000013FF000027FF000028
:10FDD000F1FC0000F1FC0000F1FC0000EFF7000076
:10FDE00027FF0000EFF70000EFF70000EFF700003B
:10FDF000EFF700006DFF000067FF0000B7FE000096
:10FE0000EFF70000EFF7000031FE0000EFF7000011
:10FE100067FF0000EFF70000EFF7000067FF00004A
:10FE200003994046D0470028C0F27D820135DEE4C8
:10FE3000002E109F3BDB3146384619F09DFC002F09
:10FE40003FF4D5AC3E18F31B4FF000099DF84A2053
:10FE500012F01001069100F05B82023312F04002B2
:10FE6000DDF84C80089218BF149ACDF81C804344EA
:10FE700018BF9B18049A002A40F36582D31A9DF894
:10FE8000482004935007C2F3800B00F15C825106B6
:10FE900040F14C82B9F1000F07D003994846D04792
:10FEA0000028C0F240820135D94630223FE2384670
:10FEB000FFF72BFBC6E71098002800F024820DF115
:10FEC0007503009312AA17AB002103F033FABDF8B3
:10FED0004A3003F0EF0343F4F04343F010030746C6
:10FEE000ADF84A304FF00009002E0CDB9DF8482099
:10FEF0000DF17503DB1B6FF386129E428DF84820CF
:10FF000001D9F31A1393002F3FF471AC0DF175066C
:10FF10006DE0109B8DF85C304FF000090DF15D062F
:10FF200017AF012392E7069B1F0758BFC3F30019C1
:10FF3000DDE9102354BF4FEA49194FF02B09002B7C
:10FF400006DA524263EB4303CDE910234FF02D094B
:10FF50000DF175030093DDE9100117AB12AA03F050
:10FF6000E9F90746C0E74FF00009F1E7109A072BBF
:10FF70003FF63DACDFE803F00C04060C08080C0C5F
:10FF8000157034E4158032E4EB17C2E900532EE417
:10FF900015602CE44FF02D09B7E64FF02B09B4E6BD
:10FFA00040F2FF70814231D108F10108A2495FFAA5
:10FFB00088F8134311F8081001F003011ED101293C
:10FFC0000BBF492369234E216E210CBF46226622B6
:10FFD0008DF85C309DF848308DF85D106FF3861316
:10FFE0008DF85E208DF848300DF15F0617AFF31BDA
:10FFF000B9F1000F3FF42AAF013327E7012915BFFC
:020000021000EC
:100000006E234E23612141211A46E1E74FF0000C97
:1000100089E6921801F1FF3140414FF0010C9FE653
:10002000CDE90C20A5E6520842EAC3725B08B3F1A1
:10003000333F59460BF1010BF5D200FB03FCA2FB49
:10004000002301F1020B6344013F01211BF1020F68
:10005000E9DB09B1CDE90C23BBF1000FDDE90C327E
:100060002EDCCBF10401A1F120000BF11C0B02FAF4
:100070000BFB22FA00F0CA40CB40079208F0DF02E7
:1000800043EA0B03472A43EA00037DD1F91C01DB55
:10009000BE422BDAA8F10208002E5FFA88F87CDD58
:1000A0009DF84820920606F1FF3676D4B6F1000B93
:1000B00018BF4FF0010B721C27E04FF0000B5EE6FB
:1000C000023342F100020CA8CDE90C3214F099FF82
:1000D000DDE90C320BF1FF3B0137DB185241002AFE
:1000E0000BF1FF3BF9DACDE90C32B5E79DF848207A
:1000F0009006A6EB07064DD4B6F1000B18BF4FF0E3
:10010000010BF2194FF066084AD4102AA8BF10223A
:100110009FED477B8DED0E7B10200B90DDE90E01EE
:10012000002A3FD1079A1B1842EB0101B1F1805F11
:1001300047D2CDE90C31069BB8F1660F03F02002DF
:1001400040F0C180002F47DC30238DF85C30002A5E
:1001500074D1002E40F3BA812E238DF85D3087B123
:100160007B42B342A8BF33469DF84A201393002B2D
:10017000A6EB0306D4BF0023012363F345128DF8D9
:100180004A200DF15E0340E0B8F1660F4FF0000B1E
:10019000B7D090E74FF0000BB3E74FF0000B8AE7C2
:1001A0000022B5E7400840EAC1704908CDE90E01D8
:1001B0000EA8CDE9082314F024FF089A099B013A00
:1001C000ACE75B0843EAC1730CA84908CDE90C31E0
:1001D000013714F016FFAEE717AB0B9900290BDDC2
:1001E0000BA90CA8CDE9063214F023FF069B079A51
:1001F00003F8010B013FF0D11397AAB9002E40F389
:1002000063812E2103F8011B0027002E1FDD0B9AAE
:10021000002A1CDD0BA90CA8069314F00AFF069B0C
:10022000013E03F8010BF0E72E2203F8012BEBE768
:100230000000000000000008AEDD02002E238DF853
:100240005D30002F9DD0002E8ADC0DF15E03BBF1E6
:10025000000F4CD114961E4608F0DF03452B21D128
:10026000002FBABF7F422D232B23632FC8BF6422E8
:100270007370C2BFB7FBF2F303F1300102FB1377D7
:100280004FF00A0286F80080CABFB170023603360A
:10029000B7FBF2F303F1300102FB1373303331701B
:1002A00073700236139B002B2BDC149B002BD4BFE6
:1002B000002301239DF84A2063F3861200238DF862
:1002C0004A20337092E60BA90CA8069214F0B1FEF6
:1002D000069A8DF85C00302818BF07F1FF3712B975
:1002E000002E40F3F3802E238DF85D3049E71E4643
:1002F000013B16F8012C302AF9D02E2A08BF1E46E1
:10030000AAE70123D6E7734E8146771F05239DE5B3
:10031000110748BF0133A1E5104609920399D04760
:100320000028099A05DA1FB0BDE8F08F2022DDF819
:1003300010B0594600290BF1FF3BEDDC049BCDF8D2
:1003400010B02B445D1AB9F1000F05D0039948464F
:10035000D0470028E7DB0135089B002B79D09DF9B9
:100360004930002B29DBDFF870913B46187819F8EB
:10037000002052079B4603F101033FD49DF84A3009
:10038000EF1B98065F4407D44246002A08F1FF3865
:100390003BDC079B3B449F1A9BF800002E280AD1A8
:1003A0000399D0470028BEDBB8F1000F07F1010721
:1003B00031DC0BF1010B5D4638E0B94699F80000DD
:1003C0007028C84609F1010913D1EF1B149D474459
:1003D0003D44EB1B002B34DC039933464246504628
:1003E00014F03EFE00289EDB3844049E0546064479
:1003F00065E00399D0470028E0DA94E70693039973
:10040000D0470028069BB1DA8DE703993020D0470A
:100410000028B9DA87E703993020D04708F1FF3880
:10042000C0E70399D0470028FFF67DAF287819F878
:1004300000305907A84605F10105F2D4A7EB0B07D8
:10044000C4E703993020D0470028FFF66CAF01378E
:10045000BFE79DF84A30DA0601D41B0706D5039999
:100460003020D0470028FFF65EAF0135069B3BB138
:1004700003999DF84B00D0470028FFF654AF013593
:10048000A84406E003993020D0470028FFF64BAF80
:100490000135A8EB0503002BF4DC039933463A46FB
:1004A000504614F0DDFD0028FFF63DAF28449CE7E0
:1004B00003992020D0470028FFF635AF0135731B84
:1004C000002BF5DCFFF793B91746C0E60DF15D038D
:1004D000BDE600BFD0BA0200AFDD020000000000A0
:1004E0002DE9F04F476A97B08DED000B55EC104B9E
:1004F000209E089183460C9212937FB9102012F02F
:100500009DF90246CBF8240020B9A74BEA21A74861
:1005100013F00AF8C0E901770760C760DBF8243000
:10052000196859B15A684A60012393408B60584654
:1005300013F0C6F9DBF8243000221A602B1EB9BF75
:1005400023F00043019300233360019F984BBCBF0D
:1005500001223260BB4319D1129A42F20F73136029
:10056000C7F31303234300F0DD85219B53B9914B5F
:1005700021E0914B03930833219A1360039817B03D
:10058000BDE8F08F8B4B03930333F5E79DED007BC4
:10059000002251EC170B00238DED0A7BFBF74AFA82
:1005A000804650B1129A01231360219B13B1219A06
:1005B000824B1360824B0393E0E79DED0A0B14AA74
:1005C00015A9584613F0FEFBC7F30A560290002EF9
:1005D00078D00B9BCDF84C80C3F31303DDE90A01FF
:1005E00043F07F5343F44013A6F2FF36194600222E
:1005F000744BFAF7FFFD66A3D3E90023FAF7B2FFC5
:1006000065A3D3E90023FAF7F7FD044630460D460B
:10061000FAF73EFF62A3D3E90023FAF7A3FF0246ED
:100620000B4620462946FAF7E7FD04460D46FBF740
:1006300049FA00220746002320462946FBF704FA20
:1006400040B13846FAF724FF22462B46FBF7F2F971
:1006500000B9013F162F52D85B4B03EBC703D3E918
:100660000023DDE90A01FBF7EFF9002849D0013F3B
:1006700000231193149B9B1B5A1E45BFC3F101031A
:10068000069300230023079254BF06930793002F7D
:1006900039DB079B10973B44079300230993089B82
:1006A000092B66D8052BC4BF043B0893089BA3F114
:1006B0000203CCBF00240124032B65D8DFE803F03C
:1006C0002B383657DDE914631E4406F23243202BE3
:1006D000C1BFC3F140039F4006F2124324FA03F363
:1006E000D6BFC3F1200347EA030004FA03F0FAF788
:1006F000BFFE0122A1F1F873013E139276E70123B8
:10070000B7E71190B6E7069BDB1B06937B42099384
:1007100000231093C3E700230D930C9B002B57DCA1
:100720000123049399461A460C920CE00123F3E747
:1007300000230D930C9BFB1803F1010904934B4616
:10074000012BB8BF0123DBF824000021042202F1B1
:1007500014059D4240D94160584613F071F803904A
:1007600000283CD1194B02464FF4D571CFE6012346
:10077000DFE70124002308930D944FF0FF33049327
:10078000994600221223CFE701230D93F5E700BF1E
:1007900061436F63A787D23FB3C8608B288AC63F87
:1007A000FB799F501344D33F37DF02004EDF020036
:1007B0000000F07F33DF02002ADF020061C7020081
:1007C00060C702000000F83F50A60200C2DF02002E
:1007D0000C9B04939946B6E701315200B7E7DBF86A
:1007E0002430039A1A60B9F10E0F6FD8002C6DD027
:1007F000002F36DDA14B07F00F0203EBC20393ED90
:10080000007BF8058DED0E7B4FEA271417D59C4B26
:10081000DDE90A01D3E90823FAF7CEFFCDE90001AB
:1008200004F00F044FF00308954D5CB9DDE90E2389
:10083000DDE90001FAF7C0FFCDE900012BE04FF040
:100840000208F1E7E10709D5DDE90E01D5E900234A
:10085000FAF788FECDE90E0108F1010864100835A9
:10086000E3E700F007817C42844B854D04F00F02E2
:1008700003EBC203D3E90023DDE90A01FAF772FEB4
:10088000CDE90001241100234FF00208002C40F0B4
:10089000E580002BD0D1119BDDE90045002B00F055
:1008A0004C81784B002220462946FBF7CDF80028E2
:1008B00000F04381B9F1000F00F03F81049B002B51
:1008C00000F3E480DDE90A34CDE90034159B002B08
:1008D00002DB0E2F40F342820D9A002A40F067821D
:1008E000099CDDF818800025B8F1000F0DD0079B9A
:1008F000002B0ADD4345069AA8BF4346D21A06924A
:10090000079AA8EB0308D31A0793099B0BB30D9B17
:10091000002B00F0A682002C00F0A182294622467E
:10092000584613F0F5F8029A01460546584613F06A
:1009300045F802990646584612F0C2FF099B1B1B58
:10094000099300F09182099A3146584613F0E0F875
:1009500002900121584613F01BF8109B0446002B0F
:1009600000F084821A460146584613F0D1F8089BDD
:10097000012B044603DC009B002B00F07C82002648
:10098000236904EB8303186919F083F81096C0F10A
:100990002000079B184410F01F0000F09182C0F166
:1009A0002003042B40F38182069BC0F11C0003440A
:1009B0000693079B034480440793069B002B05DDA9
:1009C00002991A46584613F0FDF80290079B002B37
:1009D00005DD21461A46584613F0F4F80446119BEB
:1009E000002B00F076820298214619F0A1F8002829
:1009F00080F26F82002302990A22584612F082FF89
:100A00000D9B02907E1E002B00F05C820023294685
:100A10000A22584612F076FF049B002B054603DCA1
:100A2000089B022B00F35E82B8F1000F05DD29461A
:100A30004246584613F0C6F80546109B002B00F0BE
:100A4000D0826968584612F0FBFE0746002840F045
:100A50007F820D4B024640F2EA2158E5E20706D5B7
:100A6000D5E90023FAF77EFD08F10108012364109F
:100A700008350BE74FF002080DE700BF50A6020053
:100A800028A602000000F03FC2DF02002046AD4B66
:100A900000222946FAF766FDCDE90001049C7E1E7E
:100AA00008F101084046FAF7F3FCDDE90023FAF704
:100AB00059FDA54B0022FAF79FFBA1F15073CDE938
:100AC0000E010F93002C3BD1DDE900019F4B00226A
:100AD000FAF790FB02460B46CDE90023DDE90E2331
:100AE000FAF7D0FF002840F05781DDE90E2101F12F
:100AF0000043DDE90001FAF7A7FF00283FF4E2AE6A
:100B0000002425460C9BDDF80CA0DE434FF00008C6
:100B10002146584612F0D4FE002D00F0A980B8F10D
:100B2000000F05D0A84503D04146584612F0C8FE34
:100B30002946584612F0C4FE9AE03E464C46B1E7BC
:100B4000834B03EBC40353E90201039B1C440D9B3D
:100B5000002B4AD002460B4600207E49FAF72CFEB5
:100B6000DDE90E23FAF746FBCDE90E01DDF80CA016
:100B7000DDE90001FAF7A6FF0546FAF789FC02460F
:100B80000B46DDE90001FAF735FB3035CDE9000110
:100B900002460B460AF8015BDDE90E01FAF772FF27
:100BA000002865D1DDE900236B490020FAF722FB1C
:100BB00002460B46DDE90E01FAF764FF002840F01B
:100BC0000D81A24500F0EA80DDE90E015D4B0022B7
:100BD000FAF7C8FC5B4BCDE90E010022DDE900010C
:100BE000FAF7C0FCCDE90001C2E7DDE90E23FAF710
:100BF000B9FCCDE90E01DDF80CA0A046DDE900014D
:100C0000FAF760FF0546FAF743FC02460B46DDE9BA
:100C10000001FAF7EFFA30350AF8015B02460B469D
:100C2000A245CDE900234FF0000223D1494BDDE975
:100C30000E01FAF7E1FA02460B46DDE90001FAF788
:100C400021FF002840F0CA80DDE90E234149002041
:100C5000FAF7D0FA02460B46DDE90001FAF7F4FE96
:100C600070B1C24608F1FF381AF8013C302BF8D0B9
:100C7000374655E0334BFAF775FCCDE90001BDE787
:100C8000DDE90A34CDE90034159B002BFFF628AED0
:100C90000E2F3FF725AE2E4B03EBC70393ED007BE2
:100CA0000C9B002B8DED047B02DAB9F1000F64D0B0
:100CB000DDE90045DDF80CA0DDE9042320462946E6
:100CC000FAF77AFDFAF7FEFE0646FAF7E1FBDDE9F0
:100CD0000423FAF747FC02460B462046294606F154
:100CE0003004FAF787FA0AF8014B039CAAEB0404D4
:100CF000A14502460B4640F08280FAF77DFADDE915
:100D0000042304460D46FAF7BDFE002865D1DDE94F
:100D1000042320462946FAF78DFE08B1F3075CD478
:100D20000299584612F0CCFD00238AF80030129B3D
:100D300001371F60219B002B3FF420ACC3F800A0BB
:100D40001CE400BF0000244000001C4000001440D0
:100D500050A602000000E03F0000F03FA24B03EB72
:100D6000C70393ED007B0C9B002B8DED047B9FDA7A
:100D7000B9F1000F9CDC7FF4C3AE9C4B0022DDE98F
:100D80000401FAF7EFFBDDE90023FAF771FE0446F0
:100D900000287FF4B5AE3E462546B4E0DDE90A34CE
:100DA000CDE90034159B002B01DB0E2FD6DD089A10
:100DB000012A36DC139A82B303F23343099CDDF82F
:100DC0001880069A1A440692079A01211A44584636
:100DD000079212F0DDFD054686E53E4653469A46EB
:100DE00013F8012D392A06D1039A9A42F7D10399B3
:100DF000302201360A701A7801321A7038E77C4BBB
:100E00000022FAF7AFFB0022002304460D46FAF752
:100E100011FE00283FF450AF82E7149BC3F1360364
:100E2000CCE7099B09F1FF34A34208DBB9F1000FBD
:100E3000A3EB04040EDBDDF818804B46C1E7099BE9
:100E4000109A0994E31A1A44DDF8188010924B4660
:100E50000024B6E7069BA3EB09080023B1E7029E36
:100E600071E5099A029970E5029672E5089B012BDB
:100E700017DC009BABB9019BC3F313039BB9019B28
:100E800023F00046360D360536B1069B0133069336
:100E9000079B013307930126109B002B7FF470AD55
:100EA0001096012075E50026F6E73FF486AD069A18
:100EB0001C331A440692079A1A44984407927CE518
:100EC0000346F4E7049B002B2BDC089B022B09DC78
:100ED00027E0B9F1000F1DDC089B022B1ADDCDF8CD
:100EE00010903E46049B002B7FF40CAE2146052259
:100EF000584612F007FD01460446029818F018FE05
:100F000000287FF7FFADDDF80CA031230AF8013B84
:100F10000136FBE50D9BCDF810903E46002B7FF48B
:100F200083AD039F0298214618F032FC00F130098E
:100F300007F8019B039B049AFB1A9A4240F3CB806B
:100F4000029900230A22584612F0DCFC0290E9E7DD
:100F50002A690232920005F10C010C3018F05DFA9A
:100F600001223946584612F02DFE039B03F1010A77
:100F7000DDE9032313440793009B03F00103A84614
:100F8000099305460AF1FF3321460298049318F0AD
:100F9000FFFB4146069000F13009029818F0C8FDA9
:100FA0002A4621460746584612F078FEC268014696
:100FB00002B3584612F084FC002F3ADA029901225B
:100FC000584612F0FFFD2146029018F0B1FD0028AE
:100FD00003DC29D119F0010F26D0B9F1390F1DD149
:100FE00032E02846C1E700BF50A6020000001440CE
:100FF000000024400A90029818F09AFD0A990C907B
:10100000584612F05DFC0C9A5ABB089B53B9099BD9
:1010100043B9B9F1390F17D0002F05DD069B03F155
:10102000310901E0002F2ADADDF810A00AF8019B4F
:101030006EE5089B3B4304D1009B03F00103002BAA
:10104000BCD0B9F1390F36D1049F392307F8013BE1
:10105000BA46013F1AF8013C392B5BD001333B7093
:1010600056E5002F06DB089B3B4306D1009B03F0AF
:10107000010313B9002AA1DCD6E7002AE1DC079BB3
:101080000AF8019C534557462FD0029900230A22A3
:10109000584612F037FCA84502904FF000034FF07D
:1010A0000A02414658460BD112F02CFC80460546F8
:1010B0000AF1010A66E7DDF810A009F10109B5E7B8
:1010C00012F020FC2946804600230A22584612F0DE
:1010D00019FC0546ECE7049B002BC8BF1F46039B89
:1010E000D8BF01271F444FF000080299012258463B
:1010F00012F068FD2146029018F01AFD0028A7DCC6
:1011000002D119F0010FA3D1BA4617F8013D302BD7
:10111000FAD0FDE4039BBB429AD1039A31230136F6
:101120001370F5E4219B002B7FF423AA014BFFF7FA
:1011300042BA00BF2ADF0200F0B567488DB013F055
:101140001BFF664C204617F034FC30B92168644818
:101150000DB0BDE8F04013F00FBF6248A422002399
:101160000FF082F858B960481822214601F080F942
:1011700010B95E4813F000FF5A4813F081FB59483C
:10118000A42200230FF070F848B9544800F0B4FDD1
:1011900010B1574813F0F0FE524813F071FB51485C
:1011A000A42200230FF060F858B94C494E48182289
:1011B00001F05EF910B94F4813F0DEFE494813F014
:1011C0005FFB00F09BFF10B14B4813F0D5FE00F021
:1011D000D9FE4A4C4A4E33782BB94A4B1B7813B987
:1011E000494B1B780BB1484F06E0C82013F04AFB6F
:1011F000F0E71E2013F046FB33782BB93B781BB980
:10120000404B1B78002BE5D0228840F2CD739A42E8
:101210001CD83378D3B13348A42200230FF024F82C
:10122000A0B92E4802A900F047FE60B900F0DCFE2C
:10123000CDE9000100233548002269460EF064FF25
:10124000238801332380274813F01AFB304D2A8866
:1012500040F2CD739A421CD83B78D3B12148A422E6
:1012600000230FF001F8A0B91F4806A901F03CF9CE
:1012700060B100F0B9FECDE9040100232548002249
:1012800004A90EF041FF2B8801332B80154813F081
:10129000F7FA228840F2CD739A42AAD92A889A4254
:1012A000A7D9184B1B78002BA3D0642013F0EAFABF
:1012B00008A800F079FF48B900F096FECDE90A01D0
:1012C00015480022002308A90EF01EFF2A88218855
:1012D000124813F051FE7DE748B10200F49F02006E
:1012E00068B10200E4120020B03F002084B1020087
:1012F000B9B10200D2B1020000B20200EC460020F7
:1013000016470020154700201447002050130020E6
:10131000EE460020201300208013002031B202008E
:10132000F0B54569D0E9034605F26C72012ECCBFD9
:101330001146511E00290F46B8BFCF1C6FF0630342
:1013400091FBF3F303EBA703463D4FF4C87791FB02
:10135000F7F10B4440F26D1101FB0533154D0021EF
:10136000B14222DB012E0FDD910705D1642592FBEE
:10137000F5F105FB112131B94FF4C87192FBF1F57C
:1013800001FB152202B90133621E1A4483684FF42F
:1013900061614B43084901FB0233426800683C210C
:1013A00001FB02331844C117F0BD55F8047B01312D
:1013B0003B44D5E718A702008051010030B591B039
:1013C00007AC054624220021204618F034F80023FB
:1013D000069306ABCDE9034308AB029309AB019337
:1013E0000CAB0AAA00930D490BAB284611F0A2FFE3
:1013F0000B9B013B0B930C9B2046A3F26C730C934D
:10140000FFF78EFF4FF47A72A0FB020302FB01315B
:10141000069BC01841EBE37111B030BD6AB2020007
:101420002DE9F04F9648CDB013F0A6FD0027B84641
:10143000944B1B781BB1944E336A052B0FD8934BFA
:101440001B7803F0FF04002B40F08980904B1B7841
:10145000002B40F0BE810A2013F014FAE8E71CAC20
:101460000025002221460023304601350EF0A2FE61
:10147000062D04F11004F4D1844B1B7808F1060802
:1014800003F0FF04002B6BD1814B1B78002B40F045
:10149000B68100240625264607947E484FF0FF3289
:1014A0004FF0FF330EF0E0FE002D40F01981002CCC
:1014B00000F0A1807849794818F043F90DF1D0097E
:1014C0004FF0000B4FF00C0AD9E9000140230CAAA1
:1014D00000F09EFD0CA8FFF771FFB9F90C300493E2
:1014E000B9F90A300393B9F9083002936B4B6C4A8F
:1014F000CDE90001CAF5805103EB0A0013F049FD64
:101500000BF1010BBBF1060F824409F11009DBD18D
:10151000624A002382F8FF3F002E6DD15D4813F030
:10152000AFF9002D40F03281002C00F092805B4931
:101530005C4813F021FD5C4B1B68002B00F0898098
:10154000002E40F014815548FDF7DFFF5749534AFC
:10155000096883B25448006813F07DF979E00025EA
:10156000534E336A052B13D8494B1B7863B140F2B5
:10157000CD73984504DC002D3FF46DAF002423E0CB
:101580009F42F8DD00242DE1002D3FF464AF80E799
:101590000DF1D009002400224946002330460134D1
:1015A0000EF008FE062C09F11009F4D1384B1B7817
:1015B00003F0FF0206370792DBB140F2CD73984586
:1015C00004DC002D00F0228106251FE19F4200F37C
:1015D0000981002D18BF062518E1642013F052F987
:1015E00000223046002308A90EF0E4FD01260796EC
:1015F00053E7079E51E74EB32E492F4818F0A1F844
:10160000DDE90A0140230CAA00F002FD0CA8FFF757
:10161000D5FE9DF826300393BDF92230274A029368
:10162000CDE90001264840F6F57113F0B2FC224ADC
:101630001848002382F8FF3F13F022F91DB1214919
:10164000214813F099FC1C492048A1E0114813F0EF
:1016500017F9079B002B3FF4EBAE1D4813F08CFCF1
:101660001C4A002313801C4A4CF25030138000F0B7
:10167000F7FC00F00BFD002800F0A9801748D3E626
:101680007FB20200164700205013002014470020AC
:1016900015470020D43F0020A0B2020017470020C9
:1016A000FFB202000EB30200E83F0020C83F002056
:1016B00020130020ADB2020017570020B9B202007B
:1016C0002257002017670020DEB2020031B302006B
:1016D00053B30200EC460020EE46002088B302001F
:1016E0004B494C4818F02DF80DF170094FF0000BE4
:1016F0004FF00A0AD9E9000140230CAA00F088FC47
:101700000CA8FFF75BFED9F80C300393D9F808302A
:101710000293404B404ACDE90001CAF5805103EBEA
:101720000A0013F036FC0BF1010BBBF1060F8244EB
:1017300009F11009DED1374A002382F8FF3F002C5F
:101740007FF4B8AE002E7FF457AF344813F098F80A
:101750003049334813F010FC324BD3F80090B9F104
:10176000000F3FF476AF2DBB002E3FF472AF2E4832
:10177000FDF7CBFE2D492C4A096883B22948006841
:1017800013F069F8002C7FF4DEAE62E721492448AB
:1017900013F0F2FB002CDFD02549264813F0ECFBB8
:1017A000204BD3F80090B9F1000F3FF452AF002D59
:1017B0003FF4C6AE1748FDF7A8FE1F49154A096851
:1017C00083B2484613F047F8002EDBD0CFE720BFA6
:1017D0004FE740F2CD7398457FF73DAE9F427FF7CC
:1017E0003AAE2546154E336A002B7FF4F6AE002D37
:1017F0007FF4EAAE002C3FF42EAE062406E040F261
:10180000CD7398457FF7E0AE9F42EBDC0026EEE615
:10181000C5B2020017670020D0B20200D43F0020FA
:10182000DEB20200E83F002017570020CC3F002026
:10183000174700200EB30200D03F00208013002085
:1018400010B51D4813F098FB01F008F800F0BCFE3D
:10185000322013F017F8194800F06AFE00F0A2FFDA
:10186000044600B110BD164817F08CF921464FF41C
:101870008052144817F0DFFD21464FF48052124881
:1018800017F0D9FD21464FF48052104817F0D3FDD0
:101890000F4805F0A7F9044601460E4813F06CFB0B
:1018A0001CB10D48214613F067FB0C480C4917F09A
:1018B0008BFA0020D6E700BFBFB302004BB902008D
:1018C000D43F00201767002017570020174700203B
:1018D000951B0100F7B302001FB40200B83F0020BF
:1018E000511B01004B1E59425941014B1970704761
:1018F000164700204B1E59425941014B1970704741
:10190000154700204B1E59425941014B1970704731
:101910001447002010B50A480A4C13F02DFB0A4862
:1019200000F006FE206818B106F01AFB00232360C1
:10193000064A00231370064A1370064A137010BD3E
:101940005CB40200E83F00204BB9020016470020BB
:10195000154700201447002001480EF04DBF00BF7E
:10196000B83F002008B521B1BDE80840084813F091
:1019700003BB14F0E5FE074B1860074813F0FCFAB0
:10198000064800F0D5FD0648BDE8084017F05EBCEB
:1019900080B40200E83F0020A2B4020048B902006F
:1019A000202400202DE9F043044685B00D4616465C
:1019B0001F46DFF84480DFF844904FF0FF324FF0CD
:1019C000FF3340460EF050FC4846FDF79EFDBDF843
:1019D0003030009380B2CDE901903B463246294633
:1019E000204615F020FE044640460EF0B5FC204689
:1019F00005B0BDE8F08300BFD43F0020175700209A
:101A00002DE9F043044685B00D4616461F46DFF823
:101A10004480DFF844904FF0FF324FF0FF334046F0
:101A20000EF022FC4846FDF770FDBDF83030009303
:101A300080B2CDE901903B4632462946204615F05A
:101A4000F2FD044640460EF087FC204605B0BDE896
:101A5000F08300BFD43F0020176700202DE9F0433A
:101A6000044685B00D4616461F46DFF84480DFF871
:101A700044904FF0FF324FF0FF3340460EF0F4FB3E
:101A80004846FDF742FDBDF83030009380B2CDE905
:101A900001903B4632462946204615F0C4FD0446D7
:101AA00040460EF059FC204605B0BDE8F08300BF6B
:101AB000D43F00201747002010B594B0012306A999
:101AC00007A8069305F0ECFA9DF81C3009AC032B2F
:101AD0002AD8DFE803F0022325271649204617F00D
:101AE00030FE9DF81D3004939DF81E3003939DF841
:101AF0001F3002939DF8203001939DF821300E4A4B
:101B0000009305949DF822301E210CA813F041FA91
:101B10000A480CA913F030FA14B010BD0849DDE7EB
:101B20000849DBE70849D9E7084A0A21204613F0AB
:101B300030FAD6E7BAB40200DCB40200FFB4020007
:101B4000C1B40200C8B40200D2B4020078D20200CC
:101B5000D0B50D4C0D4A0E48032113F085FE2046EA
:101B600000F0E6FC40F6CD460027394630460FF03F
:101B700025FA00F04DFD304639460FF01FFA204699
:101B8000BDE8D04000F0D4BC42B902001CB5020050
:101B90004CA2020013B5044601461D4813F0ECF9AF
:101BA00034B11C48214602B0BDE8104013F0E4B93E
:101BB000194813F0E1F9FFF77FFF184A184B13603B
:101BC000184A194803F13C011160184A1849783342
:101BD000136000942346032205F03CFE044610B136
:101BE00001461448DFE7144813F0C6F913491448B6
:101BF000224617F01FFB00220023CDE900231048E6
:101C00004FF4B40200230FF09BFC02B010BD00BFE4
:101C100047B502001FB4020069B50200D03F0020A2
:101C20009CA70200C83F002060A70200CC3F002014
:101C300048A7020086B50200B2B50200591901009A
:101C40002024002030B585B00D468DF800108DF8A9
:101C50000220110A0322029202228DF80110CDF80F
:101C600004D08DF80C209DF80C30826843F00203FC
:101C70008DF80C3094686423012201A9A047044622
:101C800020B102462946034813F076F9204605B0F4
:101C900030BD00BFEDB5020030B58BB015460DF17B
:101CA000070204920122059200228DF8182003AA4F
:101CB0008DF8071007920721022208928DF8241050
:101CC0009DF82430816813438DF824308C68642398
:101CD00004A9A047044640B102469DF807100548F4
:101CE00013F04AF920460BB030BDBDF80C305BBA9A
:101CF0002B80F7E710B6020038B505466B4813F0A5
:101D00003BF9012210212846FFF79CFF05220446DB
:101D100002212846FFF796FF9F220444012128460E
:101D2000FFF790FF43F2A902044411212846FFF770
:101D300089FF40F23F12044412212846FFF782FF38
:101D40004FF44C72044415212846FFF77BFF4FF4F3
:101D50008B72044414212846FFF774FF43F6FF7288
:101D6000044418212846FFF76DFF43F6FF72044430
:101D700019212846FFF766FF41F6F07204441A2144
:101D80002846FFF75FFF41F6F07204441B21284606
:101D9000FFF758FF43F6FF7204441E212846FFF761
:101DA00051FF43F6FF7204441F212846FFF74AFF04
:101DB00041F6F072044420212846FFF743FF41F624
:101DC000F072044421212846FFF73CFF43F205024C
:101DD000044423212846FFF735FF43F20702044459
:101DE00024212846FFF72EFF40F207220444252134
:101DF0002846FFF727FF40F21932044430212846D5
:101E0000FFF720FF40F61302044431212846FFF774
:101E100019FF40F21932044435212846FFF712FF1A
:101E200040F61302044436212846FFF70BFF42F226
:101E3000F312044439212846FFF704FF42F2F3125B
:101E400004443B212846FFF7FDFE41F63642044498
:101E500042212846FFF7F6FE41F63642044444216B
:101E60002846FFF7EFFE402204444E212846FFF7A4
:101E7000E9FE802204444B212846FFF7E3FE0222BC
:101E8000044410212846FFF7DDFE044440F2676059
:101E900000210FF093F82CB10548214613F06CF89F
:101EA000204638BD034813F067F8F9E732B6020060
:101EB0005AB6020090B6020073B506220E465F21A4
:101EC0000546FFF7BFFE044630B10146224813F035
:101ED00053F8204602B070BDADF80000ADF8020026
:101EE000ADF80400ADF806006A4672212846FFF7F7
:101EF000D3FE0DF10202044676212846FFF7CCFE00
:101F000001AA044373212846FFF7C6FE0DF106021D
:101F1000044377212846FFF7BFFE044302D00F4851
:101F20002146D4E7BDF80220BDF8003043EA024361
:101F30003360BDF80620BDF8043043EA0243736005
:101F400022465F212846FFF77DFE04460028C0D0C8
:101F500001460348BBE700BFB5B60200DBB602008E
:101F60000AB70200054BD3F8402132B10022C3F872
:101F70004021034B01221A7040BF704700400240CD
:101F80001777002038B5154812F0F6FF4FF0804360
:101F900001220021C3F81825C3F804119A60D3F870
:101FA0000421002AFBD00E4C4FF48033012500227F
:101FB00065600321C4F808252420A560C4F84433D3
:101FC000C4F8043302F098FD242002F065FD25607A
:101FD000BDE83840034812F0CFBF00BF32B702005F
:101FE000004002404FB70200084BD3F804054FF4FD
:101FF0007A73A0FB0303C00B40EA434000F547009F
:1020000000F51C404FF4C871704700BF004002400B
:1020100070B5144692B01D464FF47A720023F9F75A
:1020200019FECDE9060109A906A8164603F06AF8CB
:10203000099B04930A9B03930B9B02930E9B074AF5
:10204000059603F26C7301930D9B013300932946AF
:102050000C9B204611F03AF912B070BD65B7020032
:10206000084AD2F80415C3034FF47A70B3FBF0F3B7
:102070000B4423F07F43C2F84035034B00221A7013
:10208000704700BF0040024017770020014B1878CE
:10209000704700BF1777002030B587B005460C4663
:1020A0001422002101A817F0C6F90123AB40CDE9A5
:1020B0000234022304930C238DF81430034B186868
:1020C000836801A95B68984707B030BD34400020A1
:1020D00010B5094C06202146FFF7DEFF48B92088DD
:1020E0004FF4616310FB03F040F6FF7390FBF3F0D5
:1020F00010BD4FF0FF30FBE7F046002030B5204D1B
:102100002048286085B016F054FC38B91E4812F0FB
:1021100033FF6FF01204204605B030BD40F20231AB
:1021200040F20133CDE900132868836869461B68D3
:102130009847044620B10146144812F01DFFEAE713
:102140004FF4806240F20673CDE902232868836869
:1021500002A91B689847044610B101460C48ECE7F9
:10216000014628220B4817F066F90B4B0B4800225A
:102170001A600B4B1C600B4B1C7012F0FDFECAE783
:1021800034400020E09F020088B70200A6B702009A
:10219000D0B7020004400020FC3F0020FDB7020041
:1021A00000400020187700202DE9F84F2DED028B1C
:1021B000974E984D00AF044695490120FFF76CFFFC
:1021C000002840F01C819449B6F90030934A9448A5
:1021D00007EE103A0B68D0ED007A02EB8302D2EDE5
:1021E000006AB8EEC77A77EEE67A82ED007A37EECB
:1021F000277A0A22013380ED007A93FBF2F002FB8A
:102200001033884A0B60117821B9002B40F0FB8015
:1022100001231370F2EE047AD5F80080B8F1C80FEC
:10222000C7EE276A1CD8804BD3ED007AF8EEE77A28
:1022300077EEA67AFDEEE77A17EE900AC3ED007A04
:1022400006D190FBF8F0F9F723F9784BC3E90001C8
:1022500008F101032B60002121200EF0AFFEABE757
:10226000B8F5C87F724B13D8D3ED007AF8EEE77A51
:1022700077EEA67AFDEEE77A17EE900AC3ED007AC4
:10228000E6D1C82390FBF3F0F9F702F9694BDDE7DB
:102290004FF0000AC3F800A0664BDFF890B1D3E915
:1022A000008901222A60604A4046C2F800A04946DF
:1022B000DBE90023F8F79EFFF9F72CFC07EE900A04
:1022C000BFEE007AF4EEC77AF1EE10FA5A4B04DA58
:1022D000CBE90089C3F800A0BDE7B7EE007AF4EEC1
:1022E000C77AF1EE10FAF3D81A6801320A2ACBE95C
:1022F00000891A60AFD1C3F800A040464946F9F7FB
:1023000009FCF9F7D7F84D4BDFF860810022F9F7A7
:1023100029F94B4B0022F9F725F9F9F7FBFBE946C0
:1023200088B0C8F800006D46464B6B61F9F7C2F8FB
:1023300000220023F8F760FF2A460423C5E90601BE
:1023400042F8103F4048414D00234FF4035101F043
:10235000EDFB98ED007AB5EEC07AF1EE10FACD46BD
:10236000B2EE048A33D9F3EE0E6AC6EE877A9FED99
:10237000380A77EEC87A27EE800A0FF0EBFCF0EE11
:10238000080AF0EE408A0FF01BFD9FED327ADFED78
:10239000327A48EE877A9FED317A40EE077AB7EECF
:1023A000007A87EE270ADFED2E7A30EE670ADFED3E
:1023B0002D7A30EE270ADFED2C7A30EE670A20EE18
:1023C000080A0FF0A3FCC0EE087AC5ED007A95ED7F
:1023D000000A20EE080A16F0CFFF6080FFF778FEB3
:1023E0000028A0800DDB12F05DFAB6F90030A07174
:1023F00000202380BD46BDEC028BBDE8F88F002095
:102400007FE70020F1E707EE903AF8EEE77A03E77E
:10241000F2460020F83F0020004000200440002049
:10242000FC3F002018770020F43F002060240020AB
:10243000F03F002058240020EC3F0020000008401E
:102440000000303F30B802008CA302002C40002076
:1024500000007A443623703908B7973AB9DFEF3372
:1024600033938843CDCC4C3D9A99993E304000201F
:102470001FB5002304468DF80E300F2308468DF853
:102480000F3001232271114620600DF10F020093DD
:102490000DF10E0312F03BFA28B1114812F06CFD59
:1024A000002004B010BD9DF80E10332903D00D4854
:1024B00012F062FDF4E757222021204612F009FABB
:1024C0000028EDD080222221204612F002FA0028B6
:1024D000E6D008222421204612F0FBF9E1E700BFF4
:1024E00051B8020073B8020010B586B0A8238DF869
:1024F0000F30062300930C4604AB017900680DF100
:102500000F0212F004FA011E05DA084812F034FD39
:10251000002006B010BDBDF810302380BDF8123089
:102520006380BDF81430A3800120F2E799B802005F
:1025300010B50446837842780178104812F01CFDEB
:102540000F4B22880F481A80A27884689A70A3687B
:102550006BB923680A490B4801229847034660B1CA
:10256000094A0A48BDE81040012113F086B998478E
:102570000028EED16FF02103F2E710BDB7B80200DA
:102580001977002044A00200D5B802009CA30200E5
:10259000F8B50C4F06460C460025A54200DBF8BDF9
:1025A0003046FFF7C5FF002140F267600EF006FDE0
:1025B0003846FFF7BDFF40F2676000210EF0FEFCD9
:1025C0000135EAE742B9020008B5094816F0F1F909
:1025D00030B9084A0848BDE80840012113F044B961
:1025E000064812F0C9FCBDE808400548FFF7A0BF47
:1025F00044A00200EBB802009CA3020006B902004E
:1026000042B9020001480A21FFF7C2BF48B90200DF
:1026100001480A21FFF7BCBF45B902000148FFF796
:1026200087BF00BF42B90200054B1A783AB10022B9
:102630001A70044B044801221A700EF0DDB870477E
:102640001D7700201C770020384000207FB516F051
:10265000AAFD4FF47A73A0FB030603FB0161284B2C
:10266000C40B44EA4144CE0BD3E90012611A66EB75
:102670000202322972F1000211DB2248C3E900464E
:102680000569836803A95B6898471F4B28B92A68C6
:10269000039D554015F4005503D0C3E9004604B02E
:1026A00070BDD3E90021A41A66EB0101B4F57A7F6D
:1026B00071F10001154C0CDB154816F0C7FD154BE8
:1026C0002570032214481A7004B0BDE870400EF063
:1026D00093B8237833B10E4816F0B8FD0D4B257032
:1026E0000222EFE70123237000220023CDE900231B
:1026F00007484FF4804200230EF022FFCFE700BFCF
:10270000D02400207C9F0200D82400201D770020C8
:10271000982400201C7700203840002010B5194C68
:102720002178022917D0032920D0012910D1164A77
:102730001648032113F098F8154816F09FFB15482A
:10274000FFF7F6FE12484FF4F01200230EF0C2F825
:102750000023237010BD104A0C48032113F084F8A5
:102760000B4816F08BFBFFF74DFFF1E70B4A0748CC
:1027700013F07AF8064816F081FB0948FFF7D8FEF7
:10278000E6E700BF1C7700205CB90200BCA2020093
:10279000682400204BB9020077B9020093B9020007
:1027A00042B9020070B5204C204616F002F938B943
:1027B0001E481F4A012113F057F86FF0120070BD38
:1027C0002269A568136843F4005313602B68194A03
:1027D0000D2120469847AE6936B14FF0C0634FF0E7
:1027E000A0720D212046B0471349144B4B604FF4A3
:1027F00000538B60EB6913B10B480122984700220C
:102800000F49104816F016FD0F49104816F0DCFA73
:102810000F49104816F026FB04480F4A032113F015
:1028200023F80020CBE700BF7C9F0200BCA202007F
:10283000AAB9020011000100484000204D26010005
:1028400029260100982400201D270100384000207F
:102850001D26010068240020BBB9020010B50D4CF4
:10286000206816F0A6F820B90B48BDE8104012F019
:1028700083BB206802698168136823F48033136086
:102880000B684FF420221021984708B90348ECE761
:102890000348EAE72C0A0020DCB90200FAB902007A
:1028A0000CBA02002DE9F04F91B08407009302F0BA
:1028B00004030293C2F3C20303F10103DDF868903D
:1028C000039205460E46059340F0BA81041D30B1CF
:1028D000072909D86FF01B0011B0BDE8F08F01F097
:1028E0000706341DC6F10806009B4FF00008591E6C
:1028F0004FF0040A4FF0FF330193CDF810804746A4
:10290000C34653460DB1009820600598002800F397
:10291000E8809848009A824203D397488242C0F0E8
:10292000E080039AA4EB050E92074FEA9E0000F1A7
:1029300003810F2F00F2B180002D00F0058107F117
:1029400040020DEB020C019A0CF8200C0CF8102C34
:10295000049801300490E7E07A285DD84B280ED81F
:10296000472859D829282DD8252852D054D820288E
:102970007AD02338D0F1000B4BEB000B74E04C38CD
:102980002E2849D8DFE800F07048484848484848B1
:10299000484848484B484848484848484859484BA0
:1029A0004B595959704B6D487048184B184848821C
:1029B0007F4B48484B487F0000204FF0000B4FF002
:1029C000040A38E02A38C0B2012202FA00F010EA04
:1029D0000E0F49D110F0625C2FD110EA020B43D0E8
:1029E0006046013C5444B4FBFAF40AFB04F4002DA5
:1029F00061D0A3EB050CA444B4453FF66BAF0028AF
:102A000068D1042B47D159F8043B236004340423D4
:102A10002AE0019A013A01924FF0000B24E011F8EC
:102A2000010C6C2834D111F8023C00206C2B834639
:102A3000C5D14FF0080A5346D3E709F1070929F039
:102A400007090734F9E802AB24F0070435B106980A
:102A50002044B0423FF63EAFC4E900AB08344FF02B
:102A6000000B4FF0080A534611F8010F002878D0E8
:102A7000BBF1000F7FF470AF2528F5D1019B013326
:102A800001934FF0010B4FF0040AECE7584694E72E
:102A900000208346A5E7082B02D06FF015001BE746
:102AA00009F1070929F00709B9EC027B84ED007BE5
:102AB00008340823D8E768B9042B02D109F10409C6
:102AC000A4E7082BE9D109F1070929F0070909F161
:102AD0000809EDE705980138059059F8040B0090B6
:102AE00010E7039A900720D5A4EB050E4FEA9E004D
:102AF0004FF0010CBEF5007FCFD20F2FCDD8F5B12E
:102B000007F140020DEB020EC0B2019A0EF8200C44
:102B10000EF8102CBCF1000F3FF41AAF60F07F00EC
:102B20000EF8200C08F101080137C5F10802043441
:102B300006924FF6DA7E97E74FF0000CDAE7BCF129
:102B4000000F01D00136EFE7029A0236002AEBD1DE
:102B50000098CDE90631FCF7D8FCDDE906310644E2
:102B6000E2E7631BB3F5806F97D23DB9A6F1080485
:102B7000E018B1E6789E020068E00200029A286040
:102B80009B082B709DF81030C2B1EB7085F8028065
:102B9000B8F1000F05D008A80022C5F1010C97423A
:102BA0000ED1C5F101030DF120094FF0000A019388
:102BB0000DF1300B574512D1601B8DE66B70E5E7C8
:102BC00010F8013B190608D504EB0C0EB64503F0CE
:102BD0007F033FF67FAE04F8013B0132DFE7B8F137
:102BE000000F03D099F90020002A17DB029BD3B114
:102BF0001AF80B2004F8012B0022019B981820449E
:102C0000B0423FF667AE99F8000004F8010B009956
:102C10000392204616F001FC039A14440AF1010ABB
:102C200009F10109C6E799F8002055F82230009310
:102C3000029B45F822300098FCF767FC421CDCE759
:102C40006FF00D0048E600BF2DE9F04F97B000AFE0
:102C500090F802A0D7F880B03B62CBF3C0030446E3
:102C6000FA62BB61894641B9457800780AEB800079
:102C700020444D4517D8A0EB0409E378FB61BAF175
:102C8000000F02D01BF0010F16D1FB6953BBFB6A8A
:102C90001BB13A6A4946204698474D4628465C375C
:102CA000BD46BDE8F08F461C3046FCF72EFC0130D7
:102CB000304409F10109DCE7237862687A62FA6A34
:102CC0009900796104EB8301002A40F000814D46B0
:102CD0000E4601EB0A094FF000084E454CD101EBBE
:102CE0000A0610E01BF0020FD1D023789A007A6117
:102CF00062687A62FA6A04EB8301002A77D14D4652
:102D000001EB0A0690461BF0050F0CBF02230123BE
:102D1000FB62FB6906EB430A0BF00203BB625645FC
:102D2000BCD016F8021B16F8013C54F82390AF4BA8
:102D3000994502D3AE4B994536D3BB69002B40D0A1
:102D4000786A12F0DEF800283BD0E9468AB06A467D
:102D5000A84B53617B6AC2E906314FF400731384B8
:102D6000A54B42F8103FA54800234FF4125100F044
:102D7000DDFE023DCD46D2E716F8013BF96254F87C
:102D80002300FCF7C2FBD7F88430F96A01304BB15D
:102D9000D7F8883098453EBFD7F8843023F818001C
:102DA00008F10108054498E7BB6923B1786A12F07D
:102DB000A8F80028C9D11BF0010F05D1FB6AED1A54
:102DC000ADE7BB6A002BAAD04846FCF79EFBD7F8BC
:102DD000843053B1D7F8883098453FBFD7F8842066
:102DE000431C22F8183008F10108054497E7BAF1AE
:102DF000000F72D01BF0040672D0D046002607F1F7
:102E0000480052463B61B96216F007FBB96A3B695C
:102E100001EB0A02BA62FA69F9695200FA60BA6A09
:102E200002EB41023A610BF00202BA603A69B96AF8
:102E30008A4257D162787A621BF0020F32440CBF8B
:102E40004FEA580100211BF0010FD2B240F09F80E1
:102E50001BF0040F14BF40460020BB616270A070DD
:102E6000E1703A6A7969FB6A20469847051EFFF6C9
:102E700015AFBB6923707B6A6370FB69E3704146E1
:102E80003A6AFB6A84F802A007F148009847B0F15B
:102E90000008C0F2B5807B693A6AA9EB0A01C91A39
:102EA000FB68C91AD7E90A0398470028C0F2AA802C
:102EB000A84408EB00054FF0000B07F1380AB345B2
:102EC00067D300213A6AFB6A08469847E6E6564609
:102ED0004FF0000807F1380093E75646D04697E7D1
:102EE000B04695E7BA6A12F8021BBA6212F8015CA2
:102EF0003E4A54F82500904202D33D4A90421ED3E8
:102F0000BA6932B1786A7B6011F0FBFF7B680028F8
:102F10008CD1BA6802BB08F1280207F1300C08F125
:102F20000100944407F1580252FA80F008F10208B7
:102F30000CF8101C5FFA88F800F8105C76E7BA69A4
:102F40003AB1786A7B6011F0DCFF7B6800287FF47F
:102F50006DAF1BF0010F09D006F1280207F1300018
:102F6000711C161806F8205CCEB25FE71BF0040F48
:102F70003FF45CAF08F1280207F1300008F10101CD
:102F800002EB000808F8105C5FFA81F84EE70020B9
:102F900063E71BF80A3087F8373054F82390D7F8E6
:102FA0008430FBB133F81B803A6AFB6A012107F1D8
:102FB00037009847002825DB0544B8F1000F06D1FB
:102FC0004846FCF7A2FA00F101081FFA88F83A6AAD
:102FD000FB6A414648469847002813DB05440BF13D
:102FE000010B6CE7D7F88480DEE700BF789E020013
:102FF00068E0020017BA020004000001C4A2020047
:1030000045464BE6054649E6014B1860704700BF50
:10301000300A002030B587B00025CDE90301044611
:10302000009503A905480595FCF7CAFBDDE90430C6
:103030009842B8BF255407B030BD00BF514F0200C1
:103040000F2808B506D912F073FF092303604FF06B
:10305000FF3008BD30235843044BBFF35B8F1B5830
:10306000BFF35B8F002BEED00020F2E73C0A00207C
:103070000EB42DE9F741302545431B4C05F10C06F4
:1030800004EB050826444FF0FF324FF0FF330746AC
:10309000304611F0B2FFD8F804306059DB680AAA54
:1030A00040F2011101929847051E10DBD8F82C3030
:1030B00003F47042B2F5E04F05D011D803F4504349
:1030C000B3F5804F03D1302303FB0744A56230469C
:1030D00011F095FF284603B0BDE8F04103B07047FA
:1030E000B2F5004FEEE700BF340A002030B53023C0
:1030F0001049434308330B44BFF35B8F1A68BFF397
:103100005B8FB2B1BFF35B8F541E53E8005F9542F3
:1031100004D143E8004CBCF1000FF6D1BFF35B8F44
:10312000EAD1012A05D1302358430A1800230B5055
:10313000536030BD340A00202DE9F84F0746894618
:103140009246FFF77DFF002836DB30257D431C4C7F
:1031500005F10C0604EB050826444FF0FF324FF052
:10316000FF33304611F049FFD8F804306059D3F8E6
:1031700000B0D8F8283052464946D847051E12DD1F
:10318000D8F82C3003F47042B2F5E04F05D010D8D7
:1031900003F45043B3F5804F05D1302303FB0744BC
:1031A000A36A2B44A362304611F029FF2846BDE8EC
:1031B000F88FB2F5004FEFE74FF0FF35F6E700BFAD
:1031C000340A00202DE9F84F074689469246FFF75A
:1031D00037FF002836DB30257D431C4C05F10C06FB
:1031E00004EB050826444FF0FF324FF0FF33304622
:1031F00011F003FFD8F804306059D3F804B0D8F8C0
:10320000283052464946D847051E12DDD8F82C30E2
:1032100003F47042B2F5E04F05D010D803F45043E8
:10322000B3F5804F05D1302303FB0744A36A2B4439
:10323000A362304611F0E3FE2846BDE8F88FB2F5F0
:10324000004FEFE74FF0FF35F6E700BF340A0020EC
:10325000F8B50546FFF7F4FE00281ADB30246C436E
:103260000D4F04F10C063E444FF0FF324FF0FF3398
:10327000304611F0C2FE3B1938595B689B6898478D
:103280000446304611F0BBFE2846FFF72FFF2046CC
:10329000F8BD4FF0FF34FAE7340A002070B5044659
:1032A0000D46FFF7CDFE00280DDB0849302303FB58
:1032B00004F00C182B46095860684FF48372BDE87F
:1032C000704011F08BBE4FF0FF3070BD340A00200B
:1032D00073B504460D461646FFF7B2FE00280EDB16
:1032E000084B302202FB043340F201119B6A009329
:1032F0002A4633462046FFF7BBFE02B070BD4FF0B2
:10330000FF30FAE7340A0020F0B5094E01680246A2
:103310000A2700200B4601311C78355D6D0701D46A
:103320001360F0BD07FB0043A3F13000F2E700BFDC
:10333000AFDD02002DE9F84F15469A46D378234AAF
:1033400012F803B06F2B81460F460BF0030B2BD006
:1033500026D8582B0CBF10260A26DDF828803246C6
:10336000002348463946F8F775FC092A08F1FF386A
:10337000D4B21ED83034B145E4B277F1000788F8F2
:10338000004001D3D04511D82B789B0605D5082ED7
:1033900015D1AB7843F00803AB704046BDE8F88F19
:1033A00003F0F703702BD5E70826D6E781460F46D2
:1033B000D5E7BBF1010F0CBF37345734DBE7102ED4
:1033C000EBD1AB7843F01003E6E700BFAFDD0200BE
:1033D0002DE9F047058B04462807904611D40229B1
:1033E00005F0070540F0CC80204612F0BBF878B11C
:1033F0000138218B042811D8DFE800F0C2106D8558
:10340000950001290CBF45F0100545F020052583E6
:1034100088F31188BFF36F8FBDE8F08701F0070ACA
:10342000AA4500F0A5800027B9463E46A368002BB8
:1034300000F0BC8041F00801218388F31188BFF3BC
:103440006F8FA168002900F0BA800D68002900F094
:10345000B680D1F80480334652462046C047002D3E
:1034600076D02B6829461D46F0E701F007035A1F66
:10347000012A1BD8002221F00701062B276889B2F8
:10348000C4E9002209D13B4603E0628B013262832A
:103490001B68002BF9D141F002012183204612F074
:1034A00061F800287AD041F0200176E0042B0AD19F
:1034B00021F0070189B22183204612F053F810B1A0
:1034C00041F020012183218B01F0070AAA454FD04A
:1034D0000027B946AAE7236921F0070141F0060158
:1034E000062DD3F8009021832DD1B9F1000F3FD0E4
:1034F00041F00801218388F31188BFF36F8F3A49A7
:103500002046C84729E021F00701236941F0040162
:1035100089B2042DD3F804902183E6D000273E46DB
:103520004FF0040A82E721F00701236941F0050109
:1035300089B2052DD3F808902183D6D000273E46C6
:103540004FF0050A72E700273E464FF0060A6DE786
:103550002B4687E7B9F1000FD1D1EFF31188402353
:1035600083F31288BFF36F8F238B23F00803238329
:10357000258BEA062ED525F01003238305F00705D9
:103580006669218B002EBFF670AF00232768C4E95F
:10359000003321F0070141F001012183218B01F06B
:1035A000070AAA454FF000097FF440AF002F9CD0D6
:1035B00041F00801218388F31188BFF36F8F002F3A
:1035C000C8D03D68394633465246204611F0F6FFD2
:1035D0002F46F4E7AB067FF51BAF25F020032383CE
:1035E00005F0070500E700BFE95502002DE9F047A7
:1035F000DFF85880044607464FF0010914B93846F1
:10360000BDE8F08794FAA4F5B5FA85F509FA05F353
:103610002E0108EB05156FEA030A24EA03042B7B4D
:10362000002BEBD058F806301B694BB946440422F6
:1036300073682846196807EA0A0700F063FADDE7AD
:10364000284698470028D9D1F0E700BFACA3020074
:1036500030B51049104889B0002215F0EBFD0F4D30
:103660000F4900220023CDE9062300240E23CDE9D3
:103670000334CDE901440B4B00944FF450722846BB
:103680000DF0DAF9084928460DF05EF9204609B038
:1036900030BD00BFAD360100E0290020E02400204D
:1036A000008A0020B1390100D1BA020001480CF0B3
:1036B000C1BE00BFB01300202DE9F04780461F486F
:1036C0000F4612F04BF80646002830D00025284659
:1036D000BDE8F087237B6BB12368DB680BB1204624
:1036E000984723681B69D3B9636804221968204688
:1036F00000F008FA013610344C45EBD3B8F1000F56
:10370000E5D0002DE2D02846FFF770FF0546002FD8
:10371000F7D000214FF4A4700DF050FCF1E72046E3
:1037200098470028E0D00AFA06F31D43E2E7044C6C
:10373000DFF8109005464FF0010ADDE764400020F5
:10374000ACA30200CCA30200014B53F82000704749
:1037500060A8020008B5034608462BB1044A13606E
:1037600000F07EFC002008BD6FF01500FBE700BFF5
:10377000340D002010B5044C237813B903480CF025
:1037800059FE0123237010BD1E770020B0130020C6
:1037900010B504460B4811F0E1FF5CB1BFF35B8F3D
:1037A000094B53E8001F013943E80012002AF8D101
:1037B000BFF35B8F054815F049FD0548BDE8104093
:1037C0000CF038BE5C40002060400020E029002062
:1037D000B01300200020064BBFF35B8F014653E877
:1037E000000F43E80012002AF9D1BFF35B8F704746
:1037F0005C40002070B5FFF7EDFF084C084E054611
:10380000B44200D370BD63685B792BB123685B68F9
:1038100013B12946204698471034F1E7ACA30200C3
:10382000CCA3020010B5044C0449204611F036FD2B
:10383000034B1C6010BD00BFFC1100204CA802000F
:1038400054400020084A094808B500231370084A6C
:103850001360084A4FF400411360FFF77BFFBDE897
:103860000840FFF7DFBF00BF1F7700205957020055
:103870005C400020604000200146002201480023F7
:1038800011F02DBDFC110020014811F0C3BD00BF97
:10389000FC110020024B0146186811F00FBE00BF5A
:1038A00054400020014811F044BE00BFFC1100202C
:1038B00070B5284B187800284BD0FFF7E5FF054678
:1038C00090B1BFF35B8F244B53E8001F013943E8ED
:1038D0000012002AF8D1BFF35B8F204C204EB44277
:1038E0002DD32846FFF7D6FF1E4B1F4C1B68002B1D
:1038F00019DD15F058FC4FF47A72A0FB020302FBAD
:103900000131C30BD4E9002043EA41439B1A4FEA3B
:10391000D13140F2E93261EB0001934271F10001D3
:1039200001D3FFF767FFD4E9003213F57A7342F150
:103930000002C4E90032BDE87040FFF7B3BF63681E
:103940005B7923B1236829461B68204698471034C9
:10395000C5E770BD1E77002060400020ACA30200C8
:10396000CCA302005C400020D829002070B50D4D8A
:10397000297861B90120FFF79FFE0B4C0B4EB44232
:1039800006D3FFF795FF0028FBD101232B7070BDF4
:1039900063685B791BB1236820469B6898471034A5
:1039A000EDE700BF1F770020ACA30200CCA302000C
:1039B00000212DE9F0470846FFF77EFE044648B394
:1039C00040F267684FF000090DF034FB1A4B1860A5
:1039D00030B11A4B1B68092B02DD19480CF02AFD87
:1039E000184FDFF85CA0002544B12046FFF7FEFD2C
:1039F000044618B94FF0FF384FF0FF39FFF758FF72
:103A0000064628B9B5B942464B4650460CF038FD3B
:103A10003546E9E74FF0FF384FF0FF39D4E72B6820
:103A20009B691BB100221146284698471035BD42BC
:103A3000F5D3E8E7044DFAE7584000206040002045
:103A4000B0130020CCA30200ACA3020013B51848A9
:103A500011F084FE174B1B7873B1EFF311844023F0
:103A600083F31288BFF36F8FFFF722FF84F311886F
:103A7000BFF36F8F02B010BD0F4B1B68002BF9D046
:103A800050B900220023CDE900230C484FF4004236
:103A900000230DF055FDEDE70928EBD1074815F09F
:103AA000D5FB074802B0BDE810400CF0C3BC00BF16
:103AB000604000201F77002058400020E0290020AF
:103AC000B013002010B5064B1B68044698472146EA
:103AD000A060044811F07FFCBDE81040FFF7B6BFBE
:103AE000340D0020FC110020044A054B9B1AB1EB59
:103AF000D30F34BF52F831000020704744A20200B7
:103B0000ACA30200084BC31A10B41B114468013364
:103B1000237143689A7143681960436801225A719E
:103B20005DF8044BFFF726BEACA302002DE9F04F71
:103B30008FB004AFC1F34A28B8600D4691467B6050
:103B40000C0DB8F1000F63D0002607F114034FF0FD
:103B5000040B4FF00A0AC7F80C80C7E907667E62BB
:103B60000193CDF808B0CDF800A007F11C03F96867
:103B700032464846FFF768F8B0F5006F03461CD39D
:103B80006C468AB0D9F8041004AB2648C3E9050195
:103B900040F2FF71D9611A464FF400711984224B2B
:103BA00042F8103F214833464FF41251FFF7BEFF51
:103BB000A5462C37BD46BDE8F08FC0F30A0804F1D6
:103BC0001700184420F0070080083B60FFF754FE00
:103BD00068F35325044690B13B68154AC7E9083697
:103BE00000F1100107F11403F961CDE900A3CDF84C
:103BF00008B0F96807F11C034846FFF725F868F399
:103C000053257B68B9682A46204611F0DDFDD0E7D0
:103C100004F1170020F007008008FFF72DFE04468E
:103C2000EDE700BFE6BA020004000001FCA20200BA
:103C30009D5702002DE9F04F87B0DDE91279DDE9EB
:103C4000105A0446039193469846BFB1CDF80090B0
:103C50003B46524610210020CDF81490FEF722FE7C
:103C6000B0F5006F06460AD3184A194840F2FF73B0
:103C7000022107B0BDE8F04F11F0FFBD3E4605F14F
:103C80001700304420F0070004F007048008FFF715
:103C9000F3FD0BF0070BE40044EA8B1444EA4624DE
:103CA00044EA0554054640B13FB1CDF800903B468B
:103CB000524631461030FEF7F5FD03994346224641
:103CC000284607B0BDE8F04F11F07EBD25BB0200CD
:103CD000FCA20200406820B1034BC01A40F3CF00A1
:103CE00070474FF0FF30704744A202000EB403B596
:103CF00003AB014653F8042B0448019311F0EEFD89
:103D000002B05DF804EB03B0704700BFEB5802004F
:103D1000CA0605D48B064CBF02490349FFF7E6BF2C
:103D2000704700BF5EBB02005DBB02002DE9F04F93
:103D30008BB09A46169B06939DF854B0179B05933B
:103D4000189B199E049304460D469046BBF1000F44
:103D500000F09E8006F00103089306F00803079325
:103D600006F48073099311F017FD06F0020902466C
:103D700000283BD08F492046FFF7B8FF0746B9F12E
:103D8000000F08D016F0440F32D18B492A46204646
:103D9000FFF7ACFF0744089B53B1884B884953F8A1
:103DA0002B20884B2046002A08BF1A46FFF79EFFAB
:103DB000099B002B48D0079B002B62D1B8F1000F64
:103DC00064D0814942462046FFF790FF0546069B96
:103DD0003D44002B6BD1049B002B71D1F30700F104
:103DE000E38031462046FFF793FFD7E00746C6E75A
:103DF000764B18680028CDD0754B4FF47A791B6844
:103E0000B5FBF3F54FF46161B5FBF0F300FB13551F
:103E100009FB05F54FF03C0CB3FBF1F201FB12314D
:103E2000B5FBF0FEB1FBFCF300FB1E550CFB1311C0
:103E300009FB05F50091B5FBF0F56649CDE901E513
:103E40002046FFF753FFA5E7079BEBB1624B6349A1
:103E500053F82B202046FFF749FF0546B8F1000F25
:103E600005D0594942462046FFF740FF0544BAF1C4
:103E7000000FACD05A4952462046FFF737FF0544A1
:103E8000A5E74FF0000AE1E7079DE7E745469EE713
:103E9000BAF1010F069B06D1002B65D1049B002BC4
:103EA0007CD000250CE0002BF8D04E485DE04E4859
:103EB000069B4E49224610F0F3FF049B002B69D06D
:103EC000DFF83C81DFF83C91049F3146102F2046FB
:103ED00028BF1027FFF71CFF4FF0000A554546DCAE
:103EE000059B49461A782046FFF700FF4FF0010A6C
:103EF0001AF0070F03D141462046FFF7F7FE57455A
:103F00003CD9059B494613F80A202046FFF7EEFEF0
:103F10000AF1010ABAF1100FEAD1354920464FF0F3
:103F2000000AFFF7E3FE5246059B9A5C314B995C11
:103F300011F0970F08BF2E222F492046FFF7D6FE1B
:103F40000AF1010ABAF1100F1DD01AF0070F03D1C0
:103F500041462046FFF7CAFE57455246E4D841463F
:103F60002046FFF7C3FEEBE71F485D46A0E741464A
:103F70002046FFF7BBFE0AF1010AAFE71F492046C2
:103F8000FFF7B4FEC4E7059B3B440593049BDB1B92
:103F9000049399D1BBF1000F7FF420AF20460BB002
:103FA000BDE8F04F11F08DBC064A05492046FFF7E9
:103FB0009DFE16E765BB020069BB020070A8020007
:103FC0008CC6020060BB02008EBB02006C40002069
:103FD0006840002072BB020084A8020092BB02006D
:103FE00098BB020021590200EB580200DD58020084
:103FF000A7BB0200AFDD0200A9BB0200A3BB020009
:10400000A5BB02009DBB020073B542F20F738B4249
:1040100028BF0B4605680F4A04460521684610F084
:10402000B8FF63680C495B6806460B22284611F00E
:104030003AFC63683246694628465B6811F033FCF7
:10404000636806495B681B22284611F02CFC02B00D
:1040500070BD00BF39DC0200C8BB0200ACBB02006F
:10406000074A00210123904206D8064A01B90123DC
:104070001360054B1860704740085B000121F2E7B0
:1040800040420F00684000206C400020014B01229C
:104090001A70704720770020014B0020196070478C
:1040A000844000200148FFF7AFBF00BFB4A8020062
:1040B00010B5064B18680C46FFF746FB2146034631
:1040C000BDE8104002480F22184700BF844000207E
:1040D000B4A80200F8B5094D094B0A4ED5E90047CE
:1040E00001221A700CB92C60F8BD214630463A46C0
:1040F00000F01EF8241A0644F4E700BF78400020C0
:10410000217700202277002010B9074B18707047E4
:10411000064B1B781BB141F2883014F045BCA4203B
:1041200000210CF04BBF00BF20770020217700203A
:104130002DE9F843DFF878901C4F80460E460424A2
:1041400099F8005095B90BF0C1FD2846324641461A
:104150000BF06EFD05460BF0C3FDE5B101233B708E
:1041600099F8003073B93046BDE8F88332464146CD
:1041700000200BF05DFD0546EFE72046FFF7C4FF8A
:10418000651E2C4600200BF097FD0028EBD03B78F5
:10419000002BF2D1E7E73B78002BE4D0013C20462E
:1041A000FFF7B2FF3B78002BCAD1DCE72077002075
:1041B00021770020F8B5074F0D4604464618B44253
:1041C00001D12846F8BD14F8011BBB6801485B68A3
:1041D0009847F4E7B89F0200014B03600020704746
:1041E000F8A8020008B5044810F0C6FEBDE8084073
:1041F000024810F0C1BE00BF1EBC020053BC02004A
:104200000449431E0F3013F8012F8A5C1A70834251
:10421000F9D1704781BC0200F0B5264E07460C4626
:104220000FCE8DB001AD0FC50FCE0FC596E80700BC
:1042300085E807003846002F38D0002C38D0381FCA
:104240002146024610344B780D781B0443EA05637F
:10425000CD782B438D78043143EA05238C4242F814
:10426000043FF0D1144C04218A07036916D1C3F32B
:104270000742A55C1A0EA25C42EA0562C3F3072559
:10428000DBB2655DE35C42EA054242EA032221F0CB
:10429000030330336B4453F82C3C534050F8042F45
:1042A000013153402C290361DED101200DB0F0BD56
:1042B0002046FBE7D0A3020081BC02002DE9F84FA5
:1042C000804600AF0C46002965D0E9468AB0D1E9A6
:1042D0000012A3686D4639482E464FF0050AC5E91D
:1042E0000501C5E9072346F810AF354832460023DB
:1042F0004FF42151FFF71AFCCD46D4E9031263694C
:10430000AD463048C5F810A0C5E90501C5E9072349
:104310002B48002332464FF42151FFF707FCCD46CE
:10432000E369294A2648DFF8B0B0012111F0A5FA67
:10433000264600254FF00A0AE9468EB0D6E908E085
:10434000D6E90A136A46C2F81CE005F1010EC2E97B
:1043500008E0A81CC2E90A01E91CC2E905B5C2E9E6
:104360000C1342F810AF1648002345F24001043503
:10437000FFF7DCFB102DCD4606F11006DCD1236ED5
:10438000124A0F48012111F078FAA369104A0C482B
:10439000012111F072FAB8F1010F07D1EFF3058393
:1043A0000C4A0748103B414611F067FA2146404647
:1043B0000BF0B2FCBD46BDE8F88F00BF81BD020026
:1043C00034A30200B0BD0200DFBD020031BE020016
:1043D00040BE02006EBE0200EEBD020030BFFFF71D
:1043E000FDBF00BF074A936893F90E10002907DB51
:1043F000926993421FBF044A536843F0805353604D
:10440000704700BF9C46002000ED00E070B5294CCD
:1044100006460D462848294911F033FDA36AD90400
:104420003CD52548264911F02CFD1720A36A1A0512
:1044300004D52148234911F024FD18201D4CA36AFE
:104440009B0512D51C48204911F01BFDA36BA26AE5
:10445000100409D51D4A1848012111F00EFA1EB1A9
:10446000A36A23F40043A3621920124CA36A5905DE
:1044700004D51148164911F004FD1A20A36ADA0583
:104480000ED50D48134911F0FCFC1B20094A936A14
:1044900043F47F43936200232B7070BD1620C5E761
:1044A000A36A9B04F2D504480B4911F0EAFC1C20D6
:1044B000ECE700BF00ED00E034A3020081BE020083
:1044C00097BE0200A8BE0200BBBE0200D4BE02001E
:1044D000E9BE020004BF02001CBF020010B5204C60
:1044E0002049214811F0CDFCA36A990136D51E4818
:1044F0001E4911F0C6FC1E20A36ADA0104D51A4831
:104500001B4911F0BEFC1F20154CA36A1B0304D5E8
:104510001548184911F0B5FC2120A36A590304D5A8
:104520001148154911F0ADFC22200D4CA36A9A03E5
:1045300004D50D48114911F0A4FC2320A36ADB0324
:1045400004D509480E4911F09CFC2420044A936AC2
:104550006FEA03436FEA1343936210BD1D20CBE75C
:1045600000ED00E04BBF020034A3020063BF020075
:1045700076BF020090BF0200AEBF0200D3BF0200B0
:10458000EDBF02002DE9F843364D80468946364896
:104590003649174611F075FCAB6ADE0627D534495B
:1045A000314811F06EFC1124AB6A1D0704D5314966
:1045B0002D4811F066FC12242A4DAB6A980718D5D5
:1045C0002D49294811F05DFC6E6BAB6A190646D582
:1045D0002A4A25483346012111F04FF9B9F1000F5D
:1045E00003D0AB6A23F08003AB62132403E01024F2
:1045F000DAE76FF015061B4DAB6ADA0704D52049E0
:10460000194811F03EFC1424AB6A9B0604D51D49E1
:10461000154811F036FC1524124B9A6AD50602D4BF
:104620009A6A90070AD55B68190507D54146304656
:1046300000F01EFB10B180F309880224094B9A6A2E
:10464000920642BF5A6A22F400525A629A6A42F0B3
:10465000FF029A6200233B702046BDE8F8836FF0AA
:104660001506C2E700ED00E034A3020018C0020006
:104670002EC00200A8BE020061C0020079C0020084
:104680008FC002001CBF02002DE9F041634B9CB0BB
:10469000D3F8048000AF0546C8F30804002686F36B
:1046A0001188BFF36F8F02F07F43B3F17F4F07D1C3
:1046B00002F00C03082B12D159495A4811F0E1FBC2
:1046C000002635460023FB71E31E092B00F284808F
:1046D000DFE803F00A7A7D77828282828280100787
:1046E0004CBF0D460126EDE74F494E484B4C11F0AB
:1046F000C8FB0023FB71E36A9A0705D54B4949487B
:1047000011F0BFFB002433E0E36A002B01DA4849D3
:10471000F5E7E36A5B00F5D54649424811F0B1FB85
:104720006369AA6943F480736361BFF34F8FBFF37A
:104730006F8F636932F8022C23F480736361BFF3D7
:104740004F8FBFF36F8F4DF602739A4209D0A36A61
:10475000DBB24BB3FA1D01212846FFF713FF0446D5
:1047600006E02B68344A2F48012111F086F82C68A6
:10477000FB79ABB96822294607F1080014F04DFE19
:104780007B6A002E44D0C3F3080222B96FEA532398
:104790006FEA43237B6207F108012046FFF78EFD95
:1047A0007037BD46BDE8F081A36A13F47F4F04D093
:1047B000F91D0120FFF72AFED1E7A36AB3F5803F78
:1047C000A0D3FFF78BFECAE7FA1D0021C4E7F91D4D
:1047D0000020EFE7194992E7194A1A4B18F4F87FBD
:1047E000E8468AB018BF13466A461749C2E905135E
:1047F0004FF400731384103C144BD46142F8103F03
:10480000084800234FF41151FFF790F9C54679E7A6
:1048100023F4FF7323F00103BCE700BF00ED00E0C9
:10482000DCC0020034A3020007C102001EC1020066
:104830003FC102004DC102006CC1020088C10200EC
:10484000C3C00200AEC00200ACC1020004000001FF
:10485000044B5A6942F010025A615A6922F0080268
:104860005A61704700ED00E0EFF30880EFF3098133
:1048700001B57246FFF708FF01BD00BF002080F3BD
:104880001488BFF36F8F09F00BFD00200D490860FD
:10489000BFF34F8F0C4880F3088800F02BF84020BE
:1048A00080F3118809484FF40461401880F30988A7
:1048B000EFF314800221084380F31488BFF36F8F55
:1048C00000F034F994ED00E000AE0020009C0020E0
:1048D0000749D1F890200023C2F3072218469342DB
:1048E00000DB7047C1F89830C1F8A0000133F6E74B
:1048F00000ED00E008B572B6002383F31388FFF7DC
:10490000E7FF144B4FF0FF32C3F88020C3F8842038
:10491000C3F88820C3F88C20C3F89020C3F89420F3
:10492000C3F89820C3F89C20C3F88021C3F88421E1
:10493000C3F88821C3F88C21C3F89021C3F89421CF
:10494000C3F89821C3F89C2162B6BFF34F8FBFF321
:104950006F8F08BD00E100E0084B9B6883420BD1DC
:10496000EFF3058343B1064B5A6842F080525A6018
:104970005A6A22F400425A6214F0B7BB9C460020E7
:1049800000ED00E00A4A93686FF00A01C3F8B01026
:104990000849C3F8AC004B6843F080534B600023D8
:1049A00083F31188BFF36F8F9368D3F8B00070471B
:1049B0009C46002000ED00E010B5124A91680346C5
:1049C00081F8F500EFF31181402181F31288BFF3E4
:1049D0006F8F906990600C4A4FF00061516090F8C1
:1049E000F54023F0FF0300221C43D0F8AC30C0F8A0
:1049F000AC2083F31188BFF36F8F00F0D5F9204608
:104A000010BD00BF9C46002000ED00E019498A68F7
:104A100082F8F5E04FF030001044EFF3098C80E8A5
:104A2000F01F1EF0100F03D102F1B40080EC108AC9
:104A300074467046FFF7C0FFA6460E498A68864650
:104A40001EF0100F03D00023E1EE103A03E002F154
:104A5000B40090EC108AEFF3148323F0040383F383
:104A60001488BFF36F8F02F1300090E8F01F8CF3D1
:104A7000098870479C4600201EF0040F0CBFEFF31E
:104A80000880EFF30980816911F8021C0229FFD028
:104A900001B511F0EBF901BD40B2002807DB044A73
:104AA0004109012300F01F00834042F82130704784
:104AB00000E100E040B200280CDB4309064900F0A9
:104AC0001F0020330122824041F82320BFF34F8F83
:104AD000BFF36F8F704700BF00E100E0054B420954
:104AE00000F01F0053F82220012303FA00F01040C9
:104AF000704700BF00E100E040B2D30754BF02316D
:104B000000210028ACBF00F16040074A4FEA411382
:104B1000ACBF00F5614000F00F00DBB2B4BF13542E
:104B200080F80033704700BF14ED00E0144A08B568
:104B3000144B22F07F029A60BFF34F8FBFF36F8F49
:104B4000D3F8882022F47002C3F88820D3F8882094
:104B500042F4A002C3F888204FF04042C3F8342248
:104B6000BFF34F8FBFF36F8F0023E1EE103A0BF0CE
:104B7000BFF90CF01BFB00F0EDF80BF001FA00BFE1
:104B80000000000000ED00E0017B890709D5D0F8A6
:104B90009C104031C0F89C10D0F8A0104039C0F8EB
:104BA000A01042F8203C009B42F81C3C0F49019B9E
:104BB00042F8183C029B42F8143C21F001014FF0EE
:104BC000807342F8043C42F8081C0023C0F8AC3063
:104BD000037B13F0020FA2F120024FF6085308BF27
:104BE0004FF47D430265C0F8F4307047AD4F0200CA
:104BF000037B13F0020F1D4B03D190F8F520D20672
:104C00001BD45A6B42F080425A63D0F8F430190733
:104C10000DD443F00803C0F8F430D0F89C30403392
:104C2000C0F89C30D0F8A030403BC0F8A030037BE7
:104C300043F002030373802070475A6B22F08042D6
:104C40005A63D0F8F4301A0701D44020704723F09B
:104C50000803C0F8F430D0F89C30403BC0F89C30DA
:104C6000D0F8A0304033C0F8A030EEE700EF00E00D
:104C70000D4A03469068A8B1D0F8F420D0F89C0003
:104C800012F0080F0CBF4022802213F1160F04D03F
:104C9000821A9A4205D8834203D2814228BF00205B
:104CA00070470020704700BF9C460020104B9B6857
:104CB00083421AD1EFF30580B8B9EFF31181402296
:104CC00082F31288BFF36F8F1A7B22F002021A73ED
:104CD000EFF3148323F0040383F31488BFF36F8F7F
:104CE00081F31188BFF36F8F70476FF01500704725
:104CF0009C46002008B515460E460022E1EE102A1B
:104D0000EFF3148222F0040282F31488BFF36F8F52
:104D1000BFF36F8F094A906000F046F82C4686F387
:104D200009884FF00000064B984720464FF00001DD
:104D30004FF000024FF00003024C20479C46002039
:104D4000935E0200AD4F0200014B10221A617047C2
:104D500000ED00E0044800234021C2180133272B56
:104D600082F80013F9D1704700E100E008B5EFF3D5
:104D70000583064A103B02EBC30152F83300496831
:104D80008847BDE80840FFF72DBB00BF58A00200D0
:104D9000024B034A0348012100F090B800000120B3
:104DA00000000020F8A8020010B50446FFF720FF1D
:104DB000D4F89C2003460548D21AC0E90023044BCE
:104DC0008360BDE81040012100F082B8B4400020AB
:104DD00000000B1508B503461048D0F89020C2F328
:104DE0000722013A934207D90D480E4A012110F0DB
:104DF00044FD6FF0150008BDC0F898300A6822F035
:104E00001F021A4342F01002C0F89C208A6842F048
:104E10000102C0F8A0201846EDE700BF00ED00E059
:104E20001CA30200C3C10200F0B50E4685B01F46A8
:104E300004460025B5420DDA606810B397B1431EF1
:104E400018420AD0104A11482B46012110F015FDD6
:104E50006FF01502104605B0F0BD1F28F2D9216889
:104E60000B42EFD12368019311F036F8A36801A932
:104E70000343D0B20393FFF7ADFF10F1160FE7D055
:104E8000421C01350C34D5E7E9C102001CA3020025
:104E9000044B0522C3F89420BFF34F8FBFF36F8FED
:104EA000704700BF00ED00E0BFF35F8F024B0022B0
:104EB000C3F89420704700BF00ED00E010B5034C2C
:104EC00001232278FFF7B0FF207010BD3377002058
:104ED00008B50B4A00231278FFF7A6FF10F1160F52
:104EE00007D0084A0021D2F89030C3F30723984234
:104EF00000DB08BDC2F89800C2F8A0100130F2E74C
:104F00003377002000ED00E02DE9F0435748584981
:104F1000D0F890300D68C3F307239D4285B000F2AE
:104F2000A180FFF7C1FF49680022954201F10C0101
:104F30001AD1504C504F25706846FFF74DF9DFF8F5
:104F40003C81DFF83C9106460025AE421FD1237814
:104F500046490020D1F89020C2F3072293427BDB20
:104F6000FFF796FF00204CE0C0F8982051F80C3C69
:104F700023F01F03134343F01003C0F89C3051F893
:104F8000043C43F00103C0F8A0300132CDE70098A3
:104F900000EB05114FEA051CCB683B40B3F5000F51
:104FA00044D00AD8B3F5001F2ED0B3F5800F34D00B
:104FB000B3F5801F10D00135C7E7B3F1807F3ED035
:104FC000B3F1007FF7D150F80C3088684A6810F0D0
:104FD00083FF40F4802009E050F80C3088684A686C
:104FE00010F07AFF40F0885040F43020039001A97F
:104FF0002078CDE90123FFF7EDFE002828DA6FF0D5
:10500000150005B0BDE8F08350F80C3088684A6898
:1050100010F062FF40EA0800E8E750F80C308868BA
:105020004A6810F059FF40EA0900DFE750F80C30F9
:1050300088684A6810F050FF40F08270D6E750F858
:105040000C3088684A6810F047FF40F08870CDE760
:10505000237801332370AEE7C1F89830C1F8A0007F
:10506000013377E74FF0FF30CBE700BF00ED00E002
:1050700004A90200337700200000F0FF00000811AF
:1050800000000207014B1860704700BF400D002070
:10509000F8B50A4F0D46461EC0F10104A3199D4202
:1050A00001DC2846F8BD73780A2B02D13B680D203D
:1050B00098473B6816F8010F9847EFE7400D00202E
:1050C00010B5074C2368C2180648C0F1005101F51D
:1050D00080318A423ABF2260C0184FF0FF3010BDC5
:1050E000C0400020A0F1002008B505480FF044FFA3
:1050F000002383F31188BFF36F8F0423184602DF68
:105100001BC202002DE9F74FD0E9008BBBF1000F65
:105110000E4632DA6548664A664C674F18EB000067
:105120004FF000036BF10001F6F744FD24228A469C
:105130000546894604FB00840021304614F07BF9C3
:10514000EF194AF1000301935C4B98454FF0FF3390
:105150007BEB030322DB281D49F10001564F072298
:105160000023F6F727FDEF1949F10003B26101931F
:10517000534A01990023384626E04D4A4D4C0023FE
:1051800040465946F6F716FD24220546894604FB9B
:1051900000840021304614F04EF9DCE7681D4AF126
:1051A000000107220023F6F705FD464B984502F162
:1051B00006025BF10E0BB261DADA4348404A281866
:1051C0004FF000034AF10001F6F7F4FC3F4901FB00
:1051D000007148F6AC62B1FBF2F20A4440F2B453FB
:1051E000B1FBF3F5521B4FF06408394DB1FBF5F5F7
:1051F000521B40F26D15B2FBF3F3B2FBF5F7B7FBB0
:10520000F8FEAEEB03030B4405FB17334FF4C87CE9
:1052100000FB0C70992103EB830C0CF1020C03F1E1
:105220000109BCFBF1F5694302314FF0050AB1FBFE
:10523000FAF1A9EB010140F2F959CC458CBF6FF0AE
:10524000080C4FF0030C6544A0F26C70022D98BF5F
:105250000130B3F5997F05F1FF3517D3A3F59973A5
:105260004FF46162F361B4FBF2F302FB13443C229E
:10527000C6E90450B3603046B4FBF2F302FB1344BA
:10528000F1607360346003B0BDE8F08F17F0030F76
:1052900002D108FB1E773FB9B2F5B67F8CBF002262
:1052A00001223B331344DBE70122FAE781AEFEFF24
:1052B0008051010080AEFEFF6CFA0A0000BAFAFFCE
:1052C000B13A0200009EDA86BCBF08004FC5FDFF60
:1052D000B03A020038B5084C0025204613F052FCC5
:1052E00004F11400013513F00CFE052D04F1240423
:1052F000F3D1002038BD00BFC440002038B5064DB2
:1053000000242846013413F0FCFD052C05F10805A6
:10531000F7D1002038BD00BF7841002038B5064DD8
:1053200000242846013413F02DFC052C05F114054A
:10533000F7D1002038BD00BFA04100200B4B0C4A24
:1053400030B51C460025191BB1F5986F01D9002016
:1053500030BD506803F58071C3E94020016003F55A
:10536000987303F8085C5160EDE700BF182A00202D
:10537000440D002070B54169867A0B4D044659B141
:10538000437ADB0706D42C2303FB06535B6A1B68B6
:105390009B689847002363612C20214606FB005040
:1053A000BDE8704013F07EBCF8130020024B2C22A5
:1053B00002FB0030704700BFF8130020827A064BD2
:1053C0002C2101FB02339A6A1B7F1B33801A23F0C6
:1053D0000303B0FBF3F07047F813002038B5074B18
:1053E000827A2C2404FB02335B6AD3E901240C602B
:1053F0001568FFF7E3FF04FB005038BDF8130020E9
:105400002DE9F04F85B005466846039190461C464D
:1054100091469B4613F0C9FEDDE90067EFF3118A60
:10542000402383F31288BFF36F8F6B8B002B42D026
:105430002A8B9A4226D90022002328460AF0C8FF68
:105440000446F8B18AF31188BFF36F8F039B002BDA
:105450004ED032463B46684613F0CBFEA27A2D4B27
:105460002C2101FB023320465B6A1B6803A91D68DF
:10547000DDE90023A847606100283AD12046FFF704
:1054800079FF2AE0698B4B1E6B838AF31188BFF387
:105490006F8F2B7F2A8BAC6A1B3323F00303521AC6
:1054A00002FB03441B4B1C4AEB1A9B105343A37291
:1054B0002B7FE372CAE78AF31188BFF36F8F54EA38
:1054C00008040FD14FF00009CB464A465B462846F8
:1054D0000AF07EFF04460028B8D10024204605B01B
:1054E000BDE8F08F0BF0A6FD0C4B8342EDD1E9E750
:1054F0006361012300252381039B6382E27A656057
:10550000294604F1180013F096FF63692582E360D1
:10551000E4E700BFF8130020A38B2EBA803D0020E3
:1055200070B50C4C2C2500B970BD037A4668013B60
:10553000DBB20372002BF7D1C3604360837A05FBB3
:1055400003431B6A13B198473046ECE7FFF712FF9D
:10555000FAE700BFF8130020044A0123C2F84035DF
:105560004FF080420020C2F87835704700E00140DB
:1055700020B1034B800143F001031847704700BF7F
:1055800020A6020008B5044813F013FA00280CBF47
:105590006FF01200002008BD909F02000E4B4029C2
:1055A00070B528BF40210D4C46181D46B04203F18E
:1055B000020304D1002305F81130074870BD0278BA
:1055C0001209A25C03F8022C10F8012B02F00F0262
:1055D000A25C03F8012CE9E752770020B0C2020078
:1055E00030B503788BB0044607AD032B21D8DFE834
:1055F00003F0021A1C1E1249284614F0A2F8059561
:1056000063780493A3780393E37802932379019357
:1056100063790093A3790B4A0B481E210FF0B9FC64
:1056200009480BB030BD0949E6E70949E4E70949F3
:10563000E2E7094A0A2128460FF0ABFCDFE700BF8A
:10564000BAB40200DCB4020034770020C1B4020016
:10565000C8B40200D2B4020078D2020030B50A4DBC
:105660000A4B85B0002428460293039413F0F3FB01
:1056700002AB0093284606490A234FF4A8620BF0B8
:10568000C1F8204605B030BD08300020C1C202007C
:10569000808D0020014601480BF0F2B80830002050
:1056A0000378012B30B513D0022B27D07BB9194BCF
:1056B0000A4603F1100453F8045B42F8045BA3426A
:1056C000F9D11B78137043884B731B0A8B7330BD61
:1056D000104B0A4603F1100453F8045B42F8045BD4
:1056E000A342F9D11B78137043684B73C3F30722AD
:1056F0001B0CCB731B0A8A730B74E8E700F11003D1
:1057000050F8042B41F8042B9842F9D103780B7020
:10571000DDE700BFCAC2020038B50546054810F0F3
:1057200019FC044620B101210C3010F068FC2576EC
:10573000204638BDD41400200F2810B50ED80D28EF
:105740000ED90B4810F006FC044628B101210C309C
:1057500010F055FC01232376204610BD1328F0D00D
:1057600009B10448EEE7BDE810400120FFF7D4BFBF
:105770000015002050140020C368034A1B7803481A
:10578000022110F05EBD00BFEAC2020084A2020046
:1057900070B5C6683378B6F8014083B90F2120464A
:1057A00002F0E8FCF378054650B90A4A118831B98D
:1057B0006FEA04506FEA10501080074A137070BDF2
:1057C0004372012102F0F6FB2846BDE8704002F06A
:1057D000C7BB00BFF4460020D377002070B5C36874
:1057E0001D78BDB9B3F801600F21304602F0C2FC4C
:1057F000044638B93346084A0848BDE870400121DC
:1058000010F01FBD294602F0D5FB2046BDE87040D0
:1058100002F0A6BB70BD00BF12C3020084A202004A
:1058200010B5C368B3F801400121204602F0A2FC84
:1058300038B92346054A0648BDE81040012110F05A
:1058400000BDBDE8104002F08BBB00BF38C30200B2
:1058500084A2020010B5C3681C880121204602F012
:1058600089FC38B92346054A0548BDE810400121A6
:1058700010F0E7BCBDE8104002F072BB38C3020074
:1058800084A2020010B501210C3010F0EAFBBDE843
:1058900010400378024A0348012110F0D2BC00BF37
:1058A0005CC3020084A20200014610B5084810F053
:1058B00055FB0849084813F0A3FA031E06DABDE8B1
:1058C0001040064A0648012110F0BBBC10BD00BFC5
:1058D000D40800206C0D0020203100207EC302007F
:1058E00084A2020010B5084C0146062294F86F000D
:1058F00002F0F2FE38B994F86F000449BDE8104098
:10590000052202F0E9BE10BD8807002096C2020001
:10591000024A0348012110F092BC00BF9BC3020061
:1059200084A20200B0B50B460D8A00AF044629469A
:10593000D868FFF733FE8AB06A46094BC2E90534DE
:1059400040F202439384074BC2E907504FF43251AF
:1059500042F8103F044810F085FCBD46B0BD00BFC2
:10596000B5C302000500000184A2020070B5C5683D
:10597000B5F801600121304602F0FCFB044638B95D
:1059800033460D4A0D48BDE87040012110F059BC66
:105990002B783BB9D5F80330C0F89530D5F80730EF
:1059A000C0F89930201D4FF4804110F04CFC204687
:1059B000BDE8704002F0D4BA38C3020084A20200ED
:1059C000B0B53C2800AF04461AD101F003FE6FF0D9
:1059D0008001103010F049FC0020FFF783FF0546DE
:1059E00030B9124A1248012110F029FCBD46B0BD61
:1059F0004472002102F0DEFA284602F0B1FAF5E71F
:105A00006D468AB06A460B4BC2E905300A4BD3613A
:105A100040F201331384094B42F8103F04484FF41D
:105A2000125110F01FFCAD46E0E700BFD7C30200E3
:105A300084A20200F8C302005FBB02000400000160
:105A400037B502EBC303044608469A4202D16FF011
:105A50005E0010E0114611F8085BA54211D1038ADF
:105A60005178994209D90848084A009401210FF059
:105A70000EFF6FF0150003B030BD5368984700204B
:105A8000F9E70A46E1E700BF84A2020014C402005D
:105A900073B53E4810F077FA0446002873D0017EB3
:105AA000012945D003296BD1038A032B02D8384A38
:105AB000012141E004210C3010F0D3FAFF23428889
:105AC00006886376238AC6F30B009A42A08309D026
:105AD000304800920121304A0FF0D9FE2046FFF7EE
:105AE0001FFD12E00F2102F045FB054610B9A38B04
:105AF0002A4ADDE702F07EFB320B6076214628461B
:105B000002F01AF9284602F02BFA254BD3F84C3153
:105B1000002B38D02349244813F072F9031E32DADF
:105B2000224A1C48012102B0BDE8704010F089BB38
:105B3000038A012B04D81E4A164810F082FBCDE7D9
:105B400002210C3010F08DFA0546007810F065FB4C
:105B500010F002060DD1174A1749184840F6A8332D
:105B60000FF095FA86F31188BFF36F8F0323184661
:105B700002DF134A28780423214610F082FBADE7A8
:105B8000104A0B4694E702B070BD00BFD408002055
:105B900036C4020084A2020057C402007BC4020083
:105BA000880700206C0D0020203100207EC30200F9
:105BB0009DC40200B9C40200EDC402001BC502006E
:105BC000C0A9020038C5020010B5012104460C30FE
:105BD00010F047FA2146034A0078BDE81040072339
:105BE00010F04FBBE0A90200F8B5012100AF044658
:105BF0000C3010F036FA0678114A00232146304660
:105C0000FFF71EFF5F3018D1258AE0682946FFF7AD
:105C1000C5FC6C468AB06A460A4BC2E9053640F2BA
:105C200002439384084BC2E907504FF4325142F8C3
:105C3000103F064810F016FBA546BD46F8BD00BF54
:105C400018AA02004CC502000500000184A202004F
:105C50002DE9F74FDFF838A1BFF35B8F8046894607
:105C6000174600235AE8004F4AE80032002AF9D1CB
:105C7000BFF35B8F264644B9414A4248434601215F
:105C800003B0BDE8F04F10F0DCBA2046FFF796FBFA
:105C90003D4D4FF00C0B0BFB0050438843451FD08C
:105CA0002046FFF78BFB0BFB00504388374A0093DD
:105CB0003448434601210FF0EAFDBFF35B8F5AE8F9
:105CC000003F4AE80062002AF9D1BFF35B8F002B46
:105CD00053D01E46304603B0BDE8F04FFFF720BC5E
:105CE000A7420ED0204610F030F904F10C08012133
:105CF0002176404610F083F93A8AF968404610F060
:105D00008FF92046FFF75AFB0C2707FB005043682A
:105D1000ABB1B9F1000F12D12046FFF74FFB07FBE3
:105D2000005001214268D2E90003127A03F01F07F4
:105D3000B9405B09DAB100EB830010F084FA204629
:105D4000FFF73CFB0C2707FB00508368002BC1D0FA
:105D50002046FFF733FB784305F800902046FFF715
:105D60002DFB07FB0055A8680AF064FBB2E7C943A6
:105D700000EB830010F079FAE1E703B0BDE8F08FA3
:105D80007EC5020084A2020004420020A6C50200D3
:105D9000D00800202DE9F84FD0F80C80018A98F83F
:105DA0000040012303EB84038B4200AF5FD96D46B3
:105DB0008AB06A463048C2E907310523C2E90504C2
:105DC0004FF4215142F8103F2C4810F04BFAAD46E9
:105DD000BD46BDE8F88F2A4A28484B46012110F0FD
:105DE00030FA013598F800309D42F1DA08EB85036E
:105DF0000F21B3F80190B3F80360484602F0BAF9F6
:105E000004460028E7D000F1C0095EB1204601F049
:105E100037FF0AF00FFB636943B918485A4601215E
:105E200010F00DFA204602F09BF8DAE7A1691A6833
:105E300062618B4208BFA261C3F800A0226A9AB9CE
:105E4000C4E90733BFF35B8F59E8003F013B49E8E2
:105E50000032002AF8D1BFF35B8F00212046013EBB
:105E600001F01AFFB6B2D0E713602362EAE700251B
:105E7000DFF810B0AA46B5E7D9C5020084A2020037
:105E800003C602001FC6020073B5C568B5F80160FD
:105E90000121304602F06EF9044640B92B4A2C48E5
:105EA0003346012102B0BDE8704010F0CAB92B782A
:105EB0001A2B00F1040619D1C378012B2AD14FF413
:105EC0008051304610F0BFF9C2040FD4D4F88830A6
:105ED00000936946D4F890300193204602F0BEFE4C
:105EE000204602B0BDE8704002F03AB82B788BB97A
:105EF000B5F80330A4F88630B5F80530A4F88C3036
:105F0000B5F80730A4F88E306FF48061304610F099
:105F1000ACF917E0BFF35B8F6368BFF35B8F5B0582
:105F2000F2D52B78202BEFD194F89430002BEBD0C6
:105F3000013B84F894304FF42032002304F14000F8
:105F40000AF0C8FC204602F0C5FAC9E738C30200CF
:105F500084A2020010B5C1E900239DF808300B723D
:105F60000C46FFF72BFA034B0C2202FB00335C605C
:105F700010BD00BF044200202DE9F0474FF0FF3272
:105F800006464FF0FF33184888460FF0E3FF0446FB
:105F900038B300F10C0701214FF00009384610F02A
:105FA0002EF884F818902046FFF708FA0F4D4FF0AE
:105FB0000C0A0AFB005046802046FFF7FFF90AFB57
:105FC0000050C0F808902046FFF7F8F90AFB00558A
:105FD00003213846C5F8049010F01CF8068080F8BC
:105FE00002802046BDE8F087A8140020044200206B
:105FF00070B50C4D06460FCD90B001AC0FC40FCD5F
:106000000FC40FCD0FC495E807000E2E84E80700DB
:106010009BBF10AB03EB8606034856F83C0C10B050
:1060200070BD00BFFCA3020036C60200034B014650
:10603000D3F86C0182689268104700BF880700207F
:106040002DE9F843044600F10C06304610F019F82B
:10605000B4F81080B8F1010F05460AD81A4A1B4857
:106060004346012110F0EDF82046BDE8F843FFF764
:1060700057BA304602210FF0F4FF0746007810F0BF
:10608000CCF810F0010906460DD1114A1149124809
:1060900040F6E4730EF0FBFF89F31188BFF36F8FB6
:1060A0000323184602DF05230C4A3878214610F0F6
:1060B000E8F8B307D8D56369A4F8108013FA85F51A
:1060C000E560BDE8F88300BF9DC4020084A2020021
:1060D000B9C402003EC602001BC5020098A9020016
:1060E00038B50C460AF0ACFE237E012B05D0032BFD
:1060F00014D12046FFF7D8FB0BE0E368187810F0C6
:106100008CF8C207054602D52046FFF799FFAB077A
:10611000EFD400240AF0A8FE204638BD054A064800
:10612000012110F08EF82046FFF7FAF96FF0150400
:10613000F0E700BF57C6020084A202002DE9F84F25
:106140003D4C3E483E4D00AF042110F07CF8E27912
:106150003C4B2046012A88BF1D466E46FFF740FA99
:106160008AB06A46384BD061C2E90535374B1362B5
:10617000374B42F8103F3748DFF8EC80DFF8D49017
:106180004FF4235110F06EF8B546334EA346012567
:10619000E3799D420BF1070B38DB94F870502846E9
:1061A000FFF726FF6E468CB0B4F87210B4F8763064
:1061B0006A46DFF8B8C05362C2E90751274B4FF473
:1061C0000075C2E905C015854FF4535142F8103FE0
:1061D000204810F047F8B54694F871603046FFF754
:1061E00007FF8AB0B4F874306A461D499584C2E945
:1061F00007631C4BC2E9051042F8103F15484FF4E5
:10620000335110F02FF8BD46BDE8F88F5846FFF720
:10621000E7F9EA468AB06A4640F20133C2E9056509
:10622000D06113844FF4135142F8108F484610F098
:1062300019F80135D546ABE7880700205C08002037
:106240005FBB02006BC602006FC6020000020103C2
:106250000400000284A202007EC6020006000001C3
:10626000CDC6020005000001040000018FC6020037
:10627000044BBFF35B8F1868BFF35B8FC0F38000E4
:10628000704700BF5C08002000487047E6B5020078
:1062900001480AF0B1BA00BF5C0D002038B50546D0
:1062A0000C4619B9FFF768FE0446D8B140F63543ED
:1062B0009D420FD12046FFF7B9FE054640B1034687
:1062C0000A4A0B4801210FF0BCFF2046FFF728F9CE
:1062D000284638BD0748214612F0D9FC0025FFF7B3
:1062E000D7FFF5E76FF06805F2E700BFF4C60200DC
:1062F00084A20200DC08002073B5C368D9789A78BC
:106300001E8842EA0122ADF8002059791A7942EA42
:106310000122ADF80220D9799A7942EA0122ADF83A
:1063200004201A7A5B7AB4B242EA032301212046A0
:10633000ADF8063001F01EFF054658B91C481D4A4D
:10634000012123460FF07DFF022120460FF0D2FFEE
:1063500002B070BD694602F007F938B91E21204627
:106360000FF0C8FF284601F0FBFDF1E70E2142F2D5
:106370002000FFF701FE04460028F3D00E210C3068
:106380000FF048FE00230680C0F80A30BDF8003048
:106390004380BDF802308380BDF80430C380BDF86F
:1063A00006300381214642F22000FFF777FFD9E74C
:1063B00084A2020038C3020038B502460B462B4DBA
:1063C000D5F8541109B9002038BD05F598700AF0C8
:1063D00057F80028F7D10022002305F5AA7009F02C
:1063E000F7FF044668B9224A2249234840F6B733EA
:1063F0000EF04DFE84F31188BFF36F8F0323184610
:1064000002DFD5F848315BB11C4A1D4801210FF06D
:1064100016FFD5F84801FFF783F80023C5F8483187
:1064200020460FF0C6FDC5F848012046FFF7FEFDE7
:106430000346C8B1134A124801210FF002FF124867
:1064400009F0F8FF2046FEF7B9FF104B0C2202FBC3
:106450000033588818B122461F21FFF7F9FB204668
:10646000FFF75EF8FFF714FF0120ADE78807002073
:10647000B9C40200DEC202001BC5020016C702003A
:1064800084A20200F4C60200B808002004420020E2
:106490002DE9F04F87B0054600AF16460C4631B9DE
:1064A000FFF76AFD044648B96FF0680090E0887A0B
:1064B000FEF77CFF524B834240F09C80012200217A
:1064C000384612F0FDFB2046FEF778FFDFF860A1AA
:1064D0000C2303FB00A0876020460FF06AFD0146F5
:1064E000484812F0D4FBFFF7D3FE0AF0A3FD464B59
:1064F000834220D1DFF83CB1424812F0DDFB00219D
:1065000081464FF4A020FFF757FF804688B93F4AE5
:106510003F484FF4D47359460EF0B9FD3D48294623
:106520000EF0B5FD88F31188BFF36F8F0323184673
:1065300002DF4C45E0D14FF4A0220023384609F099
:106540009FFF804698B14FF4D773304A32493048A4
:106550000EF09DFD3148424629460EF098FD00237D
:1065600083F31188BFF36F8F0323184602DF2046A1
:10657000FEF724FF0C2358431AF80080B8F1000FEF
:1065800030D06E468AB06A46254BC2F81C80C2E9FC
:106590000535244B136240F202439384224B42F8A8
:1065A000103F22484FF432510FF05CFE2046B546B2
:1065B000A8F10908FEF7B4FFB8F1090F0FD8DFE81A
:1065C00008F01C0E0E0B050E0E0E0E196FF00B00D0
:1065D0001C37BD46BDE8F08F6FF00C00F8E76FF098
:1065E0000400F5E716B134600020F1E72046FEF71D
:1065F00097FFF9E76FF01500EAE76FF06E00E7E745
:10660000A8140020DC080020803D0020B9C402004E
:106610001BC5020039C7020059C7020062C7020049
:10662000A7C702005FBB02000500000184A20200B0
:106630000442002031C70200F7B5144B93F99B3098
:10664000002B05460C461DDA14B9204603B0F0BDF8
:10665000082C01AA4FF0000142F21800264628BF7C
:106660000826FFF715FF0028F0D1019FF968324690
:106670000131284612F0D1FE3846FEF751FF35446D
:10668000A41BE1E76FF08500E0E700BF880700206A
:1066900073B506460D4601AA002142F22F00FFF70E
:1066A000F7FE044638B1154A154801210FF0C7FD21
:1066B000204602B070BD0198C368B3F80120328053
:1066C000B3F803302B80FEF72BFF3388A3F11B02B6
:1066D000E02A04D90B4A0A4802210FF0B2FD2B88A8
:1066E000A3F5A47292B244F248118A42E0D9064A54
:1066F000034802210FF0A5FDDAE700BFC6C702007C
:1067000084A20200E6C702000BC80200F0B583B005
:1067100000AF3A1D002140F60340FFF7B9FE0446E2
:10672000002871D17868C3681B788BB9BFF35B8F81
:10673000B14B1A68BFF35B8F02F00902BFF35B8FA6
:1067400053E8001F43E80024002CF9D1BFF35B8F0E
:10675000FEF7E6FE3A1D002141F20300FFF798FE26
:106760000446002850D17A68A44DD168D1F80100C0
:10677000D1F8051005F1780303C31046FEF7D0FEEB
:1067800021463A1D41F20100FFF782FE044600282F
:106790003AD17868C3685A7885F870205A88A5F885
:1067A00072201A7985F87120B3F80720A5F87420B3
:1067B000B3F80530A5F87630FEF7B2FE21463A1D53
:1067C00041F20200FFF764FE0446E8B9D7F804C0BE
:1067D000DCF80C2005F18006531C4132186859681A
:1067E000344603C4083393422646F7D16046FEF789
:1067F00097FE95F87C305E060AD4814A81480121D3
:106800000FF01DFD6FF0120420460C37BD46F0BDA1
:106810003A1D002142F20300FFF73AFE0446002829
:10682000F2D17B68784EDA68D2F80100D2F8051010
:1068300003C61846FEF774FE21463A1D42F20200D6
:10684000FFF726FE04460028DED17C68E368B3F833
:10685000012091B249B1D97839B1A5F80421DA788B
:10686000114606F1280012F02BFA2046FEF758FEDA
:1068700095F87C601F2316F02006A5F8203118D16A
:10688000022140F66D40FFF777FB0446002800F038
:10689000A68002210C300FF0BDFB0123037046706F
:1068A0002146324640F66D40FFF7F2FD04460028CF
:1068B000AAD195F89C301C0712D53A1D002142F24E
:1068C0001C00FFF7E5FD044600289DD17868C368E9
:1068D000D3F80120D3F80530C5E93823FEF720FEB0
:1068E00095F8D830980620D5B91C3846FFF7D0FE69
:1068F0000446002888D1042142F22400FFF73CFB23
:10690000064600286BD004210C300FF083FB3B8837
:1069100003807B8843802246314642F22400FFF701
:10692000B7FD044600287FF46FAF082142F2010052
:10693000FFF722FB0446002851D008210C300FF04D
:1069400069FB95F8D82012F0020F14BF2F230F23F4
:10695000910695F8D92048BF43F0400312F0090F83
:1069600018BF43F4006300220370C3F3072343708E
:106970008270C270027142718271C271214642F20C
:106980000100FFF785FD044600287FF43DAF95F830
:106990007C30B5F804119A0624D4C9B93A1D41F2E5
:1069A0000500FFF775FD044600287FF42DAFB5F80C
:1069B00004317C684BB9E368B3F80120A5F80421E1
:1069C0009A881248114612F07BF92046FEF7A8FD7E
:1069D000082140F60140FFF7CFFA0446D0B96FF026
:1069E000680411E70029F3D1094A064801210FF094
:1069F00026FC6FF0040407E75C08002088070020ED
:106A00002EC8020084A20200600800209008002026
:106A100052C8020008210C300FF0FCFA102303705A
:106A2000882300224370022620238270C6700271E0
:106A300042718271C371214640F60140FFF728FD83
:106A4000044600287FF4E0AE01463A1D4FF60140AF
:106A5000FFF71EFD98B1504A504802210FF0EFFB9E
:106A600000F0A8FC044600287FF4CEAE01F018FF29
:106A7000044600287FF4C8AEFFF760FBC4E67B68DD
:106A8000DC68B4F80130032B96BF454A454952F8FB
:106A900023106E468AB06A464348D3614FF40073B0
:106AA0001384424BC2E9050142F8103F3B484FF4C2
:106AB00013510FF0D7FBB4F80120B4F80330022AC9
:106AC000B54649D1052B47D8394A52F823106E46AE
:106AD0008AB06A463748D3614FF400731384334B4E
:106AE000C2E9050142F8103F4FF413512B480FF053
:106AF000B9FB637994F806C0D4F80900032BB546B6
:106B000098BF2D4AB4F8076094BF52F82310254966
:106B10006C468CB06A46DFF8B0E0C2E9073C4FF43F
:106B200000739385254BC2E905E1C2E909604FF482
:106B3000735142F8103F19480FF094FBA54678684E
:106B4000FEF7EEFC3A1D00214FF60240FFF7A0FCD5
:106B5000044618B11A4A7FE71249B8E77868C36853
:106B6000B3F80130A5F8C130FEF7DAFC95F8C13072
:106B70005B077FF575AF3A1D21464FF60340FFF7DF
:106B800087FC08B10F4A67E77868C3685B7885F8C7
:106B9000C030FEF7C5FC63E775C8020084A202009E
:106BA00088A9020036C6020099C80200040000014C
:106BB00070A90200B2C8020060A90200070000012B
:106BC000F7C8020020C90200CAC8020010B5FFF7CA
:106BD0009DFD034B1B6813B1BDE81040184710BD65
:106BE0001C42002073B52A4D0646D5F86C0111F001
:106BF000E0FE48B9274A284801210FF020FB6FF03A
:106C00001204204602B070BD6FF0020105F1D400FD
:106C10000FF02BFB01210FF016FB10EA010434D119
:106C20001E4B1E600A4605F5987012F049F805F5EE
:106C3000AA7012F020F81A4812F00DF919491848F4
:106C400000946FF007034FF4806209F0DBFD1649F2
:106C5000134809F079FED5F86C01144983681B6864
:106C60009847044630B10346114A0B4801210FF002
:106C7000E8FAC6E726B902B0BDE87040FFF746BDA6
:106C800005F1C40009F0B8FDBBE76FF07704B8E781
:106C90008807002049C9020084A202001C4200208B
:106CA000203100200093002061C90200E160010052
:106CB0006AC902002DE9F04F85B0634BB0F801902E
:106CC000198849F4704291424FF0000602BF1E80BD
:106CD0005E4B1E78C378012B08BF5D4B00F10408A2
:106CE00000AF054640460CBF93F86F4000240FF0FC
:106CF0003BFA414668B307F108000FF02AFAD5F8CD
:106D00001130C7F80130B5F81530A7F805304FF04D
:106D1000010AEB78012B31D04046FEF761FC6C464E
:106D200088B06A464B4BC2E905304FF40073938339
:106D3000494B4A4842F8103F4FF4E2510FF092FAA3
:106D40001321A54648460FF0F0FA1437BD46BDE8BA
:106D5000F08F20460FF084FB03460068B8609A88E5
:106D60009B796868BA81BB73B8F8042098F806303C
:106D700095F804A03860BA80BB71CAE707F1080033
:106D8000FEF7B0FDEB78012B04460AD100F022FC9F
:106D90006FF08001834610300FF067FA58460FF00D
:106DA00070FC002CB8D02346B5F8012023F8702BD6
:106DB000B868BA7BB98920679A719980B5F817309D
:106DC000A4F88630B5F81930A4F88C30B5F81B302B
:106DD000A4F88E30EB78E3700022012B627222D18E
:106DE00087F800A0BA88BB793868A4F87B2084F8BB
:106DF0007D30C4F8770000F0EDFB237A144AC3EB32
:106E0000C3039918D358C4F87E308B88A4F8823015
:106E10008B7984F88430D2E9381303F03F031943A7
:106E200001D000F097FD0721204601F0C3F826B1FC
:106E300066720121204601F0BDF8204601F018FAE3
:106E4000204601F08DF880E7F4460020D37700203B
:106E50008807002086C902000300000184A2020006
:106E600000B5C368187889B020B109B05DF804EBAB
:106E7000FEF7A6BDB3F80120ADF80120DA788DF851
:106E800000008DF80320B3F80B20ADF81720B3F8FD
:106E90000D20ADF81920B3F80F20ADF81B205A7C57
:106EA0008DF81D20586801901A899B7A8DF80A3058
:106EB000094BADF8082068461A689B88CDF80B206E
:106EC000ADF80F30CDF81120ADF81530FFF7F2FE18
:106ED00009B05DF804FB00BFAAC2020038B5042166
:106EE00004460C300FF0BDF8034640885D7818B1B9
:106EF00019782246FEF7ACFE35B1044809F09AFA3B
:106F0000BDE83840FFF7C4B938BD00BFB80800205D
:106F1000B0B50321044600AF0C300FF0A2F8E368CF
:106F20000578B0F80100197840F63543984215D13C
:106F30006C468AB06A460F4B0F48C2E905310F4BC9
:106F4000D36140F2013313840D4B42F8103F4FF4EC
:106F500012510FF087F9A546BD46B0BD10B12246CB
:106F6000FEF776FE002DF7D0064809F063FAFFF72A
:106F70008FF9F1E7A2C9020084A202005FBB020000
:106F800004000001B8080020F8B50A4DEF79064664
:106F90000024E3B29F4202D86FF0010007E02946C7
:106FA00030460FF053FA0735631C08B12046F8BD90
:106FB0001C46EEE78807002070B5194E06223146C0
:106FC000054612F01AFA30B3062142F20500FEF728
:106FD000D3FF044608B3062229460C300FF020F8F0
:106FE0002146002242F20500FFF752FA044648B15A
:106FF00010F10D0F04D10B4A0B4802210FF02EFAAD
:10700000204670BD33462A6843F86929AA88B280B1
:10701000012283F868200024F2E76FF06804EFE7AC
:10702000F1070020E1CA02008CA2020037B5044635
:107030000D4689B1184928460FF008FA60B9174A79
:107040002968C4EBC404A3181151AA889A80AA79AC
:107050009A71002003B030BD68460FF06CF800282C
:10706000F8D16846FFF790FF0028F5DA0B4A009840
:107070009DF80610C4EBC404A3181051BDF8040019
:1070800098809971002DE4D012592A609A88AA80BC
:107090009B79AB71DDE700BF9DC20200880700202D
:1070A00038B50D460649CC7938B12B689C4228BFCB
:1070B0001C46C4EBC40212F0B0F92C6038BD00BF0E
:1070C0008807002070B50446B1B9C0B120490FF05F
:1070D000BDF9A0B92046FFF757FF002831DA237821
:1070E000012B04D1A37903F0C003C02B07D0194AA8
:1070F000194801210FF0B2F96FF0150070BD174D5E
:10710000EB79012B20D0BFF35B8FD5F8D430BFF3E0
:107110005B8FDB0707D4002CEED00D4920460FF023
:1071200095F90028E8D1EE792146731C3046EB71C1
:10713000FFF77CFF08B93046E0E7EB79013BEB71E4
:10714000DCE76FF07700D9E76FF00B00D6E700BF00
:107150009DC20200F0CA02008CA202008807002033
:107160002DE9F341044640B91A4A1B4802210FF0A9
:1071700075F9002002B0BDE8F08101AA002141F2BA
:107180000900FFF785F9054608B1144AEDE7019EAD
:107190001349D6F80C8008F101070622384612F090
:1071A0002CF928B10F490622384612F026F918B9F1
:1071B0003046FEF7B5F9DCE7D8F80130C4F8013005
:1071C000BB88A4F8053030462570FEF7A9F90120E8
:1071D000D0E700BF1ECB02008CA2020037CB02001A
:1071E000AAC20200A4C2020007B56846FFF7B8FFB2
:1071F000044BD87118B169460020FFF717FF03B0A0
:107200005DF804FB88070020F0B5304DEC7989B0BB
:10721000002C53D195F8C26016F0010610D12C4A0B
:107220002C4802210FF01AF9EC71162600240127D0
:10723000EB79E0B298422CD3002B3FD000203BE00A
:107240006A4621464FF60940FFF722F908B1224A63
:10725000E6E7DDF800C0DCF80C104B7823B9604697
:10726000FEF75EF91D4ADBE78B1C02AA01F112044E
:1072700018685968174603C70833A3423A46F7D13E
:10728000186838609B88BB806046FEF749F9344631
:10729000CAE708AB06FB0033694653F8182C33F8ED
:1072A000143CCDF80120ADF805308DF80070FFF7E3
:1072B000BDFE01340028BBD009B0F0BD0021084656
:1072C00009B0BDE8F040FFF7FDBE00BF8807002011
:1072D00055CB02008CA2020081CB0200A1CB0200A0
:1072E0002DE9F04190460E461D46024650B14BB185
:1072F0003103047810D5730708D52B4A2B48012198
:107300000FF0ACF86FF01500BDE8F0810FF0B5F8A4
:107310000028F9D1012341E0F70730D5244FB8F117
:10732000000F13D0B0060AD4C4EBC403FB5C012BDE
:1073300013D02B70B20620D543F002030BE097F870
:10734000D8305906F0D46FF08500DDE7C4EBC403F4
:10735000FB5C012B01D02B700FE0072101FB0471B6
:10736000013110460FF081F80028CDD1C4EBC404E0
:107370003B5D2B70B8F1000FDCD10020C4E7730730
:107380000ED50B4EC4EBC407F35D012BE3D10721EF
:1073900011FB043131440FF068F8F35D2B70B3E753
:1073A0000FF06BF8B6E700BFCACB02008CA2020058
:1073B0008807002038B5104DEB7913B10024204622
:1073C00038BDFFF711FF044628B10C4A0C480121D3
:1073D0000FF044F8F3E7EB79002BEFD1FFF714FF40
:1073E00004460028F1D1681CFFF7E6FD044600289A
:1073F000E5D0044AEAE700BF88070020E9CB020095
:107400008CA2020008CC02002DE9F74F0C46202187
:1074100000909246FEF7B0FD0546002855D0202189
:107420000C300EF0F7FD20220021814612F003F807
:1074300009F1010B04EBCA0A0026D4F800800023EE
:10744000626893420CD30834A245F6D1009889F8BB
:1074500000600022294603B0BDE8F04FFFF718B8DE
:1074600098F8012098F800C0B01C81181F2915D980
:10747000BCF1090FC0F11F0201D1002A0CDC144A33
:10748000144801210EF0F0F92846FEF749F86FF094
:10749000150003B0BDE8F08F4FF0080CD7B2791C8F
:1074A0000BF80610711CC9B25BFA80F00BF801C032
:1074B000D8F804100193023711F0AFFF019B374455
:1074C000FEB2013308F10808BAE76FF06800E0E7A0
:1074D0002BCC020054A2020008B50449072209304F
:1074E00011F08BFF003818BF012008BD9DC20200BB
:1074F000F8B5154B067883F86F6004460D46FFF724
:10750000EBFF70B91149304601F06AF8044610B932
:107510006FF00B00F8BD052100F04CFD2C60002041
:10752000F8E704F109073946304601F09DF840B903
:107530002078394601F054F804460028E8D00621A6
:10754000EAE76FF01500E5E78807002096C2020021
:10755000F8B545686905064635D4046914B115F0D7
:10756000010330D0194F3078FB7983422BD9C0EB1F
:10757000C00017490722384411F03FFFA8B115F0A9
:10758000010306D197F87020082A02D8B2689F2A12
:1075900019D915F0300F09D0ACB1EA060AD405F4B8
:1075A0006035B5F5603018BF0120F8BDEB0601D499
:1075B000002CF4D1D6E902239A4204D81F2A02D91A
:1075C000B3F5804FEBD90020EFE700BF880700201C
:1075D0009DC2020000487047A00700202DE9F04F2F
:1075E000D1F810908DB09A460023B9EB03060546FA
:1075F0009348059218BF012607930EF068FF0C46CA
:10760000410740F112812046FFF7A2FF28B96FF031
:10761000150B58460DB0BDE8F08F20460EF044FF24
:1076200080460028F3D005F1100738460EF04FFFD2
:107630000206C0F3C01300F1FB80CDE90933CDF899
:107640002B30A3686068ADF82030E368ADF82230D5
:107650000EF02EFF6FF400718DF82D0078480EF0BB
:107660003CFF784A23782B7082F86F3061680DF107
:10767000250332462846FFF733FE83460028C8D14B
:1076800005F10902B9F1000F18D021690868C5F8A1
:107690000900888890808979917120460EF0BCFF9E
:1076A00062680646D0071BD4920503D4169B0BB91B
:1076B000022E5CD102238DF8243023E0624B19683E
:1076C000C5F8091099889B799180937120460EF036
:1076D000A3FF6268D1070646E6D58DF8249011E035
:1076E00012F0100F0CBF012204228DF82420226911
:1076F0001168CDF826109188ADF82A1092798DF88E
:107700002C20D8460F2142F20600FEF735FC8346B6
:10771000002800F090800F2208A90C300EF080FCA9
:107720000022594642F20600FEF7B2FE002840F061
:107730008580B9F1000F20D06368DB072BD40121CD
:1077400028460EF079FF8346002866D03F4A40481D
:1077500001210EF089F8079C002C3FF45AAF204617
:10776000002100F027FC204600F0FAFB51E703233C
:10777000DDF858808DF82430C4E7179B0093CDE9DD
:107780000186169B0599524628460EF0CEFE83468A
:107790000028D1D03DE707A92846FFF7A9FE834678
:1077A0000028CCD010F10C0F7FF433AFB9F1000FEB
:1077B0007FF42FAF626890073FF52BAF636883F0CB
:1077C0000203C3F3400B0BF001020E2138460EF00A
:1077D00093FE731E5A425A41082138460EF08CFE21
:1077E000B11E4A424A41384609210EF085FE6268C0
:1077F0000A2102F0010238460EF07EFE42460B21BD
:1078000038460EF079FE62680D21C2F380023846D8
:107810000EF072FE4FF0000BFBE6079808B100F087
:107820009FFBB9F1000FCED1C8E76FF00A0BF0E66D
:107830006FF0770BEDE66FF0680BEAE68346E8E65B
:107840005C080020880700209DC2020044CC020092
:1078500054A2020073B51546069A0C46CDE90032D3
:107860002B460A4601461148FFF7B8FE2146064658
:10787000002340F201109D4202D1304602B070BD9B
:107880000A88824204D14A6812B11278D20702D41F
:1078900001330831EFE70649064811F0E3FA4FF4E7
:1078A00070220023034809F049F8E6E7A00700200A
:1078B00031790100B807002010B519480EF0E1FE3B
:1078C00018486FF480410EF008FE16480EF0FFFDD8
:1078D00003461A06C0F3C01021D512480EF0F7FD7A
:1078E000430513D50E48FFF7F7FD0F490346087E01
:1078F00093B90E49052200F0EFFE044630B1002195
:10790000417200F057FB204600F02AFBBDE8104012
:10791000034800210EF090BE06222131EBE710BD96
:10792000A0070020B00700208807002096C20200B0
:1079300010B5FFF7C1FF034630B1044A0448BDE863
:10794000104002210DF099BF10BD00BF5FCC0200B6
:1079500054A2020073B53548344C0EF0B8FD10F453
:10796000804F38D020460EF0B2FD030633D42046B7
:107970000EF0ADFD46052ED501A9A4F11000FFF7CC
:10798000B7FD40BBA4F11000FFF7A6FD024620465C
:107990000EF09DFDC0F3803120460EF098FD81F081
:1079A000010145054FEA4101204848BF41F001016E
:1079B0000EF08DFD800448BF41F004011C480DF11C
:1079C0000303FFF78DFC054638B11A4A034601212F
:1079D00019480DF052FF02B070BD154801210EF09C
:1079E0002BFE019E28B9304602B0BDE8704000F081
:1079F000B7BA2946304600F0DDFA6FF480410B48F3
:107A00000EF06BFD0546304600F0AAFA6B04E2D595
:107A1000BFF35B8F54E8003F43F4804344E80032F7
:107A2000002AF7D1BFF35B8FD5E700BFB007002076
:107A3000A00700207ECC020054A2020070B50C4BBF
:107A40001C68054644B154F8143C143C13B1697ADF
:107A5000284698476469F5E7064C074EB44200D3C0
:107A600070BD236813B1697A284698471834F5E742
:107A7000C042002014A202002CA2020010B504464D
:107A8000FDF79CFC044901EB001120460EF095FB2C
:107A9000BDE81040FEF7FCBB2042002070B5D1E9E4
:107AA000015600220446C1E90122064811F0EFF810
:107AB0003DB1314620462B466FF06D02BDE8704067
:107AC000184770BDE013002070B5002205460E4631
:107AD000094800230021FDF793FC044658B1FDF747
:107AE0006DFC064B324603EB001329462046BDE8E9
:107AF00070400EF03DBB70BD7C1400202042002081
:107B000030B5044685B00430BFF35B8F50E8003FCA
:107B100043F4807240E800210029F7D1BFF35B8F66
:107B2000DD0547D40EF0DBFD10F4804F224D30D040
:107B300095F8D930D90710D5022300211A460091B3
:107B400020460EF04DFC034620B11C4A1C48012182
:107B50000EF0CBFDA37A072B2CD195F8D8309B06DD
:107B600028D50EF09CFB28B30DF10E0103A8FEF7FB
:107B70008FFDF8B9BDF80E20BDF80C1020460EF0B0
:107B800011FC0346B0B10F4A0D4801210EF0ADFDC6
:107B900010E095F8D8301A07CAD520460EF0E8FB59
:107BA000034620B1084A064801210EF09EFDA37A43
:107BB000072BBDD005B030BD88070020DCCC02000B
:107BC0006CA20200F3CC0200BBCC020070B50546EB
:107BD0000F480022002308F053FCB8B90D4B1C6875
:107BE00034B154F80C3C143C03B198476469F7E78E
:107BF000094C0A4EB44204D32846BDE8704008F050
:107C0000FBBDA36803B198471834F3E770BD00BF0C
:107C1000C8130020C042002014A202002CA20200BF
:107C20002DE9F843DFF85480044640270025EFF3A0
:107C3000118387F31288BFF36F8FE16929B983F34A
:107C40001188BFF36F8FBDE8F883206A0A68E2618C
:107C5000814208BF226283F31188BFF36F8FD1E99D
:107C600001694046C1E9015511F011F81EB1002229
:107C700049462046B047FEF70BFBD8E7E01300204B
:107C80000448B0F80431002B00F5847008BF0020D0
:107C9000704700BF8807002030B504468BB00D4602
:107CA00009F0C8F90A4B834205D120460BB0BDE864
:107CB0003040FFF7B5BF24342146184611F0A0F834
:107CC0001DB16946204611F0ABF80BB030BD00BFC6
:107CD000803D002038B5002204468A4202D10024AB
:107CE000204638BD04F1C8030120BFF35B8F53E881
:107CF000005F002D04D143E8000CBCF1000FF6D169
:107D0000BFF35B8F02D0D0340244E6E7002CE6D00C
:107D1000C8220021204611F08EFB04F140000449E6
:107D200011F0A0F8034904F1240011F04DF8D7E751
:107D30008587010029670200F7B50D460121164627
:107D40000446FFF7A9FF002128460EF0AAFA012EEB
:107D50001BD0022E45D123693BB13648364A01215A
:107D60000DF082FD20460EF0E2FC28460EF021F9CF
:107D700020612269138A012B3AD820880EF093FAE9
:107D8000012128460EF08DFA0CE0206940B92B4AFB
:107D9000284831460DF068FD20460EF0C8FC01E091
:107DA0002F8A2FB9284603B0BDE8F040FDF7B8BBD5
:107DB0000C300EF06AF987420CD9214A1D48314631
:107DC0000DF052FD21690022204600F01BFF002328
:107DD0002361E7E720692A8AE9680C300EF020F970
:107DE000C7E7184A1348334601210EF07EFCD3E75B
:107DF000D26816880436B6B2B342BED32846FDF721
:107E00008FFB21690B8A9E420BD20F4A09480096CC
:107E100001210DF03CFD204603B0BDE8F0400EF01E
:107E200086BC002301222046236103B0BDE8F04058
:107E300000F0E8BE6CA202000FCD02002CCD0200C3
:107E40004ACD020071CD02008FCD020038B501226B
:107E5000044600F1BC03BFF35B8F53E8005F43E8C7
:107E600000210029F9D1BFF35B8F5DB90EF068FCEA
:107E7000084BC4F8B850D3F8281104F1B80229B956
:107E8000C3E94922BDE83840FEF702BA0A60C3F8E8
:107E90002821F7E78807002070B52E4DD5F824413A
:107EA00014B90026304670BD2B4B5A8B22B1B5F861
:107EB00004312BB99B68FFDE1B68002BF1D0F6E77D
:107EC000D5F81031002BECD0244B1B68002BE8D0E8
:107ED00054F8143C002BE4D054F8103C002BE0D0B4
:107EE00054F80C3C002BDCD014F8AE2C072AA4F17B
:107EF000B8060DD13046984750B104F108000EF095
:107F0000EEFB022804DC3046BDE870400EF018BCE1
:107F1000D5F8243143B1D5F828111A68C5F82421C1
:107F20008B4208BFC5F82821231D0022BFF35B8FB9
:107F300053E8001F43E800200028F9D1BFF35B8F0E
:107F4000304654F80C3C98470028ABD03046FFF739
:107F50007DFFA7E7880700207C140020E0130020A5
:107F600037B5C83010F8C65C10F8C54CBFF35B8F4E
:107F700050E8003F5A1E40E800210029F8D1BFF325
:107F80005B8F01A801930EF0AAFB01280BD10748D3
:107F900008F050FA064808F02FFC012D03D1012CFF
:107FA00001D1FFF7D7FC03B030BD00BFC8130020DC
:107FB0008C0D0020F8B5867A8E4200AF04460D463F
:107FC0001AD1082E96BF614B614B53F826306C4690
:107FD00088B06A465F49C2E905134FF40073938382
:107FE0005D4B42F8103F5D4800234FF4E451FBF72E
:107FF0009DFDA546BD46F8BD817226B98378082B44
:1080000001D00EF09DFBA37A082B00F29C8001A208
:1080100052F823F06F800100ED800100F57F010030
:10802000F57F0100F57F0100F57F0100F57F01007C
:1080300039800100F57F0100A378042BDAD048488D
:10804000002109F0B7FA0023C4E90D33E378012BCE
:10805000D0D1A378012B04BF032384F894304FF4CC
:108060002032002304F1400008F034FCC2E7A3787A
:10807000042B03D12046FFF773FFBBE7082EB9D8C6
:1080800001A353F826F000BFDF800100AD8001009E
:10809000D1800100758001007580010075800100AC
:1080A000D1800100DF800100DF80010004F1400584
:1080B000284610F0E3FE01212046FFF7EDFD2046A3
:1080C0000EF035FB00220023284608F037FC91E72C
:1080D000637A002BCED02046FFF7B0FCCAE7214AD6
:1080E0002B461E4802210EF000FB83E7637A3E2BED
:1080F0000FD16D4688B06A461B4BC2E90534032395
:1081000042F8103F154800234FF4C451FBF70EFD11
:10811000AD46164D05F58476616911B9FEF7B8F8DC
:1081200068E7A2690B686361914208BFA3612046BA
:10813000FFF7B4FCB5F80431002B14BF3046002023
:1081400008F078F9E8E70A4A2B46CAE728AA0200AD
:10815000AACD0200B4CD0200030000016CA202000F
:108160009C0D0020C5CD0200DCCD02008807002058
:1081700003CE020070B5024605460E460A480121AC
:108180000EF0F9FA044610B90024204670BD837839
:108190001E42FAD1054A06482B4602210EF0A5FAE6
:1081A0002046FFF7DDFEEFE7383200201FCE020049
:1081B0006CA20200F8B5074609480D4616460EF0B7
:1081C000BFFA044650B183781F4203D1BDE8F8409E
:1081D000FFF7C6BE3146A8472046F7E7F8BD00BF07
:1081E00038320020024900220120FFF7E3BF00BF20
:1081F0001D670200034BC01A034B00115843C0B265
:10820000704700BF38320020C54EECC42DE9F04164
:108210001C46144305460E461746984614D10027BF
:10822000B8460F493A464346002D14BF2846084633
:108230000DF090FE044668B90A4A0B4802210DF081
:1082400013FB2046BDE8F08108F0F4FE074B8342A3
:10825000E7D1E4E7711D0C300DF0D1FEF1E700BF6E
:10826000F813002036CE02006CA20200803D0020F0
:1082700010B50446054808F0BFFA204600F062FB3E
:108280002046BDE81040FFF7D9BB00BF7C0D0020A1
:108290002DE9F04F87B000AF0025FD607D61FFF74D
:1082A000FBFD0446F8B1837A072B26D06E4688B0D2
:1082B0006A46814BC2E90530032342F8103F7F48EC
:1082C0002B464FF4C451FBF731FCB5464FF0FF315C
:1082D000D4F8A43007F1100220469847014630B97F
:1082E0002046FFF73DFE1C37BD46BDE8F08F7B6999
:1082F000FA6820460EF0FBF9E8E7DFF8D481D0F801
:10830000A430B8F8041107F1100298470646002877
:10831000E6D0B8F804213B699A4208D30146D4F864
:10832000A85007F1140307F10C022046A8477B6907
:108330007B60338AD7E903BA002B00F0BA8030465D
:108340000DF062FF8146E8B16FF004036D4688B01E
:108350006A465B49D461C2E90513042342F8103F21
:10836000564800234FF40151FBF7E0FB314620460D
:108370007B69FA68AD460EF0BAF9132120460EF07B
:108380001CFAADE7B8F804314E48002B08BF0020B6
:108390000022002308F074F810B16FF00B03D5E74A
:1083A00049480022002308F013F805460028F4D0BD
:1083B0007B68C0F804B08360B8F804B1338ADA454A
:1083C00098BF1FFA8AFB5B4545D930460DF0F1FD99
:1083D0005946FFF779FBB8F8042194F8C430924568
:1083E00094BF02334FF0010984F8C490834698BFCC
:1083F000DBB204F1C00ABFF35B8F5AE8002F0132F1
:108400004AE800210029F8D1BFF35B8F00222A60DF
:10841000A2691ABBC4E90555A278012A21D1042119
:108420000BF10C007B600DF00CFE7B68228803F0E2
:10843000FD0342EA03330380BBF81030043B438062
:1084400002238BF818305846FDF7F0FD814650B9ED
:10845000FDF71EFF44E759463046BAE71560A561AF
:10846000DAE76FF01509BFF35B8F5AE8003F013B75
:108470004AE80032002AF8D1BFF35B8F294604F1A5
:1084800014000EF001F94B46104A0C4801210EF081
:108490002CF95846FDF744F820462946FFF7FEFA26
:1084A000B8F804310748002B08BF002007F0C2FFCE
:1084B0004AE76FF0790349E75FCE02006CA2020041
:1084C00076CE020090080020E0130020F4C60200DF
:1084D00088070020F8B5031D044618460EF0FFF883
:1084E000020519D5B4F88620B4F88810914213D843
:1084F000B4F88A1091420FD3D4E9231291420BD1E0
:10850000BFF35B8F53E8001F21F4006143E80012C2
:10851000002AF7D1BFF35B8F104B1D686DB155F882
:10852000046C143D3EB1B4F88E30B4F88C20B4F82D
:1085300086102046B0476D69F0E7094D094FBD42EE
:1085400000D3F8BD2E693EB1B4F88E30B4F88C205B
:10855000B4F886102046B0471835F0E7C042002036
:1085600014A202002CA202002DE9F04107460846A1
:108570000D460DF099FE064618B900263046BDE8B6
:10858000F081144B1C6884B154F8083C143C0BB9BE
:108590006469F8E72946384698470028EDD0284610
:1085A0000DF082FE0028F3D1E7E70B4CDFF82C80BA
:1085B0004445E3D2E3680BB91834F9E72946384655
:1085C00098470028D9D028460DF06EFE0028F3D138
:1085D000D3E700BFC042002014A202002CA2020078
:1085E00038B505460C460E480121FFF773FBB0B1C4
:1085F000057223680367A388A0F87430A37980F814
:10860000763001238370074BC0F8A430064BC0F8C6
:10861000A830064BC0F8AC30054BC0F8883038BDE8
:1086200038320020498A0100CB660200BF66020092
:108630001800280070B505460A480E460EF080F86E
:10864000044620B18378012B04D0FFF789FC002475
:10865000204670BD324629460EF0CFF80028F7D1EB
:108660002046F2E738320020B0B500AF0D46FFF7E4
:10867000E1FF044608B32846FCF7B2FFA37A082BB3
:1086800096BF0F4A0F4B52F823306D468AB06A46A8
:108690000D49C2E907030D4B53620D4BC2E90514A6
:1086A00042F8103F0B4800234FF44251FBF73EFACB
:1086B0002046AD46FFF754FC0120BD46B0BD00BFCB
:1086C00028AA0200AACD020099CE020001030204EA
:1086D000050000026CA20200F8B505460E480E46E1
:1086E00017460EF02DF8044620B18378012B03D0F5
:1086F000FFF736FC00240DE036B1324629460EF075
:108700007CF808B92046F3E7A37ABB42FAD1237A72
:10871000AB42F7D12046F8BD3832002038B50446C8
:1087200008460D460DF0C0FD38B3154B93F8D83010
:10873000990707D4E37873B129462046BDE838404D
:1087400000F08CBA94F895309A07F3D5201D0DF0FF
:10875000C6FFC304EED4294620460EF070F858B97F
:108760002B88A4F888306B88A4F88A30AB88A4F8EA
:108770009030EB88A4F8923038BD6FF01500FBE71D
:1087800088070020F7B510F8363C0446A0F14006F3
:108790000BBB30460EF021F93A4B1D684DB155F830
:1087A000103C143D1BB114F8371C304698476D69D6
:1087B000F4E7354D354FBD4205D3304603B0BDE833
:1087C000F040FFF7CDBB6B681BB114F8371C304687
:1087D00098471835EFE710F83E3C012B31D1BFF335
:1087E0005B8FA0F13C0555E8003F23F4006245E8AB
:1087F00000210029F7D1BFF35B8F190529D5A36CA0
:1088000000936946236D01933046FFF787FF0346C7
:10881000C8B9BFF35B8F55E8003F23F4806345E898
:108820000032002AF7D1BFF35B8FBFF35B8F55E8AF
:10883000003F43F4007345E80032002AF7D1BFF34C
:108840005B8F03B0F0BD124A124802210DF04DFFBC
:10885000EBE7114A4FF4281369463046CDE900236F
:10886000FFF75CFF034650B9BFF35B8F55E8003F4D
:1088700043F4806345E80032002AD4D0F6E7074A83
:10888000E2E700BFC042002014A202002CA20200B6
:10889000D2CE02006CA2020018002800F7CE02001F
:1088A00070B50C480C4D0B4E10F0E5F9002429462C
:1088B0003046013410F0EBF90C2C05F10C05F6D123
:1088C0000EF064FC0FF02BF8044608B90EF0D2F855
:1088D000204670BDE01300203042002008B503465A
:1088E000034A044801210CF0C8FF002008BD00BF66
:1088F000AACF020094A2020080B500AF88B06A46F9
:10890000074BC2E90530032342F8103F0548002316
:108910004FF4C251FBF70AF96FF00B00BD4680BD62
:10892000D2CF020094A20200044B1A680AB1FFF7EA
:10893000E3BF034858600B6010467047C8420020F0
:108940006CAA0200F7B5274D274F04460026BD420A
:1089500001D303B0F0BD6B6801A9204698470028F9
:108960003BDB019B2A889A829A8403F11002A86853
:10897000BFF35B8F52E8001F42E8006CBCF1000FB0
:10898000F8D1BFF35B8FC3E913669E649E60A16B51
:1089900003F1080219BBC4E90D221C60D86003F181
:1089A000300010F068F9019843681B6803B19847DC
:1089B000019BBFF35B8F103353E8001F41F00101AF
:1089C00043E80012002AF7D1BFF35B8F0198436898
:1089D000DB6913B100F1100198470C35B7E70A6065
:1089E000A263DAE7F0A1020014A2020073B5054603
:1089F00018462B680BB39B7A072B1ED1002A0E7AE0
:108A000014BF022301239E4209DD0D4A0D48009642
:108A100001210CF03CFF6FF0150002B070BDCB7A65
:108A2000072BF8D9C8618A6105F1300010F02FF9E1
:108A300028460DF049FF0020EFE76FF07F00ECE7DC
:108A4000F9CF020094A202002DE9F047D0F8B0401F
:108A500000AF0E4691464CB1483C236B6BB104F11C
:108A6000300A504610F028F9054658B9FDF710FCB9
:108A700000252846BD46BDE8F08720460DF045FF9D
:108A8000A46CE8E70DF0C0FB80B16C4688B06A4684
:108A9000294BC2E90535032342F8103F274800233C
:108AA0004FF4C251FBF742F8A546E1E7236DB3B995
:108AB000A38CB5F81080403B9BB23F2B03D8238D8D
:108AC000984528BF9846042105F10C000DF0B9FA2D
:108AD000A0F80080A38C438008F104032365236D74
:108AE0002A8AB3420ED8934215D0A38C403B9BB246
:108AF0003F2B1ED920460DF008FF236B13B12046F3
:108B00000DF0E2FE236DC9F800309E4234BF9E1B7B
:108B100000262665ADE700220023504607F058FCEA
:108B2000A38CA3F140023F2AE4D8054AAA61EB6175
:108B3000E0E700221346F9E719D0020094A20200F0
:108B4000256A020073B50D460646042105F10C00A6
:108B50000DF087FA2B8A42889A42044607D01B48B8
:108B6000009201211A4A0CF092FE02B070BD4378C7
:108B70003BB9184A1548012102B0BDE870400CF01D
:108B800073BE0378012BF0D0132B03D1012AECD84C
:108B9000114AEFE7114A0D4802210CF06EFE617890
:108BA0003568022201200DF073FE04460028DCD057
:108BB00002210C300DF02EFA002303704370214681
:108BC000284602B0BDE870400DF039BF94A2020003
:108BD00031D0020052D0020073D002008FD00200C8
:108BE00008B50B8A032B06D8044A054801210CF06E
:108BF0003BFE002008BDFFF7A5FFFAE7B7D0020053
:108C000094A2020038B50B8A032B05460C4609D8FE
:108C10000F4A104801210CF027FE2046BDE83840DD
:108C2000FCF77EBC042104F10C000DF01AFA418817
:108C300028460DF015FF30B9074A06480B460221B9
:108C40000CF01BFEE9E7436821465B699847E4E7BF
:108C5000D5D0020094A20200F2D0020070B5124BEF
:108C60000C4619780131C9B2012938BF01210546E6
:108C70000822122019700DF00BFE064688B108215B
:108C80000C300DF0C7F92288028062884280A288E9
:108C90008280E288C28031462846BDE870400DF0EF
:108CA000CEBE6FF00B0070BDD477002023281FD8F4
:108CB0001A2804D8431E182B0ED906207047A0F19D
:108CC0001B03082B1ED8DFE803F0051D1B231D190D
:108CD000251D0500032070470F4A012383401A40D9
:108CE000C2B90E4A1A40002A14BF0120062070475C
:108CF00000F07F03522B05D1002070470120704700
:108D00000520704710F0400F0CBF06200020704770
:108D10000420704702207047AAAA8A0254554501D0
:108D2000011F01480FF0F5BE5C12002010B500F1E4
:108D300054030446BFF35B8F53E8001F41F0010169
:108D400043E80012002AF7D1BFF35B8F201F0DF01C
:108D500050FF04F17400044910F084F82068BDE865
:108D6000104001F0F1BE00BFFD9C01002DE9FF4164
:108D700005460E464FF000084FF420530068176870
:108D80008DF8088002A91446ADF80A300DF085F977
:108D9000A0B142F6010328688DF80C8003A9ADF854
:108DA0000E300DF07AF948B123691BB15A88B242EE
:108DB00000D25E80012004B0BDE8F08161682868BF
:108DC0000DF06BF910B100232361F3E7E368A068AD
:108DD0001A786AB1B7F81AC0798D038A8C4594BFA6
:108DE000C3EB0C03C3EB0103934201DA0020E2E77B
:108DF00004210C300DF00EF92061068023695E809D
:108E0000074B00930194A2680023294638460DF0D1
:108E100033FF0028EADB2069003818BF0120CAE7C9
:108E2000596C02002DE9F04182B000AF044688463B
:108E30003D4800220023394607F038F90546B0B115
:108E40006D4688B06A46394BC2E90534032342F8BF
:108E5000103F374800234FF4C251FAF767FEAD4682
:108E60006FF00B0630460837BD46BDE8F08108F0CC
:108E7000E1F83E682F4B282218602946301D10F07B
:108E8000DAFA34603C682C487D60C4E90155C4E9D5
:108E9000095500220023391D07F008F9064688B15C
:108EA00023686C4688B06A462449C2E90513032347
:108EB00042F8103F1E482B464FF4C451FAF736FED5
:108EC000A546CDE77B680146B022184610F0B3FAFC
:108ED0001B4A826060300FF0CEFE7B68BFF35B8F71
:108EE000583353E8002F43E800610029F9D1BFF35C
:108EF0005B8F7B681C60636A7D681BB904F10C00A2
:108F00000FF0B9FE626AC5F8A820A26A05F1A803AD
:108F1000636202B9A3627B6817225A855A830433BD
:108F2000C8F800309EE700BF401200202ED102009A
:108F30005CA202000C4400205C12002053D102000D
:108F4000AC0D00202DE9F7431768054688460068F8
:108F500051687E6814460DF0A0F88146002842D181
:108F60003046952229460EF0D2FB0646207540B1C8
:108F7000E3681B780BB184F81490002003B0BDE8BF
:108F8000F083A0680DF019F802210C300DF042F8C2
:108F9000164B2061A0F8008000930194A26833462C
:108FA000294638460DF068FE002807DA10F1FF0F59
:108FB00026BF4042C0B20E202075DEE72369002B99
:108FC000DBD0A0680DF061FD7B8B7A8D9A4294BF57
:108FD000C0EB0200C0EB0300E3681B78984294BF2B
:108FE00000200120CAE70120C8E700BF9B6A0200F9
:108FF00073B50D46438D418B8B4202F1010228BFB0
:109000000B469A42064609D9194800920221194A8C
:109010000CF03DFC0024204602B070BD2846FFF74E
:1090200045FE022812D0042810D04FF0FF324FF036
:10903000FF33114800210DF0E8FC044650B90F4AF7
:109040000B482B4601210CF018FCE3E74FF470228B
:109050000023EEE7FCF7B2F9094B182202FB0033BC
:10906000012104F10C009E600CF0D4FF0570D2E7E2
:109070005CA2020078D1020024140020AACF0200D2
:109080001C4300202DE9F04F91B0166880460F4632
:10909000002542F601030068D6F804908DF82C50A4
:1090A0000BA91446ADF82E300CF0F7FF002870D055
:1090B0004FF42053D8F800008DF82C500BA9ADF8D0
:1090C0002E300CF0EAFF38B1A3681BB15A88BA42BF
:1090D00000D25F8001200EE0616808460DF0D5FCEB
:1090E000728B738D9A4294BFC0EB0200C0EB0300F9
:1090F000032803D8002011B0BDE8F08F08460CF01B
:109100005CFF054660680DF0C0FC728B738D05F145
:109110000C0B9A4294BFC0EB020AC0EB030A5846FC
:109120000CF0B3FF824537D260680DF0AEFC728B55
:10913000738D9A4294BFC0EB0200C0EB030070B97C
:109140006368987AFCF732F9002200230CF002FFE2
:1091500005460028CED0014660680CF03FFF002392
:109160000093D8F80460102302AA41464846B0474D
:10917000061E0EDB227CE068B2422BD001460BA813
:109180000CF0B9FF60B9237C144A154802210CF099
:1091900074FB0023A3609DE758460CF076FFCEE7F2
:1091A000F2B202A906A80CF0A6FF10B90D4A334688
:1091B000EBE706A90BA80CF070FF0028E9D100230B
:1091C0006374042105F10C000CF024FFA0600780FB
:1091D000A3687EE702A910F010F9EEE79DD1020026
:1091E0005CA20200BCD102002DE9F84F07460846F8
:1091F0000C46FCF7E3F8DFF8CC80E1681823434322
:1092000008EB03020646D2F808A0BFF35B8FB86DE7
:10921000BFF35B8FC00709D4264A274801210DF010
:109220004EFC6FF015052846BDE8F88FE068007821
:109230001071002248F803200B78D22B0FD13B6825
:10924000214618680EF068FB054640B11B4A1A48D3
:1092500001210DF034FC2046FCF762F9E3E704F14C
:109260000C000CF00EFF182303FB0683B4F810B0BB
:109270009F60002381461A462146381DFFF7B6FB42
:1092800005460028CFD010F1690F04D10C4A0A48D6
:1092900001210DF014FC6369A4F810B013FA89F3EE
:1092A000E36018235E4308EB060348F80650C3F852
:1092B00008A0B8E7DBD102005CA20200F5D10200F1
:1092C00008D202001C4300202DE9F14F0546FCF7AF
:1092D00075F83D49182202FB00F3C81851F80380C5
:1092E0000779B0F80690D0F810A00021D0E9024626
:1092F00010F0A1F8A87AFCF759F86969834651B1D2
:109300006B7AD80705D4DBF824301B6828469B68A5
:10931000984700236B61294658460FF0C3FC002F85
:1093200045D0002C43D02368002B40D01B68002B75
:109330003DD0B8F1000F08D0244A2548434601210A
:1093400001B0BDE8F04F0CF098BA201D0DF05AFEA8
:109350003846FFF7ABFC052829D8DFE800F01E03EC
:10936000281E2803BFF35B8FA36DBFF35B8FDA0763
:1093700007D4184A1648012101B0BDE8F04F0DF09E
:109380009EBBE36D9BB14FF47022002304F1780083
:1093900001B0BDE8F04F07F0D1BA23681D68BFF3F4
:1093A0005B8FA36DBFF35B8FDB07E2D556B901B0CE
:1093B000BDE8F08F51462846B0470134A3B2994525
:1093C000F8D8F4E70024F9E71C4300202BD2020070
:1093D0005CA20200DBD10200F7B50B8A07680446E5
:1093E0000D463BB9294A2A4801210DF068FB0020AF
:1093F00003B0F0BD012105F10C000CF032FEBB7A88
:10940000072B0646F3D154F8043C002BEFD0037829
:109410002048043C002210F832709F4200EBC20149
:109420000FD12A8A48788F78904222D91848009321
:1094300001211346184A0CF02AFA012FD7D1042330
:1094400020E001320E2AE6D11148144A02210CF024
:1094500014FA31780846FFF729FC0028C7D0052800
:10946000C5D00029C3D00623002220460DF00EFEF1
:10947000BDE74B68204629469847012F0346B6D1E1
:109480000028B4D031780029B1D0EDE74AD20200EB
:109490005CA2020094AA02007FD2020065D2020000
:1094A000F0B51E4603680D46003987B0044618BF64
:1094B0000121186817460EF0D3F940B904F158009D
:1094C0000DF09CFC002844D0002007B0F0BD002E19
:1094D00041D01822002168460FF0ADFF47BB23683A
:1094E0001E4A1B6800930023ADF812300C9B0393B7
:1094F000BDF83430ADF8103001238DF8143031460A
:109500006B4630468DF808500DF00CFB9DF814307A
:10951000C3B1002FD8D00198FCF702F89DF81430A1
:10952000002DD1D03246294620460DF0AFFDCBE7C5
:10953000002239462046FFF75BFD01900028CED17E
:109540001120C2E701990029BED020460DF090FD00
:10955000BAE71220B9E70120B7E700BFC36A0200EB
:1095600008B5837A072B06D00C4A02210C480DF06F
:10957000A6FA002008BD04210DF072FA10B9094ABC
:109580000121F3E7BFF35B8F436DBFF35B8FDB0715
:1095900001D4054AF4E750F8040CEBE79ED2020030
:1095A0005CA20200ACD20200DBD10200F8B50F468B
:1095B0001646FFF7D5FFB0B1446A20461CB150F8FB
:1095C000A84904B1A83C731C194638B1428D458B9B
:1095D000AA4228BF2A469A4207D264B90A4A0B48CF
:1095E00002210CF04AF90020F8BD32463946BDE8A8
:1095F000F840FFF7FDBCD4F8A85005B1A83D2046BF
:109600000B462C46E2E700BFC7D202005CA2020074
:10961000F8B54FF470220746002311480D460CF0B0
:1096200099FC044638B90F4A0F482B4601210CF02B
:1096300024F92046F8BD00F10C06092130460CF053
:10964000DEFC2046FBF7BAFE084B182202FB003373
:10965000012130469F600CF0DDFC0570E9E700BF9A
:1096600024140020AACF02005CA202001C430020A8
:109670002DE9F0410E8A043EF6B2022E04468CB06B
:10968000084601D0102E64D104210C300CF0E9FC06
:109690000DF1080805884788011D324640460CF048
:1096A0002AFD002857D09DB3002687B3BD422FD88E
:1096B0004FF4205301A940468DF80460ADF8063000
:1096C0000CF0EBFC40BB1422002107A80FF0B3FE06
:1096D00011212046FFF79CFF0990002837D0012177
:1096E0000C30CDE907480CF095FC00230A901B4A8A
:1096F000037039460B93284607AB0DF013FA0A9B0B
:109700001B78FBB90998FBF70BFF0A2301E03D46E4
:1097100001232A4610210EE042F6010307A9404624
:109720008DF81C60ADF81E300CF0B7FC0028CAD0D4
:1097300010232A46194620460DF0A8FC00200CB044
:10974000BDE8F081099920460DF092FCF6E7112062
:10975000F5E70420F3E70E20F1E700BF6D8D01006F
:109760002DE9F043036885B004460D4618680121D1
:109770000EF076F840B904F158000DF03FFBB0BB95
:10978000122005B0BDE8F0831022002168460FF0DA
:1097900052FE21212046FFF73BFF029048B3DFF83D
:1097A0005890009405F10C074FF001082B8A012B0B
:1097B00004D8029920460DF05BFC18E038460CF006
:1097C00058FC6B464A46014606468DF80C800DF063
:1097D000A9F99DF80C30002BE8D00298FBF7A0FE09
:1097E0009DF80C303246202120460DF04FFC002021
:1097F000C7E71120C5E700BF616E02002DE9F04305
:10980000036885B004460D46186801210EF028F85B
:1098100040B904F158000DF0F1FAB0BB122005B0C8
:10982000BDE8F0831022002168460FF004FE0F21EE
:109830002046FFF7EDFE029048B3DFF85890009401
:1098400005F10C074FF001082B8A012B04D802996F
:1098500020460DF00DFC18E038460CF00AFC6B4673
:109860004A46014606468DF80C800DF05BF99DF8DE
:109870000C30002BE8D00298FBF752FE9DF80C301C
:1098800032460E2120460DF001FC0020C7E71120D2
:10989000C5E700BF1B6E0200F0B51D46036885B02A
:1098A00004460E461868012117460DF0D9FF38B955
:1098B00004F158000DF0A2FA48BB122005B0F0BD2B
:1098C00065B31022002168460FF0B5FD39462046E9
:1098D000FFF79EFE029018B3BDF82830ADF80430B3
:1098E00001238DF80C300F4A00946B462946284618
:1098F0000DF018F99DF80C305BB10298FBF710FEE3
:109900009DF80C302A46314620460DF0BFFB002062
:10991000D4E7029920460DF0ABFBF8E70120CDE734
:109920001120CBE71B6E02002DE9F0410D8A043DAA
:10993000EDB2022D04468CB0084601D0102D68D13E
:1099400004210C300CF08DFB0DF1040806884788CB
:10995000011D2A4640460CF0CEFB00285BD0BEB36A
:10996000AFB3BE4234D800238DF8183006A942F6B2
:109970002A334046ADF81A300CF08FFB80BB18221A
:1099800000210DEB02000FF056FD09212046FFF7E4
:109990003FFE089000283AD001210C30CDE906485E
:1099A0000CF038FB0023099003700A238DF82C304B
:1099B0001A4A06AB394630460DF0B4F89DF82C3003
:1099C00003B30898FBF7ACFD9DF82C3001E03E4650
:1099D00001233246082120460DF058FB00200EE0FE
:1099E0002368012118680DF03BFF0028C7D104F15E
:1099F00058000DF003FA002814BF002012200CB00C
:109A0000BDE8F081089920460DF032FBE6E7112011
:109A1000F5E70420F3E70E20F1E700BF458F0100D2
:109A20002DE9F0430F4687B00446062107F10C00EC
:109A30000CF017FB0588B0F802808288D7F80C90EC
:109A4000C5B10023B8F1000F13D0454512D88DF8E9
:109A500000308DF8043001A94FF420536846ADF86A
:109A60000220ADF806300CF018FB064660B10A2360
:109A700001E0454601232A46062120460DF006FB5B
:109A8000002007B0BDE8F0830146142201A83F7C06
:109A90000FF0D1FC07212046FFF7BAFD0290D8B1A4
:109AA0000A238DF815300D4A019401AB4146284632
:109AB000CDE903698DF814700DF034F89DF8153078
:109AC0002BB10298FBF72CFD9DF81530D3E70299D6
:109AD00020460DF0CDFAD3E71120D2E785900100A2
:109AE0007FB5CB681D885E88044685B176B1B542E6
:109AF0000DD81022002168460FF09DFC052120465C
:109B0000FFF786FD019058B9112007E03546012383
:109B10002A46042120460DF0B9FA002004B070BD99
:109B20006B46094A0094314628460CF0FBFF029B25
:109B300023B90198FBF7F4FC0A23E9E701992046D1
:109B40000DF096FAE9E700BF3B6B020037B5002342
:109B500005460C46019307F06DFA0C4B1B688342D7
:109B600004BF00252C4601A909482A46234606F0D1
:109B70009DFA014640B9019B102218460FF05BFC8C
:109B80000346184603B030BD0023FAE70C4400201A
:109B90007812002010B50446806818B1FBF7C0FCAD
:109BA0000023A36021460248BDE810400EF0B1BF7B
:109BB000781200202DE9F347044678300E46174608
:109BC0001D460FF05BF9E06D58B9174A174802219E
:109BD0000CF075FF20680DF0CDF9002002B0BDE853
:109BE000F087134B98424FF0000802D1C4F85C8014
:109BF000F0E7D0F80490C0F80480E06DD0F80CA035
:109C0000FFF7C8FF2068C4F85C800DF0B3F9B9F124
:109C1000000FE2D02068CDF800A000683B46324635
:109C20002946C847D9E700BFE2D202005CA2020081
:109C300010440020F7B550F8044C0546002C59D0CC
:109C400000F1A40104F124000DF0BDF82E1F05F170
:109C50005C0700220023384606F0BAFB024678BBB8
:109C6000AB6D2BB101466FF067033046FFF7A2FFE3
:109C7000002345F8043C05F15403BFF35B8F53E820
:109C8000001F21F0010143E80012002AF7D1BFF3C1
:109C90005B8F636A73BB04F10C060022002330461D
:109CA00006F096FB78B9666886B9134826602146A7
:109CB0000EF02FFF286803B0BDE8F04000F068BF49
:109CC000FBF72EFCC5E7FBF72BFCE6E7A268336841
:109CD0006360964208BFA36077683FB1F368009362
:109CE000002320681A466FF06701B8473046FFF737
:109CF00051FFD8E703B0F0BD401200202DE9F0413C
:109D000092B050F8783C06AF064618680CF095FD06
:109D1000037804463D1D032B47D8DFE803F00240DB
:109D20004244254928460FF00CFDA3790595627839
:109D30000492A2780392E2780292227901926279E7
:109D4000009207F110081D4A1E2140460BF021F930
:109D50006C4688B006AA1A4BC2E905384FF4007366
:109D60009383184B42F8103F00234FF4E2511648FA
:109D7000F9F7DCFEA6F17400A546FFF75BFF56F885
:109D8000740C13210CF019FD034620B10F4A0E4844
:109D900001210BF072FD3037BD46BDE8F0810C4962
:109DA000C0E70C49BEE70C49BCE70C4A0A2128462B
:109DB0000BF0EFF8B9E700BFBAB40200DCB4020060
:109DC000F9D20200030000015CA2020025D30200C8
:109DD000C1B40200C8B40200D2B4020078D20200BA
:109DE000F8B51D460F461646FBF7E8FA044C182353
:109DF00003FB0040C0E903760123C3800575F8BD6D
:109E00001C43002070B5144D064640B115F8011CE6
:109E10002A466C1E0CF0F1FC98B120460CE00F496C
:109E200028460DF057FA40B90C4905F110000DF025
:109E300051FA20B105F10F0070BD681EFCE700204B
:109E4000FAE7217C04F1110230460CF0D6FC002820
:109E5000F5D004F11000EFE7394400209DC2020064
:109E600070B50D4C2378834205460E4603D1601C25
:109E70000DF030FA60B9237BAB420BD10748314675
:109E80000DF028FA18B101200C2303FB004070BD2F
:109E90000020F9E70020FAE7FA46002007470020F3
:109EA00038B54A1C0C46054668B90E4910460DF0F7
:109EB00011FA30B90B4904F10B000DF00BFA70B137
:109EC0000A3420460CE009780CF097FC0028F8D101
:109ED000A17A04F10B0228460CF08FFCEFE700207A
:109EE00038BD00BF9DC202002DE9F04180460F46FB
:109EF00016461D46FFF7B4FF044680B90F49FFF729
:109F0000AFFF044630B9BDE8F0410D4A0D480121CC
:109F10000DF0DEB900F8018B39460DF0FEF922890B
:109F200063891AB92BB92681658104E0964238BF4E
:109F300026819D42F8D8BDE8F08100BF9DC2020095
:109F40004AD302007CA202002DE9F8431E46BDF868
:109F50002030D1F80C8081460F46002B45D1731E6E
:109F6000012B45D8012E4146157818BF1588FFF7FB
:109F700097FF0446C0B915B93046BDE8F88341469D
:109F8000FFF78EFF044638B91B481C4A02210DF02A
:109F90009FF96FF01000F0E709F1700101300DF04A
:109FA000BCF999F808302370D8F81C308BB925819A
:109FB000B8F81430AB4203D0414638460DF05FF993
:109FC000002DD9D10E49601C0DF0A7F9257025810F
:109FD000D2E72A463946484698470028CDDB013863
:109FE0000128E4D96FF00D00C7E76FF00600C4E761
:109FF0006FF00C00C1E700BF7CA2020069D3020031
:10A000009DC2020008B5044A044801210DF060F920
:10A010006FF0040008BD00BF83D302007CA20200E1
:10A0200010B50A4801210DF063F938B90849094A09
:10A030000B88094CA24202D300B10B8010BD5068BE
:10A0400003449BB208320120F4E700BF58440020CB
:10A05000124700202CA2020044A20200024608B5CA
:10A06000084901300DF059F9002313720C32BFF387
:10A070005B8F52E8001F42E800300028F9D1BFF39F
:10A080005B8F08BD9DC202002DE9F0411F46BDF85F
:10A090001830012B0646904636D83B44012B3D46EE
:10A0A00035DCFFF7AFFE044668B9FFF7ABFE0446A8
:10A0B00048B91A4A1A4802210DF00AF96FF0100542
:10A0C0002846BDE8F08197B1217A98F80020002356
:10A0D00021FA03F0C70703D522FA03F0C00719D508
:10A0E0000133032BF4D102F007021143217206F170
:10A0F0007001601C0DF011F92046337A00F80C3B1A
:10A1000000210DF0F5F8DBE76FF00605D8E76FF0FA
:10A110000C05D5E76FF01205D2E700BF96D3020019
:10A120007CA2020010B56FF0020104460F480DF04A
:10A13000FBF80E480DF0D6F8C20704D50C480022F3
:10A14000002306F0FBFB20460DF071F860B12046BD
:10A15000FFF758FE40B1037ADB0705D5BDE8104094
:10A1600000210C300DF0C4B810BD00BFC03300207A
:10A170009033002013B5BDF810100B4C1046082981
:10A180004FF42812CDE900420BD8C1F108049C42DB
:10A19000A8BF1C46224669440FF03FF9204602B092
:10A1A00010BD6FF00604F9E7180028002DE9F0470C
:10A1B000284B164682689A4207462BD1C568AB8A5F
:10A1C00043B36C1C05F115094FF00008B4F80730D3
:10A1D0009BB114F8011C224630460CF00EFBE0B98E
:10A1E00014F8010C2146FEF725FA30B1837A072BCB
:10A1F00008BF4FF00108FDF7B3FE0A344C45E5D126
:10A20000B8F1000F06D1AB69A5F8148013B141462F
:10A21000384698470120BDE8F08706F1700A307A89
:10A2200051460CF065F878B90B4B9D4202D130468F
:10A230000DF00FF9094920460DF06FF8002304F8DE
:10A24000013CA4F80730D8E7514620460DF065F8E8
:10A25000D3E700BF499F0100EC0D00209DC2020022
:10A2600008B50C4800210DF043F888B9FFF7D8FE77
:10A2700009490A480EF0F6FD002308484FF4A4727D
:10A28000FBF708FABDE80840054906480EF0EABDAC
:10A2900008BD00BF5844002015A501001833002058
:10A2A0001DA70100903300202DE9F041034648B17D
:10A2B000008A38B91249DFF84CE001244FF0140C41
:10A2C000714501D3BDE8F081D1E90076BB4204D3EA
:10A2D0000CFB0672143A93420ED93444A2B20831F0
:10A2E0001446EDE70CFB0578434507D001356219AC
:10A2F000B54292B2F6D1F2E70025F8E71046E1E761
:10A300002CA2020044A202002DE9F04F89B0994628
:10A31000BDF8483004460F4690461BB94FF6FF7310
:10A32000ADF84830314B1B88A34230D2BDF84830DD
:10A33000ADF81E302E4B1D687DBB09B0BDE8F08F17
:10A3400069685144A14220D289B208358A46294B16
:10A350009D42F5D3EAE7149B28680493139B03936B
:10A3600012ABCDE90193CDF800803B4622460BFBB2
:10A3700006000CF0E8FF0028DFD001366B680AEB1E
:10A380000601B34289B2E6D8DFE70026F6E71A4DA8
:10A390004FF0010A4FF0140BD9E7083D4FF0140AB3
:10A3A0000DF11E0BAE68BEB96B689E4219D22868CB
:10A3B000149B0AFB06002246018A0493139BCDE9F5
:10A3C0000089CDE902B33B460CF0BDFF0028B4D0B4
:10A3D0000136E9E70026E7E756F8083C1B8AA34266
:10A3E000F8D8AD68002DA8D0083DDBE71247002063
:10A3F0005C44002044A202002CA2020010B5C8B0A8
:10A4000000241AAA694604A8CDE90044CDE9024413
:10A410000BF062FC68B14FF6FF710120154A04ABE6
:10A420000DF06AF9144804A90BF0EBFC40B9134A8B
:10A4300000E0134A134801210CF04AFF48B010BD58
:10A440000D4B03F110020134197812F8010D03F8D5
:10A45000010B082C1170F6D1BFF35B8F0A4B53E848
:10A46000001F41F0080143E80012002AF7D1BFF3B2
:10A470005B8FE3E7A773020008330020D4D3020008
:10A48000C2D302007CA20200C0330020F8B51E49EE
:10A49000BDF818600446A1F1300015461F460EF0C5
:10A4A00000FD1A480CF01EFF010701D4FFF7A6FFBC
:10A4B0002046FFF7A7FCA8B1037ADA0712D500F10E
:10A4C0000C0108460CF00EFFC3070BD4BFF35B8FE3
:10A4D00051E8003F43F0020341E80032002AF7D17F
:10A4E000BFF35B8F102E0CD8C6F110040849BC4294
:10A4F000A8BF3C462246314428460EF08EFF204637
:10A50000F8BD6FF00604FAE748330020C03300209E
:10A510000833002008B505480CF0E4FE030703D417
:10A52000BDE80840FFF76ABF08BD00BFC033002088
:10A5300007B500230193FFF7B7FE411C89B2084617
:10A54000034A01AB0DF0D8F8019803B05DF804FBA5
:10A550004D7402002DE9F047894651684F8A17F083
:10A5600094078046154609D02B4A2C4802210CF04E
:10A57000AFFE4FF0FF352846BDE8F08702220DF010
:10A58000E2F838B9264A254802210CF0A1FE6FF006
:10A590001505F0E74FF470200021AE8AFFF7D6FAD8
:10A5A0000236044688B11F4B4360C56032461D2108
:10A5B0004046FEF7FBFF064650B918481A4A0221EA
:10A5C0000CF086FE2046FFF7E5FA6FF00B05D2E7A8
:10A5D00001233A46394606F10C0AFFF701FC022135
:10A5E00050460BF017FD0746504627F8029BA98AF4
:10A5F0000BF010FDAA8A296938460EF00EFFA660FE
:10A60000214640460CF0F6FD05460028B3D0204612
:10A61000FFF7C0FAAFE700BFE7D302007CA2020059
:10A62000FDD302009B72020028D4020030B504461C
:10A630008BB037480CF056FE42070D4661D514B179
:10A64000A37A072B60D168680590FFF72DFE2A6872
:10A65000ADF818003AB305A902912E4901910121E4
:10A66000002300914FF6FF710593FFF74DFE059B08
:10A670001BB96FF001000BB030BD6B60059B186813
:10A6800000238DF8103004A942F60303ADF8123010
:10A690000BF003FD70B90598C3689B799B0605D440
:10A6A0006FF01500E7E70028E8D1E2E70CF0D2FFF1
:10A6B000ADF81800BDF818003CB101230146AB7598
:10A6C0002A462046FFF746FFD5E76FF07F03079342
:10A6D0000223ADF8203042F60213ADF8123005AB7C
:10A6E000AC7502930C4B01930123009304AA2346FB
:10A6F0004FF6FF7109958DF81040FFF705FE07989A
:10A70000B9E76FF00A00B6E76FF07F00B3E700BF6C
:10A710005C080020C972020021AA010073B500F193
:10A720003005044650F8083C0193A0F120066FF074
:10A73000010128460CF0F8FD114B44F81C3C114B6C
:10A7400044F8183C01AB002044F8103C042324F8E2
:10A75000080C24F8060C24F80C3C3146FFF766FF81
:10A7600058B9BFF35B8F55E8003F43F0020345E85B
:10A770000032002AF7D1BFF35B8F02B070BD00BF7B
:10A780003CAB020025A101002DE9F047364B1568CE
:10A7900082689A4200AF044662D1D0F80C8008F17A
:10A7A000010608F11509B6F80730EBB116F8011CDF
:10A7B000324628460CF021F8B0B14FF4957221468C
:10A7C00028460CF0A4FF032812D1EA4688B06A4656
:10A7D000264BC2E9053442F8100F254800234FF4F8
:10A7E000C451F9F7A3F9D5460A364E45DBD137E017
:10A7F000414620460CF043FD1E4B984530D1287A47
:10A8000005F17001FFF72CFB044648B303890BB92F
:10A8100043892BB32846FDF7EDFC174A238922F81C
:10A82000203002EB8003618959801449144C1823AD
:10A8300003FB001300B202EB800200EB40005C60FF
:10A840001A61104C9C60042201EBC00128469A82D8
:10A85000FFF7ECFE20B10C4A054801210CF038FD51
:10A860000120BD46BDE8F087499F01004FD402009A
:10A870007CA20200EC0D0020F646002020440020BF
:10A880003CAB0200A974020063D402002DE9F84336
:10A89000884651684B8A03F094030746144643B137
:10A8A0002148224A02210CF013FD4FF0FF30BDE891
:10A8B000F88301220CF047FF38B91B481C4A0221DB
:10A8C0000CF006FD6FF01500F1E7A2891B210232A2
:10A8D0003846FEF76BFE054638B91348154A022183
:10A8E0000CF0F6FC6FF00B00E1E700F10C0902211F
:10A8F00048460BF08FFB0646484626F8028BA18996
:10A900000BF088FBA289A16830460EF086FDD4E9E1
:10A91000041228460123FFF763FA29463846BDE8AA
:10A92000F8430CF03ABC00BF7CA20200E7D302005F
:10A93000FDD3020080D4020030B504468BB0354808
:10A940000CF0D0FC42070D465DD514B1A37A072B5D
:10A950005CD168680590FFF7A7FC2A68ADF818007D
:10A960003AB305A902912C490191012100230091DC
:10A970004FF6FF710593FFF7C7FC059B1BB96FF0FE
:10A9800001000BB030BD6B60059B186800238DF88B
:10A99000103004A942F60303ADF812300BF07DFB32
:10A9A00070B90598C3689B79DB0605D46FF0150074
:10A9B000E7E70028E8D1E2E70CF04CFEADF818001C
:10A9C000BDF818002CB101462A462046FFF75EFF6D
:10A9D000D7E742F60212ADF8122005AA6FF07F0306
:10A9E00002920E4A07930123CDE90032ADF82030E0
:10A9F00004AA23464FF6FF7109958DF81040FFF722
:10AA000083FC0798BDE76FF00A00BAE76FF07F009C
:10AA1000B7E700BF5C080020C972020021AA01004C
:10AA20002DE9F047424B144682689A42804636D15F
:10AA3000D0F80C903F4B994519D13F4D3F4F002620
:10AA4000394628460CF046FC78B915F8010C072267
:10AA50002946FDF741FE38BB236915F8010C1A6938
:10AA6000294653881288FFF73FFA0C35D6B109F111
:10AA7000010709F1150AB7F80720A3899A420BD1FB
:10AA800017F8010C3946FDF7D5FD054620B1837A4C
:10AA9000072B0CD0FDF764FA0A37BA45EBD1012039
:10AAA000BDE8F0870126CBE7FDF75AFADDE7D9F8D4
:10AAB000203023B14146984708B92846EAE7B8F85C
:10AAC000123013F0940605D01D4A1E4802210CF0E6
:10AAD000FFFBF2E7A389022B15D1B7F8073013F07B
:10AAE000020604D12846FDF73BFAA660D4E72269A6
:10AAF000A1882846FFF72EFD064688B92269937D76
:10AB000001339375EEE7012BECD1B7F8073013F062
:10AB10000106E7D02269A1882846FFF7B7FE06465E
:10AB20002846FDF71DFA002EA660B5DA0020B7E72B
:10AB3000499F0100EC0D0020FB4600209DC2020051
:10AB4000E7D302007CA2020007B5064A00906B46DC
:10AB500001204FF6FF718DF804000CF0CDFD03B01D
:10AB60005DF804FB89A70100F8B5084B1C68054691
:10AB70000E4617464CB154F8043C043C1BB13A460F
:10AB80003146284698476468F4E7F8BD64440020DD
:10AB900070B503460F4A04464FF6FF7101200CF0D2
:10ABA000ABFD2046FFF72EF9054688B104F170068B
:10ABB000207A31460BF09CFB20B92846BDE8704056
:10ABC000FFF74CBA3146681CBDE870400CF0A5BBDD
:10ABD00070BD00BFADA1010080B500AF88B06A466E
:10ABE000074BC2E90530032342F8103F0548002314
:10ABF0004FF4C251F8F79AFF6FF00B00BD4680BDCD
:10AC0000B8D40200B4A20200044B1A680AB1FFF7DC
:10AC1000E3BF034858600B60104670476C44002047
:10AC200040AC0200054B0122C3F8002590F88610C5
:10AC300009B1DA6070471A605A60704700700040CE
:10AC40002DE9F0410E798D7906F01F03072B1DD8F1
:10AC50000C780B2C15D8DFE804F00707070714065B
:10AC600014140E10141204244A78032A12D0042A51
:10AC70001ED0424A06E00524F6E70624F4E707243E
:10AC8000F2E73F4A3F4801210AF0EEFD6FF0150060
:10AC9000BDE8F08101204A8844F20A07BA4259D837
:10ACA00043F6FE77BA4205D8002A61D0364AE9E772
:10ACB0000020F0E7A2F57F523F3A0B2AF6D801A711
:10ACC00057F822F079AD0100ADAC0100ADAC010048
:10ACD000ADAC0100F5AC0100ADAC010051AD01001F
:10ACE000ADAC0100ADAC0100ADAC0100ADAC0100FC
:10ACF00071AD01000022254F4FF00108000397F8C5
:10AD0000A8C008FA03FE40EA042016F020065FFA05
:10AD10008EFE40EA02404FEA031214BF2CEA0E0CEA
:10AD20004CEA0E0C02F1804287F8A8C002F5E0421E
:10AD300018BF46461F44497987F8A01040EA0650DC
:10AD4000C2F818050020C2F81005C2F814559FE794
:10AD50000122D0E744F21407BA420BD044F228078C
:10AD6000BA4209D044F20F07BA429FD10322C2E788
:10AD70000222C0E70422BEE70522BCE703D5020099
:10AD8000E4D4020044A2020027D50200F808002003
:10AD9000F7B50D464FF0FF3367484FF0FF3205F02F
:10ADA0006FFB6E68731EFE2B05D9644A644801214F
:10ADB0000AF05AFD12E000236248634F1A4626FA51
:10ADC00003F111F0010134D017F803C0BCF1000FFA
:10ADD0000CD15E4A5A4801210AF04FFD6FF015046C
:10ADE000554805F027FB204603B0F0BD00EB031EDD
:10ADF0006C7CDEF81815003C18BF012421F080712E
:10AE000041EA0461CEF8181503F15101090101323C
:10AE100040F801C0D2B20133082BD0D12B7CA3F172
:10AE2000080106291ED8DFE801F01F1D211D111D94
:10AE30001B0000EB031CDCF8184524F08074CCF8F0
:10AE4000184503F1510424010151E4E702233D496F
:10AE5000012AC1F8F0356B7C0AD95BB13C4AA5E701
:10AE60000323F4E73B4AB5E70023F0E70123EEE7CD
:10AE7000082B10D8C1F8F4352B6851006BB9EB687A
:10AE80008B420ED2344A00912D4801210AF0FFFC7A
:10AE90006FF00B04A4E7314A9CE79B8903FB011187
:10AEA000EDE7284BA968C3F82C162F46C3F83026C7
:10AEB0000FCF2B4C04F174060FC63B68336000269D
:10AEC00026672B6827469BB30FCB04F1880585E8DE
:10AED0000F006567A4F8986050B3BFF35B8F57E825
:10AEE000003F47E80062002AF9D1BFF35B8F1D499C
:10AEF000D4F888501C4A4FF400400F463146E5FB19
:10AF0000007100233846F0F7A5FE0022CDE90001CC
:10AF1000002304F1080006F013FB14484FF0FF3241
:10AF20004FF0FF3305F0ACFA00B12067246F57E70C
:10AF30000B48FFF777FEF0E73809002052D50200F2
:10AF400044A20200007000409809002070D5020061
:10AF5000AFD502008AD5020004D60200E1D5020076
:10AF6000F80800203F420F0040420F005009002027
:10AF700010B50E4B0024C3F80441D3F80421C3F8E4
:10AF80001041D3F810211222C3F804230720F9F747
:10AF900083FD224601210720F9F7AEFD0448836CAA
:10AFA00013B9403005F046FA002010BD0070004093
:10AFB000F8080020F8B53C4BD3F80421002A66D0ED
:10AFC0000021C3F80411D3F80421384C01229A60FF
:10AFD000C3F80015A66F94F8A8703742254606D12D
:10AFE000636FC3B93248BDE8F84005F023BAD3F81F
:10AFF0002C16F6B213461E4208D01F4205D0B1F9F6
:10B000000020002ABCBF00220A8002315B009BB2F4
:10B010009F42F0D2E4E7D4F88C30B4F898202BB1FA
:10B0200024499847012814D0022828D0B4F8983031
:10B03000B4F894209A4222D90133A4F898301A4BDC
:10B04000D3F82C26D3F8341689B202EB4102C3F8A8
:10B050002C26D4F8883023B9BDE8F8401348FFF710
:10B06000E1BDBFF35B8F55E8003F5A1E45E8002164
:10B070000029F8D1BFF35B8F012BEDDCF8BDD4F8CC
:10B080008830002BAED00C480EF0E0F8AAE7D3F8D9
:10B0900010110029F2D0C3F81021D3F81021012299
:10B0A0009A601A605A60E9E700700040F8080020D2
:10B0B000500900206C09002000090020084B70B5E1
:10B0C000C31A0D4607499B100446594306484022BF
:10B0D0000CF049FC2B4601462046BDE8704018475D
:10B0E000D4440020B76DDBB6689F020073B50C4CEA
:10B0F0000C4A4023041B00930D460B460A49A4103A
:10B100006143064609480CF059FC011E05DA304639
:10B110002B4602B0BDE87040184702B070BD00BFBA
:10B12000D4440020257A0200B76DDBB6689F020088
:10B13000002270B5012104461046F9F7DDFC0F48E6
:10B1400003F08AF80E4B984215D10DF01CFA2669CF
:10B150000C4930460AF056FA00280BDB012535640D
:10B160002469084904F11C000AF04CFA002801DBAC
:10B17000E564002070BD6FF00400FBE7E5B201005C
:10B180000000AD0B74AC02007FB500220123CDE9B5
:10B19000022304ABCDE90433094ACDF800D06B4655
:10B1A000CDF804D00CF037FC002805DB4FF48042CA
:10B1B0000023684605F064F907B05DF804FB00BFA2
:10B1C0003F7A020010B5074C23782BB94FF4A570D5
:10B1D0000DF0EAFB01232370BDE81040002003F0CE
:10B1E0002BB800BFD577002010B5EFF311844023B2
:10B1F00083F31288BFF36F8F074A136823F00201AD
:10B20000DB07116002D401200DF0B8F984F3118836
:10B21000BFF36F8F10BD00BF2445002030B4104B2A
:10B220000C2202FB003301460020D3E90E52986342
:10B23000EFF31180402484F31288BFF36F8F1C6CEE
:10B2400004F0C00444F002041C6480F31188BFF3CE
:10B250006F8F1DB12B46034830BC184730BC704778
:10B26000D4440020689F020010B4EFF31182402301
:10B2700083F31288BFF36F8F1848016841F002040E
:10B280000460C80708D482F31188BFF36F8F0120D0
:10B290005DF8044B02F0D0BF4FF08041D1F80C04B0
:10B2A000D1F80C14C907EED5EFF3118083F312889F
:10B2B000BFF36F8F0A490B6C03F0C00343F0020326
:10B2C0000B6480F31188BFF36F8F82F31188BFF393
:10B2D0006F8F00205DF8044BFFF7A0BF24450020CE
:10B2E000D444002010B1012804D07047034B1B6CDC
:10B2F0005B0701D1FFF792BF704700BFD444002025
:10B300002DE9F0413849BFF35B8F0746012251E830
:10B31000003F41E800200028F9D1BFF35B8F33B92B
:10B32000324933484B60CB608A600AF07EF97B1E5D
:10B33000012B2BD8012F07D14FF08043D3F81C34B9
:10B3400003F00303012B21D00DF0DFFD0546F8B912
:10B35000284B1B78E3B14FF080430222C3F8082347
:10B360000646DFF894804FF08044D4F81824D4F8CF
:10B370001834D20315D503F00303012B01D0012F9C
:10B380000FD155B386F31188BFF36F8FBDE8F081FD
:10B39000EFF31186402383F31288BFF36F8F0125EB
:10B3A000DFE7ADB130460AF088FDD4F81835002B40
:10B3B000DBD1D4F80421002AD7D0C4F80431D4F862
:10B3C00004310123C4F81835C8F88031A360CCE7F4
:10B3D0000021212005F0F2FDE7E74FF08043022233
:10B3E000C3F80423D2E700BFD0440020C0440020AB
:10B3F000F0440020A879002000E100E008B50748EB
:10B400000DF0D7FA38B10648F9F73CFE0448F7F7D3
:10B41000FBFD002008BD6FF01200FBE7B89F0200A3
:10B4200025B401000A2838B5074D044604D1AB689D
:10B430000D215B6828469847AB6803485B68E1B21A
:10B440009847204638BD00BFB89F020010B5036979
:10B450004468BFF35B8F012202FA01F1103353E815
:10B4600000CF4CEA010C43E800C00028F7D1BFF33D
:10B470005B8F236943F30733002B08DB590903F083
:10B480001F039A4001F14003014941F8232010BDF8
:10B4900000E100E0EFF31182402383F31288BFF351
:10B4A0006F8F0A4BD3F8001161B10021D3F8080562
:10B4B000C3F80011D3F80031C0B282F31188BFF392
:10B4C0006F8F70476FF00A00F7E700BF00D00040B1
:10B4D000F0B5034610469C7893F803C0EFF3118251
:10B4E000402585F31288BFF36F8F1F7893F801E032
:10B4F000E41B04EA0C04A04288BFA0B23E180CEA88
:10B5000006063D461E7082F31188BFF36F8F0A183E
:10B510008A4216D177450CD1EFF31182402181F395
:10B520001288BFF36F8F1978597082F31188BFF3B7
:10B530006F8F1B79241AA34222BF064B01221A6087
:10B54000F0BD5E190135767901F8016B05EA0C054D
:10B55000DEE700BF00D00040DB432DE9F04713F0E9
:10B5600001050E46144604D02248FFF7B1FFBDE89E
:10B57000F0879AB3EFF31188402383F31288BFF367
:10B580006F8F0D20F9F7AAFA07460D20F9F792FA06
:10B5900088F31188BFF36F8FDFF85CA0DFF85C8061
:10B5A000CAF80051DAF800314FF400590123CAF803
:10B5B00000302546C8F88091DAF8003183B1FFF7F2
:10B5C00069FF031EC8F88091F6DB013DADB27355EB
:10B5D000002DF1D117B10D20F9F75EFA2046C6E72C
:10B5E000EFF31180402383F31288BFF36F8F0AF0CB
:10B5F00064FCE1E78C45002000D0004000E100E061
:10B600002DE9F041124F0D46144607F1450814B9D3
:10B610002046BDE8F0814FF0FF334FF0FF3238464F
:10B6200004F02EFF224629464046FFF751FF06460A
:10B63000384604F0FFFE3EB94FF0FF324FF0FF33C3
:10B64000044804F01DFFE6E7A41BA4B23544DEE77E
:10B650005C4500207445002038B5194C0122114684
:10B6600020460DF02DFB0122002104F118000DF001
:10B6700027FB40F20743A4F848304FF07063236380
:10B680000C2384F8343000250E4B84F84550A4F880
:10B690004650D3F8042522F00102C3F80425012105
:10B6A000C3F80051D3F80021C3F804132A461960E7
:10B6B0000D20F9F721FA0D20F9F7EEF9284638BDEB
:10B6C0005C45002000D0004010B5FFF7E3FE0028E5
:10B6D00020DB174B93F8322093F8314093F8331066
:10B6E000141B31EA0404C0B20DD193F8472093F83B
:10B6F000464093F84810141B31EA04040BD10D4B5B
:10B7000001225A600EE09C180132114084F8350085
:10B7100083F8321010BD9C180132114084F84A00A1
:10B7200083F847100448BDE8104004F083BE00BF12
:10B730005C45002000D000407445002038B54568C5
:10B740002B69B3B11035284603F08EF9044680B951
:10B750000146284603F054F9084B98420BD108499A
:10B760002246284603F034F9224605210620F9F73F
:10B77000C3F9002038BD6FF00400FBE70000AD0BFB
:10B7800085B70100430970B507D10B4B596821B14A
:10B7900001250C68094E854001B970BD8A682A40B0
:10B7A00002D04B68304698471CB1236821461C469E
:10B7B000F2E72346FAE700BFB04500207C9F020075
:10B7C0002DE9F043476840F20636D0063B7B87B050
:10B7D00002EA060654BFC2F34010032001F01F0521
:10B7E000B6F5837F144645EA43158DF8030043D030
:10B7F0000FD8062E18D007D8B6B1022E3ED06FF063
:10B80000150007B0BDE8F083B6F5807FF7D10126BB
:10B810000AE040F20222964232D0B6F5407F31D0A3
:10B82000B6F5007FEBD102260123220303FA01F1D2
:10B830002AD57B68C3F808153B695BBB05F01F027E
:10B840006D0974D1920002F1A04284F48031D2F8E3
:10B850000037C1F30041C4F3404423F4E16344EAF8
:10B86000410423F007031C4344EA800444EA06240D
:10B87000C2F800470020C4E70726D5E70426D3E72F
:10B880000526D1E70326CFE7630344BF7B68C3F8EF
:10B890000C15D1E710370DF102022946384603F0A6
:10B8A0009DF814F4403F80460CD1294638460CF0F0
:10B8B000FAFE214B9845DDD19DF80210384603F081
:10B8C000DDF8D7E701AB4FF0000903AA2946384657
:10B8D000CDE90439CDE90199CDF80C9002F052FF81
:10B8E000154B98428BD114F4003315D09DF80330DA
:10B8F0008DF80E3084F48034C4F300444B4603AA20
:10B90000294638468DF80C608DF80D4002F0EAFFAC
:10B91000094B9842CDD072E7CDE9043303AA0DF16B
:10B92000030329463846039302F02CFFF0E702F5A3
:10B93000E07253F82230FFDE0000AD0BF0B5406836
:10B94000057B01F01F0444EA4514056987B0002D0A
:10B9500060D0B2F5001F00F1100506D1214628463F
:10B960000CF0A3FE002007B0F0BD01AE0027B2F539
:10B97000800F0197776038D1B3F1007F14BF0523A2
:10B9800004238DF804300023CDE904630393836816
:10B9900023FA01F111F0010119D1B2F1A07F16D102
:10B9A00004F01F03620903F5E07339D14FF0A042A0
:10B9B00052F82330DB070AD40DF103063246214644
:10B9C000284603F00BF8184B984219D0029603AAA8
:10B9D0002146284602F0D6FE144B98421DD1012282
:10B9E0002146284603F056F8BCE7B3F1C06F05D0F6
:10B9F000B3F1007F14BF01230223C2E70323C0E792
:10BA00003146284603F040F8084B9842DED06FF0EC
:10BA10000B00A8E76FF08500A5E76FF01500A2E71F
:10BA200051F82330FFDE00BF0400AD0B0000AD0B6A
:10BA300002780B69012A08D0022A08D04AB9064ABE
:10BA40005A6303F11C0004F0F5BC044AF8E7044A09
:10BA5000F6E7044AF4E700BF0000AD0B0100AE0BAF
:10BA60000200AE0B0100AD0B2DE9F04FD0F81090A5
:10BA7000D0F8048085B005460C461746029309F1BC
:10BA8000040A4FF0FF324FF0FF33504604F0F8FC49
:10BA900009F11C0B00230022584604F0F1FC40463B
:10BAA00003F022FF7B1E00260393B74201D8002338
:10BAB00022E0039B217AB34283BF237D83F00403FA
:10BAC000C3F3800300230193029B0093D4E9002376
:10BAD000284600F08FF8034670B94FF480420023E7
:10BAE000584604F0CDFC98B1404603F00DFF2846BF
:10BAF00000F06EF86FF004034046029303F004FF79
:10BB0000504604F097FC029B184605B0BDE8F08F44
:10BB1000D9F83430034A934204F10C04EAD10136D7
:10BB2000C3E700BF0000AD0B98B50446406823464C
:10BB3000826900AF00F1080103F076FE0E4B9842D7
:10BB400017D023686C4688B06A460C49C2E90513D1
:10BB50004FF4007393830A4B42F8103F09480023C7
:10BB60004FF4E251F7F7E2FF6FF00F00A546BD4634
:10BB700098BD0020FBE700BF0000AD0BE0D602003F
:10BB800003000001F4A2020008B5CA074368006977
:10BB90000AD4C1F34202012A09D0022A0FD00A4A6C
:10BBA0000A48012109F060FE6FF0150006E01B68ED
:10BBB0004FF0CC72C3F824250160002008BD1B683B
:10BBC0004FF0CD62F6E700BF00D70200F4A20200FA
:10BBD00008B543681B68D3F80805D3F80C1503F0C3
:10BBE00089FF034B984214BF6FF00F00002008BD7F
:10BBF0000000AD0B2DE9F04186B00C4647689DF87A
:10BC000034801546002112220DF106001E460DF06B
:10BC100012FCBDF830208DF8052004F0010314F06B
:10BC200008028DF804300296049509D0124A134890
:10BC3000012109F019FE6FF0850006B0BDE8F08122
:10BC4000A10705D4B8F1000F11D1002BF3D12022A8
:10BC500001A9384603F074FE094B984209D00B3312
:10BC600098420CBF6FF00F006FF00400E5E7402230
:10BC7000EEE70020E1E700BF12D70200F4A20200C5
:10BC80000000AD0BB0B5446800AF054620680CF06D
:10BC900090FE60B1E06830B9A17F0023DAB2914232
:10BCA0001ED800201AE00CF084FE0028F4D123688E
:10BCB0006C4688B01B686A461849C2E905134FF400
:10BCC00000739383164B42F8103F164800234FF43D
:10BCD000E251F7F72BFF6FF01200A546BD46B0BD4D
:10BCE000226AD25C032A03F10103D7D96C4688B0DB
:10BCF0002B686A460C49C2E905134FF4007393831D
:10BD0000074B42F8103F074800234FF4E251F7F782
:10BD10000DFF6FF01500A546E0E700BF38D7020021
:10BD200003000001A4A3020050D702002DE9F04354
:10BD30005B4E5C4F00EB810140F2FF15814202D166
:10BD40000020BDE8F083046814F4804FC4F3C32CD2
:10BD5000C4F3080340F09080240E16F80CC0AB42E8
:10BD600008BF4FF0FF33192C00F28980DFE804F0A0
:10BD70000D13191C1F251C878787873663878787C4
:10BD8000878787878787667B7E81C2F80C355C1C36
:10BD90005ED10430D2E7C2F814355C1CF9D000241F
:10BDA0005FE0C2F80835F2E7C2F81035F5E75C1C31
:10BDB000C2F80835EDD0002404E05C1CC2F80C3554
:10BDC000E7D001245FEA531E5CD14FF001084FF029
:10BDD000A04E08FA03F9CEF80C950AE0C2F808352F
:10BDE000BCF1000FD9D15C1CD3D00024A0464FF089
:10BDF000060CD0F8009009F4004EBEF1000F1CBFF5
:10BE00004FF00008012403F01F0E5B0942D14FEAF6
:10BE10008E0E0EF1A04EC9F34129DEF800373B40EB
:10BE200043EA890343EA0C2343EA080343EA440351
:10BE3000CEF80037ADE7C2F80C35D1E7C2F860356F
:10BE4000B3F1FF3F0468A4D0C4F30044002CB8D081
:10BE50005C091BD101244FF0A04E04FA03F8CEF880
:10BE60000885A046C5E7C2F86435E9E7C2F8683539
:10BE7000E6E7C2F86C35E3E76FF0150061E76FF0B5
:10BE800085005EE70023C3F80C35FFDE0023C3F80E
:10BE90000835FAE70EF5E07E002353F82E30F4E77C
:10BEA000B0D70200F0F8FCFF2DE9F04104464768E6
:10BEB0000D460DF02AF84FF0400888B9264B1B7844
:10BEC00073B1642660680CF04CF9F0B901200CF0F5
:10BED0006CFB013EF6D10021212005F06FF8F0E760
:10BEE000EFF31186314688F31288BFF36F8F6068D5
:10BEF0000CF037F9A8B986F31188BFF36F8FEFE71D
:10BF000086F31188BFF36F8FE5E7EFF311863146B3
:10BF100088F31288BFF36F8F60680CF022F9002855
:10BF2000EED0BB691D706368BA691B680020C3F856
:10BF300044250122C3F84825C3F82001D3F8204145
:10BF4000C3F85801D3F858019A6081F31188BFF300
:10BF50006F8FBDE8F08100BFA8790020F7B50546D6
:10BF6000002201210220F8F7C7FD0220F8F794FD16
:10BF70006B6819681A69C1F824255A7D1B7D134323
:10BF8000C1F86C356E68D6E9004313F0010350D058
:10BF90002F6907F108000CF014FB334B984208D0CE
:10BFA0003248334A012109F05FFC6FF0040003B00E
:10BFB000F0BD387A04F10C0204F590710CF0F7FA38
:10BFC000387A012707FA00F002F0F4FA0823C4F8DF
:10BFD0000035B369C4F844350023C4F84835A76078
:10BFE000D4F85831002BFBD00021C4F800156B6841
:10BFF000DC6801AA20460CF087F8002805DB019BCD
:10C00000226819791868FFF791FE6A681368082199
:10C01000C3F80015117A51B9D269C3F83425012249
:10C02000C3F83825C3F81011D3F810111A60002096
:10C03000BDE70822C4F80025B269C4F84425C4F855
:10C0400048350123A360D4F82031002BFBD0002316
:10C05000C4F82031D4F820310123E3604FF4807319
:10C06000C4F80433BCE700BF0000AD0B94A302008A
:10C07000B8D702002DE9F04383B045680669D5F8CA
:10C08000208000AF3A1D002140460CF03DF8041E10
:10C090001ADB7B68D8F8002019791868FFF746FE8C
:10C0A000041E11DB696A481C1BD005F1280000F052
:10C0B000F1FA10F1130F04460BD1314A3148012136
:10C0C0000CF080F86FF0120420460C37BD46BDE836
:10C0D000F083411D05D12C4A2A4801210CF072F849
:10C0E000F2E7EB699847B5684FF00108D6E90232EC
:10C0F00003EBC2039D4204D330460CF091F80024B8
:10C10000E2E728680CF055FC0346B0B92A682979A3
:10C1100010686C468AB06A461C4DD1614FF40071BC
:10C1200011841B49C2E9055042F8101F15484FF40D
:10C130001151F7F7FBFCA546C4E728682979EB887D
:10C14000D0F810C0D0F80890DCF80040DA0754BFEF
:10C1500043F4B01383F4D01323F4801208FA01FEE1
:10C16000DB074CBF44EA0E0424EA0E04CCF800407E
:10C17000D9F800309847041EA6DB0835B6E700BFA3
:10C18000F5D702007CA3020020D802003DD80200AF
:10C19000040000017FB50546406829698A6D0B6E71
:10C1A0000ABBABB14C6D8B6616461A46C96D02913F
:10C1B000CDE9004611B3002B18BF13460022694693
:10C1C000039302F08FFE0E4B98420AD06FF00403E7
:10C1D0002C69236404F1280004F02CF9002384F86E
:10C1E0006C3004B070BD4C6D13B19A4228BF1A4632
:10C1F000002C8A6614BF16460026D7E70B46DDE7FB
:10C200000000AD0B38B503780C4663B98D6E5DB98F
:10C210004B6E1C696FF07303236404F1280004F073
:10C2200009F984F86C5038BD8B6D33B19D4213D938
:10C23000224A234801210BF0C5FF236EA26E33B1C1
:10C240009A4221D91D4A1E4801210BF0BBFF606EA6
:10C25000BDE83840FFF79EBF5B1B8B6573B94B6C25
:10C2600008334B648B6C013B8B6401F1580204F181
:10C27000440048310BF0ADFF6065DEE74B6D002BED
:10C28000DBD02B444B65D8E79B1A23667BB9E36C64
:10C290000833E364236D013B236504F1600204F17C
:10C2A000500104F14C000BF094FFE065CFE7E36D23
:10C2B000002BCCD01344E365C9E700BF61D802006E
:10C2C0007CA302002DE9F04F8BB000AFC7E902322A
:10C2D00043687B608B8804699E048046894630D41D
:10C2E0004FF0FF324FF0FF3304F1100004F0C8F8B4
:10C2F000C4F80490D8F810A0D8F804B09AF86D30BB
:10C3000023B1DAF80030994500F0D380B9F8046021
:10C3100016F400631CD0B44AB44801210BF052FF5C
:10C320006FF0850523689B8813F4005304D1636084
:10C3300004F1100004F07EF828462C37BD46BDE815
:10C34000F08FA369002BCBD163689942C8D1D1E7A4
:10C35000F50716D56D4688B0D8F800106A46A4488F
:10C36000C2E905014FF400719183A24942F8101F00
:10C370009E484FF4E251F7F7D9FBAD466FF0150533
:10C38000D0E7300705D59C4A984801210BF01AFFE9
:10C39000F4E7C6F34513082B01D0984AF4E7D9F81F
:10C3A0000050974B9D4201D8964AEDE70BF1080EDD
:10C3B000BEE80F0007F1140CACE80F00DEF8003007
:10C3C000CCF80030904B9D4252D9904B9D4252D9AF
:10C3D0008F4B9D4252D98F4B9D4252D98E4B9D42DD
:10C3E00052D98E4B9D422CBF4FF000454FF08045F7
:10C3F000B107FD6106F0040349D5002B14BF0323E8
:10C40000022387F82030C6F3001387F82130DBF8C9
:10C410000030D3F8082516F0020FC6F340014FEAAA
:10C4200052104FF0010336D1002840F02B81934089
:10C430004FF0A042C2F80C359AF86D302BB1584637
:10C4400002F018FD00238AF86D30754A534607F153
:10C450001401584602F0DAFC724A9042034623D097
:10C46000714A6248012109F008FA6FF0040559E7A2
:10C470004FF00075BCE74FF08065B9E74FF00065FD
:10C48000B6E74FF08055B3E74FF00055B0E7003BFB
:10C4900018BF0123B5E7002840F0F78093404FF024
:10C4A000A042C2F80835C7E701238AF86D30CAF800
:10C4B0000090012384F86C307B68596A4A1C0AD0CA
:10C4C00003F1280000F016F9743004D1574A4748A8
:10C4D00002210BF077FEFB68002B75D1636400230B
:10C4E000A36404F1580204F1480104F144000BF084
:10C4F00070FEBB686065002B6ED1E364002323658A
:10C5000004F1600204F1500104F14C000BF061FEF3
:10C51000E06520680023236448B183683BB10121B2
:10C5200008300BF069FE236818690CF03DFA4046AC
:10C53000FFF730FE0022A06C134683427AD100231D
:10C54000256D1946A9427CD19342264638BF134631
:10C550004FF4FA5202FB03F556F8283B4FF4004C17
:10C560001B68B5FBF3F540F2E730C83500214FF406
:10C570007A720023E5FB0C01EFF76CFB02460B46D9
:10C58000304603F07DFF002862D0294A1748012178
:10C590000BF018FE4FF000097868C4F8689002F0BC
:10C5A00069FC84F86D90D8F810506FF07308C5F8E6
:10C5B000408005F1280003F03DFF85F86C9030467F
:10C5C00003F084FF454647E0FB681B686364002B6B
:10C5D00085D0FB685B6883E7BB681B68E364002B5E
:10C5E0008CD0BB685B688AE77FD802007CA302001E
:10C5F00099D8020003000001BBD80200DAD802007B
:10C6000047E8010009D902008FD003001FA10700ED
:10C610003F420F007F841E00FF083D0000127A0099
:10C6200005C201000000AD0B3AD9020061D9020039
:10C630008BD90200616C01EBC301013349680A44E4
:10C640007BE7E06C00EBC10001314068034479E70F
:10C65000256C15F1740F9DD02368002B3FF462AE5A
:10C660009A68002A3FF45EAE998811F480567FF4F0
:10C6700059AE18690CF098F92068314608300BF073
:10C68000BBFD4FE6C1F80C15FFDE0023C3F80835EB
:10C69000FAE700BFF0B587B001238DF8023002231E
:10C6A0008DF804306B4403930F4601AB0DF1030189
:10C6B0000024049305460291059402F0E5F90C4B21
:10C6C000984206460FD103AA3946284602F05AF886
:10C6D000B0420BD09DF80310284602F0CFF96FF05E
:10C6E000040007B0F0BD6FF01200FAE72046F8E74B
:10C6F0000000AD0B2DE9F0410D4606460BF0D7FFCB
:10C70000002207462946304602F0C4F96B0905F0BD
:10C710001F0429D1A40004F1A044164BD4F800272B
:10C72000134043F00C03C4F800370BF03FFE804683
:10C730003368DB597BB10027304629460BF0B5FF43
:10C74000D4F800270B4B134043F00403C4F8003720
:10C750003846BDE8F0810BF029FEA0EB0800062862
:10C76000E6D96FF07307E7E704F5E074002353F8A8
:10C770002430FFDEF0F8FCFF90F87830B3B190F889
:10C780007A3090F8791001229B008A4003F18043AF
:10C79000074903F5C043C1F80825D3F8102522F056
:10C7A0000302C3F81025002380F87830704700BFDB
:10C7B00000F001402DE9F0474568D0F8108000AF47
:10C7C00006460021686B0BF06FFD041E11DBE96B60
:10C7D000481C1AD005F14000FFF75CFF10F1130F61
:10C7E00004460AD1414A424801210BF043FD6FF053
:10C7F00012042046BD46BDE8F087411D05D13D4AE3
:10C800003B4801210BF036FDF3E7EB6A9847D8F877
:10C8100008504FF00109D8E9023203EBC2039D42F0
:10C8200015D340460BF083FD35697368002285F807
:10C83000782093F83830002B50D005F1790002F0C1
:10C8400023FA2D4B984204463FD02C4ACBE7286868
:10C850000CF0AFF80346B0B92A68297910686C4625
:10C860008AB06A46264DD1614FF400711184254982
:10C87000C2E9055042F8101F1D484FF41151F7F757
:10C8800055F9A546B3E728682979EB88D0F810C098
:10C89000D0F808A0DCF80040DA0754BF43F4B01326
:10C8A00083F4D01323F4801209FA01FEDB074CBF96
:10C8B0004EEA040424EA0E04CCF80040DAF8003012
:10C8C0009847041E95DB0835A5E70F4805F17A0166
:10C8D00002F0DAF8A04201D00C4A84E77368002124
:10C8E000586B0BF0E1FC00EAE07482E7F5D7020038
:10C8F00084A3020020D802000000AD0BCBD90200B7
:10C900003DD802000400000100AF0200EAD9020095
:10C910002DE9FF4105694768AA6D2B6E064682BB6B
:10C92000002B00F0A2803C8E686DD5F85C809C42A4
:10C9300028BF1C46EA6D5AB12B6E4BB108F060431C
:10C94000B3F1005F04D0082CD5F8748028BF082408
:10C950006B6DAC6600901BB1AB6D002B18BF23460E
:10C96000CDE901384ABB00230393002269463846CB
:10C9700002F02EFD3F4B984279D02846FFF7FCFE8F
:10C980006BE0696DD5F85C803C8E084613B19A4225
:10C9900028BF1A46944228BF14460029CAD001F085
:10C9A0006043B3F1005FC5D0082C28BF0824286F6E
:10C9B00022460CF032FD286FBCE72A6E002AD2D046
:10C9C000012C0394D1D1012BCFD897F83830002B0C
:10C9D0003ED03269736892F87900D3F800E092F89B
:10C9E0007A3082F8784099009B0003F1804303F588
:10C9F000C043DEF808250EF1140CD3F810E52EF430
:10CA0000473E2EF4407EC3F810E5D3F810E512023D
:10CA100002F4F85242EA0E0242F44032C3F8102502
:10CA2000D3F8102542F00102C3F81025C30003F12A
:10CA3000804303F5F83301F1804101F5C241C3F8A9
:10CA40001015C3F814C50C4B8440C3F804458CE79B
:10CA50000A4A0B4802210BF00DFC6FF0040130462E
:10CA600004B0BDE8F0410BF084BC1946F7E704B010
:10CA7000BDE8F0810000AD0B00F001400CDA0200CF
:10CA800084A3020038B503780546002B63D10C69F6
:10CA9000A36E33B9606E6FF07301BDE838400BF0E0
:10CAA00068BC2046FFF768FEE06D48B1236E3BB1DD
:10CAB000EB682BB1834203D0A26E616F0CF0ADFC2A
:10CAC000A36DA26E33B19A4213D9234A23480121A0
:10CAD0000BF0D0FB236EA26E33B19A4222D91E4ACC
:10CAE0001E4801210BF0C6FB606EBDE83840FFF721
:10CAF0000FBF9B1AA3657BB9636C08336364A36C97
:10CB0000013BA36404F1580204F1480104F144001C
:10CB10000BF0B7FB6065DDE7636D002BDAD01344E3
:10CB20006365D7E79B1A23667BB9E36C0833E3643C
:10CB3000236D013B236504F1600204F1500104F10F
:10CB40004C000BF09EFBE065CEE7E36D002BCBD0F5
:10CB50001344E365C8E738BD61D8020084A302002E
:10CB60002DE9F04F8DB000AF8846FB604368BB6095
:10CB70008B88046999040546914633D44FF0FF32FF
:10CB80004FF0FF3304F1100003F07AFCC4F8048086
:10CB9000D5F804B0D5F810A0DBF808303B609AF85F
:10CBA0006D3023B1DAF80030984500F0D180B8F844
:10CBB000046016F400631CD0B24AB34801210BF0A4
:10CBC00059FB6FF0850623689B8813F4005304D14A
:10CBD000636004F1100003F02DFC30463437BD468D
:10CBE000BDE8F08FA369002BC8D163689845C5D113
:10CBF000CEE7F20715D529686D4688B06A46A34886
:10CC0000C2E905014FF400719183A14942F8101F58
:10CC10009D484FF4E251F6F789FFAD466FF01506D7
:10CC2000D1E7300705D59B4A974801210BF022FB3D
:10CC3000F4E7C6F34513082B01D0974AF4E7D8F878
:10CC400000307B607A68954B9A4201D8944AEBE7B2
:10CC50000BF10C0EBEE80F0007F1100CACE80F0052
:10CC60009EE80F008CE80F00D7E900239A4228BF06
:10CC70001A468C4B9A4211D28B4B9A424ED88B4B10
:10CC80009A424DD88A4B9A424CD88A4B9A424BD8FA
:10CC900089488A4B8A49824288BF0B46B1077B622A
:10CCA00006F0040342D5002B14BF0323022387F8A8
:10CCB0002830C6F3001387F82930DBF80030D3F8AA
:10CCC000082516F0020FC6F340014FEA52104FF04C
:10CCD00001032FD1002840F01A8193404FF0A04269
:10CCE000C2F80C359AF86D302BB1584602F034FB7F
:10CCF00000238AF86D30734A2B4607F1100158461D
:10CD000002F0F6FA704A904203461CD06F4A5E4821
:10CD1000012108F0B2FD6FF0040654E76C4BBDE74B
:10CD20006C4BBBE76C4BB9E76C4BB7E7003B18BFEC
:10CD30000123BCE7002840F0ED8093404FF0A04273
:10CD4000C2F80835CEE701238AF86D30CAF80080B2
:10CD5000012384F86C30BB68D96B4A1C0AD003F1FC
:10CD60004000FFF7C7FC743004D15D4A46480221F9
:10CD70000BF080FAB9F1000F6CD1C4F84490002395
:10CD8000A36404F1580204F1480104F144000BF0DB
:10CD900078FAFB686065002B64D1E36400232365A7
:10CDA00004F1600204F1500104F14C000BF069FA47
:10CDB00000263246E0650121204626640BF097FAF2
:10CDC0002846FFF7A5FDA06C32463346834251D179
:10CDD0000023266D1946B14240F086809342A0465A
:10CDE00038BF13464FF4FA5202FB03F658F8283BBB
:10CDF0004FF4004C1B68B6FBF3F640F2E730C83640
:10CE000000214FF47A720023E6FB0C01EEF722FFBB
:10CE100002460B46404603F033FB024600286AD028
:10CE2000304A194801210BF025FA0026B868A66699
:10CE300002F092FA84F86D606FF0730128460BF0EF
:10CE400098FA404603F042FB2046FFF795FC6FF04E
:10CE50007306B8E6D9F800306364002B8FD0D9F898
:10CE600004308DE7FB681B68E364002B96D0FB68F9
:10CE70005B6894E7616C01EBC301013349680A44C4
:10CE8000A4E700BF7FD8020084A3020099D8020063
:10CE900003000001BBD80200DAD8020047E8010015
:10CEA00009D9020000127A00FF083D007F841E00AD
:10CEB0003F420F001FA107008FD0030048E8010088
:10CEC00090D0030085CA01000000AD0B3AD90200E2
:10CED00000093D0080841E0040420F0020A1070091
:10CEE00061D902008BD90200E06C00EBC100013176
:10CEF000406803446FE7266C16F1740F95D0002E3E
:10CF00003FF461AE014628690BF0F1F95BE6C1F828
:10CF10000C15FFDE0023C3F80835FAE770B50123CE
:10CF200083400E4ABFF35B8FDC4352E8001F01EAE7
:10CF3000040542E80056002EF7D1BFF35B8F4FF493
:10CF4000803282400648C0F80823BFF35F8FBFF3EA
:10CF50006F8F0B4214BF0120002070BDCC45002014
:10CF60000010014070B40E49D1E90034D01AC31842
:10CF700044F1000422F07F46C1E90034A6F5001315
:10CF8000B3F5400F09D2074B1B681A0A1B069C1900
:10CF9000054B42F10005C3E9004570BC04F0E0B95F
:10CFA000D8330020D0450020E033002011B3BFF378
:10CFB0005B8F0123104A834052E800CF4CEA030CF8
:10CFC00042E800C10029F7D1BFF35B8F0B4A4FF451
:10CFD00080338340C2F80433094BBFF35B8F1B6877
:10CFE000BFF35B8FC340DB0742BF064B4FF40032F9
:10CFF000C3F80021704700BFCC450020001001405D
:10D00000C845002000E100E00D4B1868010A000649
:10D01000BFF35F8F0B4BD3F80435181841F10001B3
:10D02000B3F5801F0AD2084BD3E90023904271EB7D
:10D03000030303D210F1807041F10001704700BF7B
:10D04000D045002000100140E03300202DE9F04FD2
:10D0500085B016461F469DF840A00446FFF75EFFC8
:10D060000190FFF7D1FFB04271EB070354D23E4B62
:10D07000301A67EB0101984271F100014FD23B4B2E
:10D0800003EB0413D3E902239F4208BF96425ED00C
:10D0900037494FF4803804F1500508FA04F8AD0020
:10D0A000C1F848832046ADB20BF074F926F07F4BEF
:10D0B00005F1804504F5A87305F58835DC464FF089
:10D0C00003090293029A2CF07F4341F82230C1F801
:10D0D0004483D1F80435274A6FF00200C01A604437
:10D0E00020F07F40904232D9286868B1D1F80435E9
:10D0F0000393A3EB0B0020F07F40B0F5000F26D97F
:10D1000020460BF047F9039BBAF1000F07D109EB5A
:10D11000030C09F10109D5E7BAF1000F09D06FF04E
:10D12000150520460199FFF741FF284605B0BDE8E7
:10D13000F08F0123104ABFF35B8FA34052E8000F2A
:10D14000184342E800010029F8D1BFF35B8F07497B
:10D150000E98230101EB0412C8500F9B5360C2E9E3
:10D1600002670025DDE700BF01008000C833002012
:10D1700000100140FDFF7F00C84500207FB51C4C1A
:10D180001C4BC4F80833C4F848331B4B00254FF040
:10D19000FF304FF0FF31C4F80855C3E902014FF4E6
:10D1A0008033C4F80433154B02264FF400320121BA
:10D1B000C4F804631120C3F880212A46F7F79CFCC9
:10D1C0001120F7F769FC0E4A0123A3602360136066
:10D1D0000C4B0D4A0093CDE9015500232846FFF77B
:10D1E00035FF3046FEF78CF8284604B070BD00BF0E
:10D1F0000010014003000F00C833002000E100E0F0
:10D20000CC45002065CF0100FFFF7F002DE9F743EB
:10D210002B4CD4F8043399070BD5D4F8043143B11F
:10D22000284A0023C4F80431D4F8043113680133C8
:10D230001360D4F80433DA0323D5BFF35B8F224B9A
:10D2400053E8002F22F0010143E800100028F7D135
:10D25000BFF35B8FD30702D4D4F840318BB10025E4
:10D26000C4F84051D4F84031FFF7CEFEEFF31082FE
:10D2700072B6164BD3E90267B042B94104D282F3C9
:10D28000108803B0BDE8F0834FF0FF384FF0FF394E
:10D29000C3E90289D3E900101D604FF48033C4F85C
:10D2A0004833C4F84051D4F8403182F31088002943
:10D2B000E7D0009032463B4628468847E1E700BF6A
:10D2C00000100140D0450020C8450020C833002090
:10D2D00030B5431C124C85B005D08442A8BF04462B
:10D2E000012CB8BF0124FFF78FFE0E4B0C4DD3E984
:10D2F0000013401AB0F5000F10D22218AA4228BF1E
:10D300002A4652184FF0000007490091CDE901006C
:10D3100043F10003FFF79AFE05B030BD2A46F0E75F
:10D32000FFFF7F00D833002065CF010008B5FFF76D
:10D330006BFE024B1B68C01A08BD00BFD83300202B
:10D3400002460B46014802F08FBF00BFF8120020D2
:10D35000014803F001B800BFF8120020014902485B
:10D360000BF04EBDD8450020783A002010B403469B
:10D370000A46044881680C68194623465DF8044B48
:10D38000184700BF909F020098B500AF6C468AB066
:10D390006A460D4BD161C2E905304FF40073138426
:10D3A0000A4B42F8103F0A4800234FF41151F6F798
:10D3B000BDFB0023A54683F31188BFF36F8F0323C2
:10D3C000184602DFBD4698BD62DA02000400000183
:10D3D000ACA20200F0B589B0064600AF33480D4656
:10D3E00033490BF0F1FC00F04BFE07F10C00E3F7C2
:10D3F000ABFB6C4688B06A462E4B53612E4B936153
:10D400004FF4007393832D4B42F8103F2C492D4865
:10D4100007F10C03F6F78AFBA5462B480BF0C9FA77
:10D4200050B92A4A2748012108F01EFA6FF0120469
:10D4300020462437BD46F0BD254B7B60381DE3F701
:10D44000E7FB034638B1234A1E48012108F015FACC
:10D450006FF01504ECE74FF0FF304FF0FF31FFF7AE
:10D460006FFF04460028E3D11B491C48E3F72AFB61
:10D47000044610B1FFF76CFFDAE741F64C5307F1B1
:10D480000800BB60EEF7B9FE20B1FFF761FF6FF057
:10D490008504CDE7012338463B70EEF7A6FE002851
:10D4A000F3D1FFF755FF33691D60C1E7D845002070
:10D4B000458402008CC6020087DA020003000001E6
:10D4C000C01C4001ACA20200909F0200AEDA020034
:10D4D0006DD30100CEDA0200E83300205DD30100F5
:10D4E00030B5314887B0E3F769FAE3F73FFB18B18D
:10D4F0006FF0850007B030BDE3F74CFB0028F7D193
:10D50000E3F75CFB0028F3D1E3F766FB0028EFD1DB
:10D51000E3F770FB04460028EAD1012503AA0221A3
:10D520008DF80C50E3F786FA0028E3DB082303AA02
:10D5300007212046ADF80C30E3F77CFA0028D9DB50
:10D540001A4B039303AA03212046E3F773FA00283A
:10D55000D0DB03AA042120468DF80C50E3F76AFAC9
:10D560000028C7DB1F2303AA06212046ADF80C3094
:10D57000E3F760FA0028BDDB40F28E63984210DDCD
:10D580000B4A009029460B4808F081F9002383F3E9
:10D590001188BFF36F8F0423184602DF6FF00B0072
:10D5A000A8E70020A6E700BF89D301001B1B0302E8
:10D5B000F2DA0200ACA202007FB54FF0FF304FF06C
:10D5C000FF31FFF7BDFE002840F08980454D0DF189
:10D5D0000F01284600F052FC0446FFF7B9FE002C6C
:10D5E0007DD19DF80F30042B49D128786B783E28E7
:10D5F00016D0FF282CD0FF2B2FD14FF4807300932F
:10D60000394A3A4840F20113012108F040F9002359
:10D6100083F31188BFF36F8F0423184602DF12E0F3
:10D62000AA78022AE7D1FF2BE7D0002200230124A9
:10D630002146F8F781F80646A0B924B92C4A2B48B0
:10D64000012108F011F904B0BDE87040FFF786BE73
:10D65000AA7802F0FD02802AE4E74FF0FF324FF093
:10D66000FF33E5E76A781F49023206F10C0008F043
:10D67000D7FC204B20481B6831469847E3E7022B34
:10D680000AD14FF0FF324FF0FF330320F8F744F890
:10D69000064658B9194AD2E7082B1AD14FF0FF3283
:10D6A0004FF0FF330520F8F737F806466B88043350
:10D6B000B3F5807F0AD94FF4807200920B480A4A72
:10D6C000012108F0E4F884F31188A3E71A462946FB
:10D6D000CBE70B4A0548012108F0CFF8B3E704B0C7
:10D6E00070BD00BF0078002014DB0200ACA2020075
:10D6F00034DB0200D445002030A002004EDB0200E3
:10D7000067DB0200F7B5844E33780446002B40F007
:10D71000AB8304238DF80730804B05881F68B7B1B1
:10D720000DF106030DF10702711CB84701280ED058
:10D730009DF80630002B40F0C7819DF80730B3708C
:10D740000E2201237270F370B580B071C5E1B5F59A
:10D75000105F4FEA95230AD2002B4ED0013B072BD6
:10D7600008D8DFE803F00907367A070707C13F2B1F
:10D7700000F05E82012055E0204640F2064230F97A
:10D78000033B93420FD040F21D4293421ED0012032
:10D7900040F206439D4200F0978140F21D439D42B6
:10D7A00000F092813EE0EEF784FD42F264039D4278
:10D7B00040F2308342F285039D4233D842F2670340
:10D7C0009D4200F2388342F26603E8E7EEF773FD0C
:10D7D000EBE7204640F6634230F9033B934230D0FA
:10D7E0000DDC40F6034293421FD040F62D42934297
:10D7F0001ED040F60142934212D0012064E140F66F
:10D800007B42934220D040F67C429342F5D19DF872
:10D810000730434902338DF80730EEF709FC01E089
:10D82000EEF7F8FB0128E8D087E7E3F7C9FAF9E754
:10D830009DF807303A4903338DF80730EEF7EFFBD8
:10D84000F0E7EEF7EEFBEDE79DF8073034490433DF
:10D850008DF80730EEF7EAFBE4E72388A3F5805361
:10D86000013B082BC9D801A252F823F091D801003E
:10D87000A3D80100B7D80100FBD70100FBD70100F6
:10D88000FBD70100FBD70100FBD70100D7D801006F
:10D890009DF80730224808338DF80730EEF7C8FCB2
:10D8A000C0E79DF807301E4840338DF807300AF076
:10D8B000CBFD002041E79DF8073008338DF8073095
:10D8C000174B00221A605A60F37A23F0600343F08A
:10D8D0006003F372EDE79DF80730114806338DF8C9
:10D8E0000730EEF7A7FC9DE7204642F24B0130F8E7
:10D8F000033B1AB28A4200F3B380B2F5005F42F2F2
:10D9000064020FDC95423FF478AF40F2928242F21B
:10D910008503012050E700BF00790020E845002082
:10D9200007790020A3F50053013B4A2BEAD801A157
:10D9300051F823F07BDA01008BDA01009DDA010057
:10D9400005D90100E5DA0100EBDA0100F1DA0100A6
:10D9500003DB010009DB01000FDB010005D9010039
:10D9600005D9010005D9010005D901001BDB010023
:10D970002DDB010033DB010039DB010005D901009B
:10D9800005D901003FDB010051DB010057DB01003D
:10D9900069DB010005D901007BDB01008DDB0100A3
:10D9A0009FDB010005D9010005D9010005D901005F
:10D9B00005D9010005D90100B3DB0100C5DB010079
:10D9C000D7DB0100DDDB0100E3DB010005D901004D
:10D9D00005D9010005D9010005D9010005D90100CB
:10D9E00005D9010005D9010005D90100EFDB0100CF
:10D9F00001DC010013DC010019DC010005D9010084
:10DA000005D9010005D9010005D9010005D901009A
:10DA100005D9010005D9010005D9010005D901008A
:10DA200005D9010005D9010005D9010005D901007A
:10DA300005D9010005D9010005D9010005D901006A
:10DA400005D9010005D9010005D9010005D901005A
:10DA500005D9010005D9010005D901001FDC01002D
:10DA600042F25E039A4200F0BF8042F27C039A4287
:10DA700050D042F264039D4245E7EEF7DDFB42F2EF
:10DA800064039D427FF491AE1EE09DF80730D248BA
:10DA900003338DF80730EEF7D4FBF0E79DF807303D
:10DAA000CD4808338DF807300AF009FD42F26403CF
:10DAB0009D4208D040F2AD8142F285039D4240F282
:10DAC000D1810020AEE600200F2373700423B370D1
:10DAD0000123F0703371A6F8055001233370002044
:10DAE00003B0F0BDEEF7AFFBC9E7EEF7AEFBC6E75C
:10DAF0009DF80730B84801338DF80730EEF7A7FBE3
:10DB0000BDE7EEF7A6FBBAE7EEF7A5FBB7E7EEF742
:10DB1000A4FBB4E7EEF7CBFBB1E79DF80730AE48C6
:10DB200001338DF80730EEF79AFBA8E7EEF799FB83
:10DB3000A5E7EEF798FBA2E7EEF797FB9FE79DF8C6
:10DB40000730A54907338DF80730EEF790FB96E7CD
:10DB5000EEF78FFB93E79DF807309F4910338DF860
:10DB60000730EEF788FB8AE79DF807309A480833BC
:10DB70008DF80730EEF781FB81E79DF80730964975
:10DB800002338DF80730EEF77AFB78E79DF807301F
:10DB9000914902338DF80730EEF775FB6FE79DF87A
:10DBA000073008338DF807308F23F371C023F372E9
:10DBB0007CE79DF80730884902338DF80730EEF78F
:10DBC00066FB5CE79DF80730834804338DF8073027
:10DBD000EEF75FFB53E7EEF75EFB50E700F058FA15
:10DBE0004DE70AF089FC4AE70AF089FC47E79DF80F
:10DBF0000730794808338DF80730EEF74EFB3EE7E3
:10DC00009DF80730744904338DF80730EEF747FB71
:10DC100035E7EEF746FB32E7EEF745FB2FE79DF8D9
:10DC200007306D4802338DF80730EEF73EFB26E7EC
:10DC300020464FF60B4230F8033B934222D8B3F50F
:10DC40007C4F01D801206DE0A3F57C43013B0A2BFA
:10DC5000F8D801A252F823F015DD010031DD0100F2
:10DC600045DC010045DC010045DC010081DD0100EF
:10DC700045DC010045DC01005DDD01006FDD0100D8
:10DC800087DD010003F5407292B21D2ADAD8A3F5B0
:10DC90007D431D2BD6D801A252F823F099DD010057
:10DCA000C7DD0100CDDD0100D3DD0100DDDD0100B8
:10DCB000E3DD010045DC010045DC010045DC01003D
:10DCC000E9DD010045DC010045DC0100EFDD01007C
:10DCD00045DC010045DC010045DC010045DC0100BC
:10DCE00045DC010045DC010045DC0100F5DD0100FB
:10DCF00045DC010007DE010045DC010045DC0100D8
:10DD000045DC010045DC010045DC010045DC01008B
:10DD10000DDE01009DF807302F480C338DF80730D9
:10DD2000EEF788F925F008034FF60252934237E5E3
:10DD30009DF8073040338DF80730274B00221A80BA
:10DD4000F37923F0230343F02303F371337A23F0B1
:10DD5000070343F0070333720020E3E79DF8073021
:10DD60001D4817338DF80730EEF782F9DAE79DF892
:10DD70000730194820338DF80730EEF7CBF9D1E79B
:10DD8000EEF774F9CEE79DF80730134801338DF8AC
:10DD90000730EEF710FAC5E79DF8073040338DF8ED
:10DDA00007300D4B00221A60F37923F03F0343F054
:10DDB0003F03F371337A43F080033372737A43F095
:10DDC00002037372C8E7EEF70CFAABE7EEF70BFA53
:10DDD000A8E7EEF70AFAA5E707790020EEF707FAB9
:10DDE000A0E7EEF70AFA9DE7EEF709FA9AE7EEF7F1
:10DDF0000AFA97E79DF807301D4904338DF807307C
:10DE0000EEF703FA8EE7EEF70FFA8BE7EEF70EFA6E
:10DE100088E7002042F226039D4217D842F20C0305
:10DE20009D427FF6B5ACA5F500530D3B114A9BB260
:10DE300006E00120EEE7A5F50153283B0E4A9BB210
:10DE400022FA03F3DB077FF5EDAC3DE642F2320345
:10DE50009D423FF439AEA5F50153033B012B3FF63C
:10DE6000E1AC31E60020A9E44FF0FF3038E600BF16
:10DE700007790020411200032F80402038B5094C5B
:10DE800023780D461BB9BDE83840EEF7B3B8A27849
:10DE9000611C02320BF0C1FA0020042320702B70A9
:10DEA00038BD00BF0079002070B505460E46084C0D
:10DEB00020460AF07EFD38B1A368B2B2294620465A
:10DEC0001B68BDE8704018476FF0120070BD00BFBE
:10DED000909F02001E4B1F4903F12002002808BF3B
:10DEE000194670B5104603F0BFFB034650B31A4AFB
:10DEF0001A48012107F0C1FC12244FF0FF324FF005
:10DF0000FF330120F7F708FC00F10C06022105465B
:10DF1000304608F07FF83E2303702223437001212E
:10DF2000304608F077F8092303702121304608F0C5
:10DF300071F800F8014B3CB12022FF210BF07BFA75
:10DF4000284670BD0446D8E705490AF0C8FAF7E745
:10DF500048790020FCDB0200CBDB0200A4A2020017
:10DF6000687900202DE9F0413E4CBFF35B8F2368B8
:10DF7000BFF35B8F022B27465BD0042B5ED0012BB7
:10DF80005ED1394C394E20212046FFF78DFF002805
:10DF900044D12022314620460BF02FFA0028F2D03F
:10DFA0003348214603F04CFB05460028EBD14FF0E7
:10DFB000FF324FF0FF330120F7F7AEFB00F10C0604
:10DFC00002210446304608F025F83E230370422320
:10DFD00043700121304608F01DF8082303704121E9
:10DFE000304608F017F8064600F8015BC5B140223C
:10DFF00000210BF020FABFF35B8F002357E8002FBE
:10E0000047E800310029F9D1BFF35B8F44B31948C9
:10E01000036921461B68BDE8F04118471F25C6E784
:10E0200013490AF05CFA203106F121000AF057FA90
:10E03000E1E70020FFF74EFF0446DCE70120F9E7A7
:10E040000D4A0E48022107F00FFCBFF35B8F00233F
:10E0500054E8002F44E800310029F9D1BFF35B8F69
:10E06000BDE8F081FC45002048790020FCDB02007F
:10E070006879002030A00200ECDB0200A4A20200BC
:10E08000014902480AF0A0BEF3840200EC450020DA
:10E0900008B50B4BBFF35B8F012253E8001F00292B
:10E0A00003D143E800200028F7D1BFF35B8F05D1EF
:10E0B000044905480AF0A4FE002008BD0C20FCE736
:10E0C000FC450020EC450020783A002010B50029DE
:10E0D000114BBFF35B8F04460CBF0222042253E8AE
:10E0E000001F002903D143E800200028F7D1BFF327
:10E0F0005B8F0ED1094821460AF0F1F9084804F176
:10E1000020010AF0ECF9074907480AF079FE0020DF
:10E1100010BD0C20FCE700BFFC4500206879002002
:10E1200088790020EC450020783A002037B532236A
:10E13000ADF80430124A00230125192168468DF8F4
:10E140000630ADF800508DF80230ECF755FB044670
:10E1500090B94FF4AF60F1F780F92A4621460820C4
:10E16000F6F7CAFC2A4621460B20F6F7C5FC2A46DC
:10E1700021462846F6F7C0FC204603B030BD00BF5C
:10E1800095E10100014902480AF03ABE004600202C
:10E19000783A002098B500AF6C468AB06A460D4BBD
:10E1A000D161C2E905304FF4007313840A4B42F881
:10E1B000103F0A4800234FF41151F5F7B7FC002334
:10E1C000A54683F31188BFF36F8F0323184602DF40
:10E1D000BD4698BD28DC02000400000114A3020023
:10E1E00037B50D4D0D49002400946FF009034FF42D
:10E1F0008862284602F006FB0949284602F0A4FB83
:10E20000084909480AF0E0FD224604211920F6F7E2
:10E2100073FC204603B030BD783A00208097002080
:10E220003CDC02002985020000460020014B002052
:10E230001B6818471046002020B1012806D1044869
:10E24000E9F72CBE034B01201B681847704700BF3D
:10E250002DE2010010460020014B18600148704774
:10E26000104600200000AD0B4FF0704393F8E02FF4
:10E27000062A09D1D3F8E83FC3F30313033B042B69
:10E2800002D8024AD05C7047002070475FDC020071
:10E29000024AD2F80034002BFBD0704700E0014066
:10E2A00010B50AF073F940B14FF08053934AD3F898
:10E2B0002433C3F30423C2F84035FFF7D5FF10B170
:10E2C0008F4B904A5A670AF061F948B14FF080537A
:10E2D0004FF08042D3F84432C3F34233C2F83C35A6
:10E2E000FFF7C2FF30B1884AD2F8FC3023F08073C8
:10E2F000C2F8FC300AF04AF940B14FF080430022E6
:10E30000C3F80C21C3F81021C3F83825FFF7ACFF80
:10E3100020B14FF080430322C3F8A025FFF7A4FFEC
:10E3200060B17A4B0522C3F810260122C3F8882673
:10E330000022C3F818263F22C3F814264FF080535A
:10E34000D3F83021511C09BF4FF07043D3F834315A
:10E3500093F8E02FD3F8E83F08BFC3F30313062A6E
:10E360004DD1033B042B03D8694AD35C002B46D024
:10E370004FF08052674BD2F80414C3F82015D2F83E
:10E380000814C3F82415D2F80C14C3F82815D2F8D1
:10E390001014C3F82C15D2F81414C3F83015D2F8A1
:10E3A0001814C3F83415D2F81C14C3F84015D2F869
:10E3B0002014C3F84415D2F82414C3F84815D2F831
:10E3C0002814C3F84C15D2F82C14C3F85015D2F801
:10E3D0003014C3F85415D2F83414C3F86015D2F8C9
:10E3E0003814C3F86415D2F83C14C3F86815D2F891
:10E3F0004014C3F86C15D2F84424C3F870250AF011
:10E40000C5F848B14FF080534FF08042D3F85832EE
:10E4100003F04F03C2F8E43E0AF0B8F848B14FF0F9
:10E420008043D3F80024D20744BF6FF00102C3F841
:10E4300000244FF08053D3F83021062A0ED1D3F8B0
:10E440003431033B042B02D8334AD35C33B1334A13
:10E45000D2F83C3743F48063C2F83C372A4AD2F8FA
:10E46000883043F47003C2F88830BFF34F8FBFF396
:10E470006F8F4FF08053D3F83021062A0FD1D3F895
:10E480003431033B042B02D8254AD35C3BB14FF017
:10E490001023D3F808224FF08043C3F858254FF0DB
:10E4A0001023D3F80022002A03DBD3F80432002B18
:10E4B00022DA1C4901234FF01020C1F8043515243D
:10E4C000FFF7E6FEC0F80042FFF7E2FEC0F80442A4
:10E4D000FFF7DEFE0023C1F80435FFF7D9FEBFF3D6
:10E4E0004F8F0949104BCA6802F4E0621343CB60B6
:10E4F000BFF34F8F00BFFDE710BD00BF00300140EC
:10E5000000C007400DF0ADBA00ED00E00050004043
:10E510005ADC020000C0004055DC02000010004040
:10E5200050DC020000E001400400FA0530B5046848
:10E53000CCB1BFF35B8FB4FA84F3C3F11F03DBB23A
:10E5400001229A4024EA020250E8005FA54204D169
:10E5500040E8002CBCF1000FF6D1BFF35B8FE6D191
:10E5600002480B7030BD0248FCE700BF0000AD0B55
:10E570000200AD0B10B50368CB40DB0714D40123B8
:10E580008B400268BFF35B8F43EA020150E8004F03
:10E59000944204D140E8001CBCF1000FF6D1BFF357
:10E5A0005B8FEED1014810BD0148FCE70000AD0BC8
:10E5B0000400AD0B014BC3F80405704700F00140A7
:10E5C00070B500F108030C4C34F81330DA05054639
:10E5D0000E4607D5C3F3432304EBC30254F833308C
:10E5E00052689847A3682BB1E26831462846BDE8D7
:10E5F0007040184770BD00BF4C0F002010B4C0B26F
:10E60000124A083032F81030D9051CD5C3F3432123
:10E6100023F4F85322F8103002F10E04002034F8ED
:10E62000023F13F4807F03D0C3F3432399420AD0FF
:10E6300001302028F3D1002342F8313004485DF83E
:10E64000044BFFF797BF5DF8044B70474C0F002059
:10E65000A40F0020F0B50546002004460126074619
:10E660008C420BD1114BD3F87C2132B10022C3F87C
:10E670007C21D3F87C3140F00040F0BDE3B29B0038
:10E6800003F580729B0806FA03F31D420BD002F1DA
:10E69000804202F5C042D2F800C0BCF1000F02D0A7
:10E6A0001760126818430134DAE700BF00600040C9
:10E6B000C0B2064B083033F81000830643BF400B4E
:10E6C000800000F580704FF4BE7070474C0F002042
:10E6D000CBB20246083308460C4931F8133099068C
:10E6E00011D599070FD410685B0B01219940C0F830
:10E6F0000813126802EB8303D3F8102522F00302FB
:10E70000C3F810257047002109F0B0BF4C0F00205E
:10E71000F7B5CDB2174E0835074636F81530DB078A
:10E720000C4624D5FFF7D4FF36F815309A0606D5E7
:10E730005B0B3A6803F5A273002142F823102046D0
:10E74000FFF75CFF002301A826F81530019409F0BB
:10E750003AFF019B00EB8300074BD0F800271340E2
:10E7600043F00203C0F80037044803B0F0BD04488A
:10E77000FBE700BF4C0F0020F0F8FCFF0000AD0BE2
:10E780000400AD0B2DE9FF41136807460C46154602
:10E79000FBB1CEB2DFF83C81083638F8162002F023
:10E7A0002202222A22D00022CDE900228DF80E205A
:10E7B0008DF80F200DF10E010DF10F02204609F02A
:10E7C0000CFF38F8163023F0020343F0010328F859
:10E7D00016306B684BB393F800C05A683D4EE3B2F5
:10E7E000083336F81310880702D5B2B13A481FE053
:10E7F00021F02001C904C90C26F813106AB1BCF13C
:10E80000030FF3D86A68386852681278BCF1000FB9
:10E8100011D102F5A27240F822C036F8132022F07E
:10E820001C0242EA8C0226F81320AB6843BB2B483B
:10E8300004B0BDE8F08100EB820041EA4231D0F83B
:10E8400010E52EF0030EC0F810E53F6807EB8207D5
:10E8500041F02001D7F8100526F8131020F44730B6
:10E8600020F44070C7F810052002D7F810E500F436
:10E87000F85040EA0C4040EA0E00C7F81005CCE71B
:10E88000D3E900672046FFF7B9FE002ECFD0114D27
:10E89000D5E90023964203D19F4201D1002209E02D
:10E8A0000F480DF10F01FFF741FE0C4B9842BFD10D
:10E8B0009DF80F2045F83260E4B205EBC20308343E
:10E8C0005F6035F8143043EA422343F4807325F83F
:10E8D0001430ACE74C0F00200400AD0B0000AD0B72
:10E8E000A40F00202DE9FF4107460C461E4612B337
:10E8F000CDB2DFF8D080083538F81530980701D44C
:10E90000990622D413F01C0F02D05378012B1CD08F
:10E9100001238DF80F300023CDE900230DF10F0105
:10E92000931C2046013209F058FE38F8153043F0A8
:10E93000030328F81530002E42D0E1B2214D0831F2
:10E9400035F811C01CF0020F03D11F4804B0BDE818
:10E95000F08196F800E03A680EF5A270002342F8C4
:10E96000203041F6DF720CEA020225F8112096F8F9
:10E9700001C0BCF1000F23D03868B67800EB8E00E0
:10E980004FEA0C4CD0F8103523F4981323F4F853C5
:10E99000C0F81035230203F4F8530CF4403C36055C
:10E9A000D0F8107543EA0C0306F4801642EA4E32A2
:10E9B000334342F020023B4325F81120C0F81035C4
:10E9C0000248C3E74C0F00200400AD0B0000AD0B64
:10E9D000014BC3E9021270474C0F0020C9B2083145
:10E9E000044B33F81130990643BF5B0B0248137098
:10E9F000024870474C0F00200000AD0B0400AD0B27
:10EA000070B5164D95F8604006462CBB2146402255
:10EA100005F110000AF00FFD30682E6D21468E4280
:10EA20000ED10023C0F87C31D0F87C3140F30730A0
:10EA3000F6F732F801230A4885F86030AB6570BDFF
:10EA4000CBB29B0003F580727C2B08BF845001F190
:10EA5000010108BF8358E2E70248F0E74C0F0020AD
:10EA60000000AD0B0C00AD0B034B93F860000038B9
:10EA700018BF0120704700BF4C0F00200148FFF76E
:10EA800079BD00BFA00F00200148FFF74FBD00BFB8
:10EA9000A00F002073B503680C46D3F804130029B7
:10EAA000A4BF4FF00041C3F80413E3B21D4908337B
:10EAB00031F8133099061AD513F0020617D15B0B03
:10EAC0009C00056804F580716E5069580168214406
:10EAD000D1F8104544F00104C1F810452AB101688D
:10EAE000012202FA03F3C1F8043302B070BDC3F38C
:10EAF0008203042B12D0052B12D001A8019409F037
:10EB000062FD019AD0F81035D34003F00103991C3F
:10EB1000204602B0BDE8704009F0A8BD0321F7E728
:10EB20000221F5E74C0F00202DE9F347544B554FD8
:10EB3000D3F80403396DC0B240F00040FFF78AFDFE
:10EB4000051E18DA0023F96D0093684609F09DFD53
:10EB50004FF0010897F85C30DA075AD4396D4FF05E
:10EB60000040FFF777FDF96D684609F08EFD00283B
:10EB7000F0D125F000450124002D69D102B0BDE897
:10EB8000F08794FAA4F4B4FA84F4E00804F10803DA
:10EB900004F0070237F813901DF80030019408FACA
:10EBA00002F223EA02030DF8003001A809F00BFD80
:10EBB000019B03F5E0734FEA990150F82360C9F314
:10EBC000820A4B07D146C6F3014626D52046514658
:10EBD000FFF7F6FC01A8019409F0F5FC019B03F591
:10EBE000E073F6B250F82330C3F301439E4207D1DD
:10EBF0000021204609F03AFD3146204609F036FD55
:10EC000001A8019409F0DFFC019B08FA03F3C0F8A6
:10EC10002035009C002CB4D1A0E7022E0CD103219A
:10EC2000204609F023FD0AF00503012BE8D14946EF
:10EC30002046FFF7C5FCE3E70221204609F016FD58
:10EC4000BAF1030FF3D0032EDAD1BAF1020FEDE7D8
:10EC500095FAA5F3B3FA83F304FA03F29B0003F1E8
:10EC6000804303F5C04325EA0205D3F81005D3F825
:10EC70001015C0F30420C1F30141FFF7A1FC7BE7AD
:10EC8000006000404C0F002001460148FFF74EBCD9
:10EC9000B00F002007B5019001A809F00BFD019B02
:10ECA00000EB8300054BD0F80027134043F003032B
:10ECB000C0F8003703B05DF804FB00BFF0F8FCFFBC
:10ECC00073B5CB7B0446002B38D10B7B0878012B26
:10ECD00077D809F006FD0B78019301A809F0EAFC4A
:10ECE000019B00EB83003C4BD0F80027134043F01E
:10ECF0000103C0F800374878FF2804D009F0F1FC80
:10ED00004878FFF7C7FF8B78FF2B0FD001A88D7BCA
:10ED1000019309F0CFFC019B00EB83002E4BD0F850
:10ED20000027134043EA8503C0F80037C878FF285E
:10ED300004D009F0C9FCC878FFF7ACFF2379274855
:10ED4000CA78282505FB03039A770B7C9BB94B787F
:10ED500025680E78FF2B18BF1A468B78C5F8086512
:10ED600008BF4FF0FF32FF2B08BF4FF0FF33C5F84D
:10ED70000C25C5F8103523688A68C3F824254B7B19
:10ED80000A7B2568003B18BF0123022A1CD0032AF6
:10ED90001DD0012A01D143F00203C5F8543523796F
:10EDA0004979282202FB0303D97723795343C358B7
:10EDB00083B1206840F3073002B0BDE87040F5F73A
:10EDC0006BBE09F081FC86E743F00403E5E743F0FE
:10EDD0000603E2E702B070BDF0F8FCFF1446002025
:10EDE00007B5019001A809F065FC019B00EB8300C9
:10EDF000054BD0F80027134043F00203C0F800375A
:10EE000003B05DF804FB00BFF0F8FCFF2DE9F04112
:10EE100090F80480144C4FF0280C0CFB08FC04EB19
:10EE20000C06074696F81CE0BEF1000F19D144F815
:10EE30000C20736041B1CB7B86F82530CB78B3775B
:10EE40004B79F377FFF73CFF3A6808480123C2F893
:10EE50000035282202FB0844002262772377BDE8B0
:10EE6000F0810348FBE700BF144600200000AD0B13
:10EE70000C00AD0B70B50679194C05682823734357
:10EE8000E35833B145F30730F5F714FE0423C5F812
:10EE900008330023C5F80035282303FB064393F805
:10EEA0002530BBB9D5F80805FFF79AFFD5F810054E
:10EEB000421C01D0FFF794FFD5F80C05431C01D08C
:10EEC000FFF78EFF282303FB0643987FFF2801D01E
:10EED000FFF786FF282303FB06440023237770BD3A
:10EEE000144600202DE9F8430779394C28237B4349
:10EEF0009046E2180E46517F8146002966D1E358BC
:10EF00000BB10123537796E80F00282505FB074531
:10EF100005F10C0C8CE80F00A87F0023FF2885F872
:10EF2000243001D009F0DDFB2823B8F1000F06D012
:10EF300003FB0743002227485A77BDE8F883D9F836
:10EF4000005003FB07430422C5F80823C3F82080C0
:10EF5000C5F80881D5F8082172689AB133681B7822
:10EF6000C5F81C357368012B0ED933685B78C5F87A
:10EF70001C3528237B43E65876B10423C5F80433B7
:10EF80001548DAE7DB7FEBE7F368012BF1D928239B
:10EF900003FB0743DB7FEAE707EB870104EBC101D3
:10EFA000D5F80831002BFBD0C5F808612846D5F804
:10EFB000083109F0A3FB0028F2D1282303FB074402
:10EFC000A07FFF28DCD009F07FFBD9E70348B4E736
:10EFD000144600200300AD0B0000AD0B0B00AD0B81
:10EFE00010B54FF040200023C0F808310A49D0F88E
:10EFF000083109F083FB68B9887FFF2801D009F048
:10F0000063FB00234B770B72BDE81040D1E9003160
:10F010000248184710BD00BF144600201C460020BF
:10F02000012370B504460D46436164260022022187
:10F03000204609F0ABFB20B9012009F0B6FA013EE9
:10F04000F4D100236B774FF08053D3F83021511C5B
:10F0500009BF4FF07043D3F8343193F8E02FD3F861
:10F06000E83F08BFC3F30313062A1CD1033B042B5C
:10F0700002D80F4AD35CB3B14FF0FF320023D4F86B
:10F080000805D4F80C15C4F80035C4F80825C4F8F0
:10F090000C250922C4F80025C4F80035C4F8080579
:10F0A000C4F80C1570BD0023C4F80035FAE700BFA2
:10F0B00064DC02000C4B984213D00AD80B4B9842E8
:10F0C0000FD00B4B98420CD00A4BC31A58425841F0
:10F0D0007047094B984204D0084B984201D0084B26
:10F0E000F3E70120704700BF40420F0090D00300BB
:10F0F00020A1070048E8010000093D0000127A0045
:10F1000080841E00431C15D000F01F0340090BD162
:10F110009B0003F1A043084AD3F800170A4042F0CD
:10F120000202C3F800277047002203F5E07352F88B
:10F130002330FFDE704700BFF0F8FCFF38B51446FF
:10F14000421C054616D0012902D1A3B109F05CFB8F
:10F1500005F01F036D0911D19B0003F1A0430A4A7A
:10F16000D3F8000741EA84040240144344EA410111
:10F17000C3F8001738BD09F054FBE9E7002203F596
:10F18000E07352F82330FFDEF0F8FCFF2DE9F8437E
:10F19000504B4D6990F804909D4206460C4600F095
:10F1A000848077D84C4B9D4200F082804B4B9D422F
:10F1B00000F081804A4B9D420CBF4FF000754FF02C
:10F1C0008045DFF82881E07E242202FB0983997FB5
:10F1D00060F3000199773379217C02FB03839A7FE6
:10F1E00061F341029A77E77EEFB9237E2068012B15
:10F1F00094BF002301233A460121FFF79FFF606877
:10F200003B463A460121FFF799FFA27EA0683B46A4
:10F210003946FFF793FF237CE06883F001033A4609
:10F220000121FFF78BFF242303FB0983E2681A62A5
:10F23000217C9A7F61F341029A77277FA07C217E0F
:10F24000637E326847B9D4E900C7A468C2F808C52C
:10F25000C2F80C75C2F81045003B18BF0123022903
:10F26000C2F8C005C2F824552BD003292CD001299F
:10F2700001D143F00203C2F85435337924225343B9
:10F2800058F803301BB33068BDE8F84340F307304B
:10F29000F5F702BC134B9D4210D0134B9D420CBF9F
:10F2A0004FF000454FF080458BE74FF0805588E7E1
:10F2B0004FF0806585E74FF0006582E74FF000551D
:10F2C0007FE743F00403D6E743F00603D3E7BDE846
:10F2D000F88300BF40420F0090D0030020A1070038
:10F2E00048E8010080841E0000127A003C4600209D
:10F2F0002DE9F8430746144C97F80480242505FBB4
:10F3000008F504EB05091E4699F81C30C3B999B1FC
:10F310004869FFF7CFFEA8B138466251C9F80460CA
:10F32000FFF734FF242303FB0844002363770748D7
:10F3300001232377BDE8F8836251C9F80460F1E73F
:10F340000348F7E70348F5E73C4600200000AD0B13
:10F350000C00AD0B0400AD0B2DE9F041044606791D
:10F360000068194D40F30730F5F7A4FB24237343DD
:10F37000EB5853B12368154AC3F8082306EBC601BE
:10F38000206805EB8101FFF74BFE2368242404FB72
:10F390000654D3F80805D3F80C75D3F81085A37F6D
:10F3A000DB070AD4FFF7AEFE4046FFF7ABFE384658
:10F3B000FFF7A8FE206AFFF7A5FE242303FB0655EE
:10F3C00000232B77BDE8F0813C4600205201080065
:10F3D0002DE9F04390F804805D4D242303FB08F3EE
:10F3E0001746EA180E46517F85B08146002940F045
:10F3F000AD80EB5823B117F0140F04BF01235377EE
:10F4000096E80F00242404FB085404F10C0C8CE84B
:10F410000F00206A421C04D0A37F9B071AD509F075
:10F42000F3F93368D9F8004023B103F06043B3F136
:10F43000005F06D1B36883B103F06043B3F1005FAE
:10F440000BD0242303FB0853002242485A7705B00F
:10F45000BDE8F08309F0E5F9E3E717F0010318BF11
:10F460000123C4F8503517F0020318BF0123C4F874
:10F47000403596E80F00EC468CE80F0017F00802C4
:10F480000AD00023C4F84C31019303934FF40023B6
:10F49000D4F84C11C4F80433009BC4F84435019BE4
:10F4A000C4F84835029BC4F83435039BC4F838359A
:10F4B0000023C4F81831D4F818310723C4F80035F4
:10F4C000242303FB08F3FAB9E8580121EA18216163
:10F4D00060B9D4F81831002BFBD062464021204699
:10F4E00009F054F9242303FB08F3EA18EB581BBB7B
:10F4F000106A461C14D108EBC80805EB88012046A9
:10F50000FFF78EFD1448A2E7EA18EB58A3B9106A7A
:10F51000411CF7D0937F9A070BD509F082F9F1E7E8
:10F52000937F9B0702D509F07CF9E4E709F06CF9B9
:10F53000E1E709F069F9E5E717F0040F4FF0400340
:10F5400014BFC4F80833C4F80433DBE703487EE78C
:10F550003C4600200A00AD0B0000AD0B0B00AD0BCC
:10F5600010B5234BD3F8042311031FD5D3F84C2136
:10F57000E2B10022C3F84C21D3F84C11C3F8182192
:10F58000D3F818214FF40022C3F80823194AD2E90E
:10F590000301C3F84405C3F84815D2E90521C3F8AF
:10F5A00034250122C3F838151A6110BD124A1048DB
:10F5B000402109F0EBF80028F7D00E4C206A421CDD
:10F5C00004D0A37F9B070FD509F02BF9637F1BB1F4
:10F5D00008490748FFF724FD002323720748D4E9B0
:10F5E0000031BDE81040184709F00EF9EEE700BF02
:10F5F000003002403C46002048460020444600209F
:10F60000CB7B10B433B9D1E900420368C3F8084595
:10F61000C3F80C2503688A68C3F8242503793C22C3
:10F620005343064AD35833B100685DF8044B40F3A6
:10F630000730F5F731BA5DF8044B7047604600209B
:10F6400013B53B4B01930023C0F80431D0F80421DB
:10F65000C0F82431D0F82421C0F81C31D0F81C2186
:10F66000C0F80831D0F80821C0F800324B6381F8A7
:10F670002F300123036291F82D209A4218BF836036
:10F680004B6B8A6A934204460ED24A6AD35CC0F836
:10F690001C350B6803B340F286238B608B682548CA
:10F6A000C4F8043302B010BD91F82C3013B101231B
:10F6B000C361EEE70B6A13F0400F4FF0010316BF72
:10F6C000C361436181F82D30E3E7204609F0B6F8C5
:10F6D00028B1019B013B0193019B002BF5DC91F8C4
:10F6E0002F305BB91348019B002BDBDC0023C4F8EF
:10F6F000003505231048C4F80035D3E7D4F8C434E6
:10F70000C4F8C4348BB10D4A0B4813F0010F18BF75
:10F71000104613F0020F02F1010218BF104613F059
:10F72000040F074B18BF1846DDE70348DBE700BFAF
:10F73000A08601000000AD0B0100AD0B0000AE0B78
:10F740000200AE0B13B5334B01930023C0F8043114
:10F75000D0F80421C0F82431D0F82421C0F81C319D
:10F76000D0F81C21C0F80831D0F808214B6381F88B
:10F770002F308B6A012B044617D10B6A5B0614D419
:10F780000223C4F800320123236291F82D20022ABB
:10F7900018BF23600B688BB140F286238B608B68A7
:10F7A0001D48C4F8043302B010BD0123E9E7204628
:10F7B00009F044F828B1019B013B0193019B002B08
:10F7C000F5DC91F82F305BB91348019B002BEADC84
:10F7D0000023C4F8003505231048C4F80035E2E7DB
:10F7E000D4F8C434C4F8C4348BB10D4A0B4813F0B8
:10F7F000010F18BF104613F0020F02F1010218BFEB
:10F80000104613F0040F074B18BF1846DDE70348F6
:10F81000DBE700BFA08601000000AD0B0100AD0BCF
:10F820000000AE0B0200AE0BF8B506792A4D4FF082
:10F830003C0C0CFB06FC05EB0C0494F82E70002F1E
:10F840003DD1A76045F80C20636084F82D7084F8E2
:10F85000317084F8307051B34B7B84F838308F7B33
:10F8600084F839700FBB0A6802F01F03520928D1CF
:10F870009B0003F1A043DFF86CC0D3F8004740F2CF
:10F880000C6704EA0C043C43C3F800474C6804F0DE
:10F890001F0364091AD19B0003F1A043D3F800278A
:10F8A00002EA0C023A43C3F80027FFF7A9FE3C2303
:10F8B00003FB06550948012385F82E30F8BD08489A
:10F8C000FCE703F5E07357F82330FFDE03F5E07340
:10F8D00052F82330F9E700BF604600200000AD0B6E
:10F8E0000C00AD0BF0F8FCFF036802790521C3F8AA
:10F8F0000015044B3C2101FB0233022283F82E2029
:10F90000704700BF6046002003680B4A0179C3F8C6
:10F910000823D3F8002222F00302C3F800220022B9
:10F92000C3F80025054B3C2000FB0133012183F87F
:10F930002E1083F830207047864204006046002075
:10F940002DE9F047314F0479D0F800903C2303FBB8
:10F9500004730D4693F82D30012B944604D10B7897
:10F96000012B06D12A4811E0022B02D10B78012B82
:10F97000F8D13C26274BC9F8083306FB047696F8E5
:10F9800030302BB1B3682448C9F80433BDE8F087A0
:10F990008CF00403C3F3800386F83030C6F820C02F
:10F9A000A846B8E80F0006F10C0EAEE80F00D8F834
:10F9B0000030CEF800306B68B362EB6873626B782E
:10F9C000C9F888352B78C4EB041A012B07EB8A0A97
:10F9D00017D09BB9CCF3401C3C2303FB0473514666
:10F9E000484683F82CC0FFF72BFE3C235C433A19B2
:10F9F0003B59002BCAD182F83030C7E74FF0010CD9
:10FA0000EAE751464846FFF79DFEEEE760460020D4
:10FA10000500AD0B864204000B00AD0BF0B5324C77
:10FA2000324887B0214608F009FF002859D194F8E0
:10FA30002F70FFB9227B931E012B1BD8606AA3692C
:10FA4000984217D1E36963626369A362236A274816
:10FA500084F82D70C3F34013032A84F82C3004D1AA
:10FA600007B0BDE8F040FFF7EBBD07B0BDE8F040E0
:10FA7000FFF768BE1E4E0FCE01AD0FC533682B6079
:10FA800047B31A4AD2F8C434C2F8C43413F002019E
:10FA900006D001238DF80030002384F8303007E0D1
:10FAA00013F0040209D002238DF8003084F83010DE
:10FAB000D4E900316846984713E013F0010305D0FC
:10FAC00003238DF8003084F83020F1E704228DF80C
:10FAD0000020E2E7236A8DF800705B0784F830703D
:10FAE000E6D507B0F0BD00BF604600200030004002
:10FAF0006C460020F7B5064608F042FF084608F0BD
:10FB00003FFF01A8019608F031FF019B2E4D00EB4D
:10FB100083000C46D0F80037019440F20D612B4071
:10FB20000B43C0F8003701A808F020FF019B00EB51
:10FB300083000127D0F800372B400B43C0F8003773
:10FB4000042008F032FD092501A8019408F00EFFF9
:10FB5000019AD0F81035D340DB0715D401A80196DF
:10FB600008F004FF019B07FA03F3C0F80C350420EA
:10FB700008F01BFD304608F003FF013D042008F0AB
:10FB800014FD15F0FF05DFD101A8019408F0EEFE89
:10FB9000019A01239340C0F80C35042008F005FDBC
:10FBA000204608F0EDFE042008F0FFFC01A80194B7
:10FBB00008F0DCFE019AD0F810350448D34003F079
:10FBC0000103C01A03B0F0BDF0F8FCFF0100AD0B5B
:10FBD00008B5124BA8220021184609F02CFC03227C
:10FBE00002610F4942610F4A8161C2614FF4806234
:10FBF0000262002282624262C26201660A49416672
:10FC000010218166094902670346C266426711F8FE
:10FC1000010D98540132102AF9D108BD10040020BA
:10FC200069DC0200100000200000002082DC0200DD
:10FC30002DE9F84FDFF87C80182606FB008E00FBCC
:10FC400006664644DEF82440DEF828C07368A44502
:10FC500007468946154603EB040022D8DEF820B09B
:10FC6000ABEB040A0AF1FF339A4203D809F0D5FB43
:10FC70002C440FE063449A4219D852462C4409F0B0
:10FC8000CCFBB4EB0B0405D07068224609EB0A01EB
:10FC900009F0C3FB182303FB078301205C62BDE866
:10FCA000F88F0CF1FF3CACEB040C9445DED2002045
:10FCB000F5E700BF10040020034B182202FB0033BD
:10FCC0009A6A586A801A70471004002003484FF05F
:10FCD000FF324FF0FF3300F0C7BA00BF0C13002013
:10FCE000014800F039BB00BF0C130020014B98689D
:10FCF000983070479C46002010B50446F3F736FE56
:10FD00000348044A012105F0AFFD204608F05CFEDF
:10FD100034A3020083DC02002DE9F843044600AF5F
:10FD20000D46EFF31188402383F31288BFF36F8FE2
:10FD30000428294A98BF294B9668117C94BF53F830
:10FD40002030274BE9468AB06A462648C2E9073187
:10FD500040F201339384244BC2E9050442F8103F7A
:10FD6000224800234FF43151F3F7E0FECD4645B170
:10FD7000EB69C3F3080323B11D4A1C48012105F0B8
:10FD800073FD2EB1304609F0C6F808B1037803B907
:10FD90001848E9468AB06A46174BD061C2E9053671
:10FDA00040F201331384154B42F8103F00230F48F3
:10FDB0004FF41151F3F7BAFE2946CD462046FFF71E
:10FDC0009BFF88F31188BFF36F8F3046F4F7C4FDB3
:10FDD000BD46BDE8F88300BF9C46002014AF02007A
:10FDE00092DC0200A0DC02000500000134A3020046
:10FDF000C8DC020036C60200E9DC02000400000193
:10FE000038B5094B53F82040013053F82050A54233
:10FE100000D838BD636823B1204608F0DDFD083402
:10FE2000F5E723689847FAE728AF020070B52B4B37
:10FE30002B4C2C4D012286B003201A70FFF7E0FFF7
:10FE4000F4F7D0F908F0E4FD0420FFF7D9FF2646C7
:10FE5000AE4204F1300410D300F0F2FF204C224EE9
:10FE6000AC4226D301F000F8F1F7EAFC1F4A137BFD
:10FE700023F00103137306B070BD54F80C3C0593D6
:10FE800054F8103C049354F8143C039354F8183C71
:10FE9000029354F81C3C019354F8203C009354E91D
:10FEA0000A2354E90C0100F05FFD54F8303C5E6514
:10FEB000CDE7D4E90A23B3F1FF3F08BFB2F1FF3F1A
:10FEC00005D052EA0301206803D109F026F8303446
:10FED000C6E73146183001F0C9F9F8E7A8790020E3
:10FEE00090A10200F0A1020049900200883C00208D
:10FEF00008B50348034A0021121A08F085FD08BD21
:10FF000030150020AC79002070B5174E174D1849F8
:10FF100086B0F82303FB0066164B059301220F23DE
:10FF2000CDE903320023CDE90133182303FB00554B
:10FF300004464FF4C07000FB04110F4B00954FF4C2
:10FF4000A072304600F010FD737B0C4AEE6023F087
:10FF5000040373734FF4086304FB033313442C74DA
:10FF60006B6006B070BD00BF903B00209C46002037
:10FF700080A400204BDD02005F8B0200009C00206B
:10FF8000BFB50020FFF73CFF2E4B83F308882E4CB3
:10FF90002E4E63692E4F43F400736361E02384F8AF
:10FFA000223000252023E37725766576A57684F830
:10FFB0002050636A43F4E023636284F82350F4F72B
:10FFC00047FCF4F7C1FE4FF0FF33A362E362214C1C
:10FFD000F4F79AFFF4F7DCFEF3F734FC40F2011378
:10FFE0002046A381C4E9275501F00CFBB46008F05A
:10FFF000DFFC0120FFF704FF0220174CFFF700FF92
:020000022000DC
:1000000000F052FF154BB46105930123144900958C
:10001000CDE903534FF404623B46CDE90155204638
:1000200000F0A2FC627B064622F0040220466273C6
:1000300008F0AFFF2846FFF767FF3A4631462046F3
:10004000F4F758FE80A4002000ED00E09C4600205C
:100050002DFE0100983E0020883C002050DD02006B
:1000600000A6002038B5064C064DAC4201D3002056
:1000700038BDD4E90112204608F0CBFC1434F4E773
:1000800094120020A812002038B5064C064D00201E
:10009000AC4200D338BD204608F021FD0028F9DB32
:1000A0001C34F5E7401200209412002073B50C4672
:1000B000EFF31181402585F31288BFF36F8FC56878
:1000C0005DB125602B68C3608369013383610020C3
:1000D00081F31188BFF36F8F11E052EA030603D159
:1000E00025606FF00B00F3E7CDE9002302460830EE
:1000F00000F0F2FD18B9034B9B685B69236002B006
:1001000070BD00BF9C4600202DE9F34104460E4619
:1001100000F10808EFF31187402181F31288BFF343
:100120006F8F056AC1688D4230D208F0A7FFA268C0
:100130000546314680B10024406909F06EF9284631
:10014000C5F8B04008F025FF4046394600F034FEBF
:10015000204602B0BDE8F081E06909F05EF9E3698C
:10016000A26813446269E361934204BF2369E361B7
:10017000236A013304F124002362102109F0C8F836
:10018000002087F31188BFF36F8FE2E752EA030183
:100190000AD0074989684E61CDE9002339460246F5
:1001A000404600F099FDD4E76FF02200E9E700BF78
:1001B0009C460020F7B5044604F108070846EFF313
:1001C0001186402181F31288BFF36F8F216A0029C5
:1001D00032D0A268A16909F020F9A369A26813448A
:1001E0006269A361934204BF2369A361236A013B4F
:1001F0002362204608F042FF054668B34169A268C1
:10020000E06909F00AF9E369A26813446269E361ED
:10021000934204BF2369E361236A0133236200240C
:100220002846C5F8B04008F0B4FE3846314600F024
:10023000C3FD204603B0F0BD52EA03010AD00949CC
:1002400089684861CDE9002331462246384600F0EE
:1002500043FDEFE76FF0220086F31188BFF36F8F45
:10026000E8E700BF9C4600202DE9F341044617460D
:100270001E46EFF31188402383F31288BFF36F8F7C
:10028000C368334A7BB180689168884219D057EAC5
:10029000060318D188F31188BFF36F8F6FF00F003A
:1002A00002B0BDE8F081916891F90E10216101332F
:1002B000E3609368A36088F31188BFF36F8F002019
:1002C000EEE72169F2E791F90E1090F90E309942AC
:1002D000A8BF19466FF07E029142B8BF11468B420B
:1002E0002DDD08F047FC0546CDE900761948224689
:1002F000414600F0F1FC0028E1D0EFF311864023E5
:1003000083F31288BFF36F8FA068D0B1236821698F
:100310009C420AD04BB193F90E309942A8BF1946BE
:100320006FF07E039942B8BF194608F023FC40B134
:100330000848314600F040FD6FF00A00B0E70025A4
:10034000D2E7002DF4D186F31188BFF36F8FF3E766
:100350009C460020A979002038B5836804466BB319
:10036000194A926893422CD1C368012B03D9013BEF
:10037000C360002038BDEFF31185402383F312885A
:10038000BFF36F8F0169806808F0F4FB204608F026
:1003900075FEA06060B190F90E2022610022C0F8C5
:1003A000B02008F0F6FD0948294600F005FDE0E719
:1003B000E06085F31188BFF36F8FDAE76FF0150007
:1003C000D8E74FF0FF30D5E79C460020A979002000
:1003D00037B51146EFF31185402282F31288BFF33F
:1003E0006F8F04689CB12368426823F00303944232
:1003F000036008BF43600121204608F030FC04463A
:1004000085F31188BFF36F8F204603B030BD51EAEA
:100410000302F5D000F10802CDE900131046294689
:1004200000F05AFC0028EFD1014B9B685C69EBE7B8
:100430009C46002038B50446EFF31185402383F332
:100440001288BFF36F8F08F019FE50B10022C0F878
:10045000B02008F09EFD29460848BDE8384000F06D
:10046000ABBCD4E902329A4218BF0133A360022127
:1004700004F1100008F04CFFEDE700BFA97900205F
:1004800013B5EFF31181402484F31288BFF36F8F0B
:10049000846844B1013C846081F31188BFF36F8F9D
:1004A000002002B010BD52EA030406D181F3118886
:1004B000BFF36F8F6FF00F00F3E7CDE90023024623
:1004C000014800F009FCECE7A979002070B504466A
:1004D000EFF31185402383F31288BFF36F8F6FF022
:1004E0000A06204608F0CAFD20B1C0F8B06008F046
:1004F00050FDF6E7A060022104F1100008F008FFAB
:1005000029460248BDE8704000F056BCA979002099
:100510001FB5094A92E8030002AB83E803004FF4D9
:1005200004620093054906484FF0FF3300F06AF972
:10053000002005B05DF804FB38A4020080AE002066
:10054000803D00202DE9F0434A4E85B005464FF02E
:10055000FF384FF0FF39EFF31187402383F3128800
:10056000BFF36F8FD5F8F8408CB9022105F588707C
:1005700008F0B6FB00285CD10023CDE90089029386
:1005800005F5807239463C4800F05AFDE3E7D5F89E
:10059000FC202368C5F8F830944208BFC5F8FC3049
:1005A000D5F8103143F00203C5F81031E36823F0A9
:1005B000040343F00103E360636887F31188BFF32A
:1005C0006F8F20469847EFF31187402383F31288FB
:1005D000BFF36F8FE368D90623F0010233D4E260E2
:1005E000E3689A0716D5306823F00203E36088B108
:1005F0000368002270B141688C4232D1036852BB5B
:1006000072683360824200D17360002340F8083B77
:10061000FFF710FFD5F8103123F00203C5F81031B1
:1006200087F31188BFF36F8FDB0594D400F044FC8F
:1006300091E705F5847400220121204608F077FD3A
:100640000028F8D198E723F01103E36004F11000CB
:10065000FFF7F0FEC4E713607368834208BF72605F
:10066000D3E723B11968024618460B46C2E719467C
:10067000F9E700BFC8460020A979002070B5C3681B
:10068000C3F340069B0705460C460DD50122002109
:1006900004F1080008F014FB00232360054B65609B
:1006A0005A681AB9C3E90044304670BD14605C60F2
:1006B000FAE700BFC8460020F8B5C3689A070446A9
:1006C0000F46C3F340062CD45B071AD40B680BB952
:1006D00083680B60E368DD0744BFA3683B603D6847
:1006E0004CBF02260126002D3AD01F4B9B68AB421F
:1006F0000AD0D5F81031D807C3F3800214D46FF0B4
:10070000120600233B6025E008F0FFFBD5F810310E
:100710000028F0D1D907C3F3C002F0D552B15B076E
:1007200008D46FF00F06ECE7002AFAD1C3F3C00338
:10073000002BF6D100232360D5F8FC3063B9C5E95E
:100740003E44284608F0E7FAE36843F00403E36018
:100750003B68A3603046F8BD1C60C5F8FC40F0E77C
:100760006FF01506CDE700BF9C4600202DE9F04153
:10077000C36803F00503002B07460C4614BF4FF077
:1007800001084FF0000822D08668D6F8F85025B14D
:10079000AF4201D02D68FAE701250122002104F1C2
:1007A000100008F08DFA1349204608F00DFBE368AD
:1007B00043F01003E3609DB13B68236073B9D6F842
:1007C000FC303BB9C6E93E44304608F0A4FA404646
:1007D000BDE8F0811C60C6F8FC40F5E73C60F3E73B
:1007E000D6F8F8302360D6F8FC30C6F8F840002B75
:1007F000EAD1F0E7F78C02000146014808F000BB9F
:10080000803D0020F0B589B004460020C4E93E00D8
:100810000E9D04F58070C4E9400004F58470C4E9BD
:1008200042004DB32879002840F2011008BF012092
:10083000C4F8100100204FF0FF364FF0FF37CDE92C
:100840000330CDE90100CDE906670C4B009420464A
:1008500000F0F2F855B1296811B1204600F074F8A3
:100860006B791BB1237B43F001032373204609B04E
:10087000BDE8F04008F051BB0120D9E74505020072
:1008800037B501900846EFF31184402181F31288B7
:10089000BFF36F8FC16811F01E0F16D153EA020526
:1008A00008D101A9FFF708FF84F31188BFF36F8F08
:1008B00003B030BD41F00801C16001998162103080
:1008C000034900F0D3FC0120EEE70020ECE700BF75
:1008D0008D8D020001460148FFF7D2BF803D002008
:1008E000F7B50C46019016461D46EFF311874023DD
:1008F00083F31288BFF36F8F084608F0FDF955EABD
:10090000060309D101A92046FFF7D6FE87F3118817
:10091000BFF36F8F03B0F0BDE368074943F00803EE
:10092000E360019BA36204F1100032462B4600F005
:100930009DFC0120EAE700BF8D8D020001460148C1
:10094000FFF7CEBF803D002010B5044608B9054B27
:100950009C681F2204F1780008F0FBFE002084F858
:10096000970010BD9C4600202DE9F04F073285B05E
:1009700022F0070204469A46BF3200F15803C0E94C
:10098000163322F07F02129B23730020119BA37366
:1009900004253F2ADDE90E98C4E90600109F139E46
:1009A000A0606573E07301F1400CA2F1400305D82B
:1009B00080F31188BFF36F8F284602DF8D184FF048
:1009C000000BC4E927C3C4F8A4B05346CDE901879E
:1009D000CDF800902A462046F4F7D6F8C4E919A9C4
:1009E000C4E91B87C4F854B0EFF31183402282F3AB
:1009F0001288BFF36F8F0F4FBA6A6267BC6283F3CE
:100A00001188BFF36F8F8EB11F22314604F1780039
:100A100008F09FFE84F897B0BB680BB1D3F8A830FC
:100A2000C4F8A830284605B0BDE8F08F84F8786097
:100A3000F2E700BF9C460020F0B587B00025059581
:100A4000109D04950F9D03950E9D0295DDE912768C
:100A50000D9D01950C9D00950446FFF785FFB6F1AD
:100A6000FF3F08BFB7F1FF3F05D056EA070305D1A6
:100A7000204600F0B3F9204607B0F0BD03493A46DE
:100A8000334604F1180000F0F1FBF4E7499002004E
:100A900038B50D4D2B4653F81C4F9C4200D004B97D
:100AA000EC68AB6838B95A7BD20604D1A26912B996
:100AB000DA897F2A05D89C4202D0204600F000FB4C
:100AC0002346AB6138BD00BF9C46002008B590F9B5
:100AD0000D20437B002A014604DA03F07F034373B1
:100AE00008F01DFA044B9868431A58425841BDE873
:100AF0000840FFF7CDBF00BF9C46002070B490F9BE
:100B00000D30427B002B29DBD30627D183692BBB19
:100B1000134962F07F0242730A4652F81C4F944216
:100B200018BF23460C6A23B9C0E90024206008627C
:100B30000CE090F90E5093F90E60B5420AD0AE4227
:100B400008DD5A68C0E900321060586070BC0020AF
:100B5000FFF79EBF9C42E7D01B68E4E770BC70477C
:100B60009C4600202DE9F041002A427B0E460CBF36
:100B700010210821114204460FD141EA0203D20993
:100B800018D14373082925D00120FFF781FFBFF357
:100B90005F8F637B23F060036373304B9B68A342DA
:100BA00055D1EFF30583002B51D13046BDE8F0411C
:100BB000F3F7E8BE03F07F03437308F0B0F9E1E711
:100BC0000120FFF765FF2046F4F770F8204600F09B
:100BD000CFFADCE7A36813B1204608F0A8F904F1C6
:100BE000180008F0C7FAA56D04F15807AF4211D0FC
:100BF0004FF0000875B1284608F099F905F1180082
:100C000008F0B8FAC5F8B0802846FFF777FFA56D61
:100C1000AF42EFD1114FBB689C42D1D1EFF30583B6
:100C2000002BCDD00120FFF733FF20460C4DF4F709
:100C30003DF8204600F09CFA40F20113AB812846B3
:100C40000023C5E9273300F0DDFCBD609FE786F394
:100C50001188BFF36F8FBDE8F08100BF9C46002074
:100C6000983E002070B590F90D20437B002A014684
:100C700004DA03F07F03437308F051F94B7B154A04
:100C800063F07F0310464B7350F81C3F146A834295
:100C900008BF002323B9C1E90004216011620CE000
:100CA00091F90E5093F90E60B5420ED0AE420CDDB4
:100CB0005868C1E90030016059609068431A584291
:100CC000BDE870405841FFF7E3BE9C42E3D01B688B
:100CD000E0E700BF9C460020F8B5124B0C461146D9
:100CE000114A98681060DDE90676EFF31182402220
:100CF00082F31288BFF36F8F9D68284608F021F9B0
:100D0000B6F1FF3F08BFB7F1FF3F06D007493A46AB
:100D1000334605F1180000F0A9FA2046BDE8F84076
:100D2000F3F730BE9C460020D046002049900200D8
:100D3000F8B50446EFF31186402383F31288BFF31E
:100D40006F8F437BDA0649B219D18569BDB903F0CB
:100D50007F03437308F0E3F8437B164A817363F023
:100D60007F034373134653F81C0F984218BF054680
:100D7000106A5DB9C4E900300460146211E0A17327
:100D8000002086F31188BFF36F8FF8BD95F90E70C0
:100D9000B9420BD08F4209DD6B68C4E900531C6077
:100DA0006C600120FFF774FE0120EAE7A842E1D061
:100DB0002D68DEE79C46002049B9EFF3058030B985
:100DC000054B9A699B689A4201D0F3F7DBBD81F32A
:100DD0001188BFF36F8F70479C46002010B5EFF36A
:100DE0001184402282F31288BFF36F8F427B510738
:100DF00004D484F31188BFF36F8F10BD22F0040276
:100E00004273FFF77BFE21460248BDE81040FFF722
:100E1000D3BF00BFA9790020034648B9EFF305828C
:100E200032B9064A91699268914201D0F3F7AABD9E
:100E300083F31188BFF36F8F704700BF9C4600207B
:100E4000EFF31181402383F31288BFF36F8F054BBB
:100E50009A68D37B013BD37381F31188BFF36F8F03
:100E6000704700BF9C46002038B5EFF31185402441
:100E700084F31288BFF36F8F0A4B9A68D37B0133D8
:100E8000D3730020FFF704FE85F31188BFF36F8F43
:100E9000EFF3118084F31288BFF36F8FBDE8384001
:100EA000FFF7BABF9C460020024B03F11C02C3E9C6
:100EB000072270479C460020F8B5EFF311854023C8
:100EC00083F31288BFF36F8F19498868437B03F05F
:100ED0007F03437308F023F88B685A7B084662F05F
:100EE0007F025A7350F81C2F0C6A824208BF0022FE
:100EF00022B9C3E9000423600B620CE093F90E6091
:100F000092F90E70BE420ED0B7420CDD5168C3E9B3
:100F100000210B6053600120FFF7BAFD2846BDE8B1
:100F2000F840F3F72FBDA242E3D01268E0E700BF1C
:100F30009C46002050EA01032DE9F04105460E468B
:100F400003D1FFF7B9FF00202BE0831C71F1FF33C1
:100F500029DB08F024F92C18EFF31188402383F3E0
:100F60001288BFF36F8F124F124BB8681860FFF7EB
:100F7000ADFDB86810492A463346183000F076F9BE
:100F8000BA68537B43F0100353734046F3F7FAFCFF
:100F900008F005F9201A63EB0303012873F100033D
:100FA000D1DBBDE8F0816FF00104241AD4E700BF63
:100FB0009C460020D046002049900200B1F1FF3F3E
:100FC00008BFB0F1FF3F08B506D10A4B986807F09B
:100FD000EFFF4FF0FF3008BDFFF7ACFF4FF47A7121
:100FE00047F6FF730022C0FB0132D80B40EA4240B3
:100FF000F1E700BF9C4600200C490D4A38B500249B
:101000004FF400458C462146C0FB05C100236046D5
:10101000EAF720FEC117FFF78DFF054A47F6FF7379
:10102000C0FB0234DB0B43EA444038BD3F420F00B3
:1010300040420F00014B9868704700BF9C4600205B
:10104000D3B5DDE90667089CCDE90067FFF744FEEC
:101050001CB1034B9B685B69236002B0D0BD00BF2D
:101060009C460020044BC01A044BC0105843044B4C
:1010700001221A54704700BF903F0020ABAAAAAAD1
:10108000A9790020C3897F2B12D80A4B1B6863B152
:10109000094B90F90E201B689A4209DB437BDB0663
:1010A00006D1064BC31A18BF012303F00100704795
:1010B0000023FAE7D8460020D4460020903B0020C9
:1010C00070B50E4B0E4C1E7C06EB460304EBC304BE
:1010D0000546204608F04EF80A4B002228469A554D
:1010E000FFF7D0FF48B1084B08491A68013A20467B
:1010F000D317BDE8704000F0B9B870BD9C46002021
:10110000903F0020A9790020D846002065100200F9
:1011100038B5EFF31185402383F31288BFF36F8F47
:10112000104B114A9C681068A04206D1FFF7C8FF17
:1011300085F31188BFF36F8F38BD00211B7C1160D0
:101140000A4AD35C002BF3D02046FFF79BFF002810
:10115000EED0637BDB0602D12046FFF783FD2046FD
:10116000E4E700BF9C460020D0460020A97900207B
:10117000EFF31181402383F31288BFF36F8F0A4A84
:10118000936A834207D15B6F936281F31188BFF347
:101190006F8F70471346002BF7D05A6F8242F9D1F8
:1011A000426F5A67F1E700BF9C46002008B5064829
:1011B000064A0749121A07F029FCBDE80840054A0B
:1011C0000549064807F022BCC00400202C15002069
:1011D00070E002000000000068E00200C00400208F
:1011E000034B1B680BB9FCF7A1B80020704700BF88
:1011F000DC46002030B570B10B4B5B6898420AD0DA
:10120000036843B1D3E90421D0E90445121941EB45
:101210000501C3E90421D0E9003213605A600023BC
:10122000C0E9003330BD00BFB40F002010B50E4B35
:101230001C689C4204D1FFF7D3FF6FF0004010BD43
:10124000FFF7CEFF002CF8D0D4E904321B1A62EB72
:10125000E072B3F1004F72F10001EEDA002AACBF88
:1012600018460020EBE700BFB40F0020B3F1FF3FAA
:1012700008BFB2F1FF3FF8B504461D4616465ED0E2
:101280008160EFF31187402383F31288BFF36F8FE0
:10129000013275F1FF3324DA2E49D1E900206FF0D5
:1012A00001039B1A4FF0FF3262EB00009E1B60EBC4
:1012B0000500012E70F1000301DA01260020C4E9C7
:1012C0000460254ED6F800C07568B44508BF4FF0DD
:1012D000000CBCF1000F0DD1C4E900652C607460F6
:1012E0001CE0FFF77DFF013645F10005361845EBA0
:1012F000E070E4E7DCE90420D4E90431934271EBC7
:10130000000E1DDAD21ADCF8043060EB0100CCE9E3
:101310000420C4E900C31C60CCF804403368B34225
:1013200009D09C4207D10D4B1C6824B9FFF77EFF02
:101330002146FBF7CDFF87F31188BFF36F8FF8BD10
:101340009B1A61EB0001AC45C4E90431C4D0DCF860
:1013500000C0BEE7A83F0020B40F0020DC460020FC
:101360002DE9F84FEFF31186402383F31288BFF382
:101370006F8FDFF8B8902B4D2B4C2860D9F8000008
:101380004FF0000A484508BF00204FF0000BD4E999
:10139000001E2B68374680B3D0E904864FEAE37C11
:1013A00043457CEB060206DAB8EB030266EB0C065B
:1013B000C0E9042621E018EB01014EEBE873C0E917
:1013C00004ABC4E90013FFF715FF87F31188BFF3DF
:1013D0006F8F83689847EFF31187402383F3128858
:1013E000BFF36F8F2B68D9F80000A3EB08034845C3
:1013F0003E462B60CBD1D4E9001E59184EEBE37367
:10140000C4E9001300242C60FFF710FF2146FBF70E
:101410005FFF87F31188BFF36F8FBDE8F84FFFF7C9
:1014200077BE00BFDC460020A83F0020B40F00209C
:1014300010B5EFF31184402383F31288BFF36F8F4D
:10144000FFF7CEFE054A0346D2E90001181841EB2A
:10145000E37184F31188BFF36F8F10BDA83F0020A4
:10146000F8B50446EFF31187402383F31288BFF3E6
:101470006F8F026822B187F31188BFF36F8FF8BDB9
:10148000D0E90A36581C46F10001022871F100012A
:1014900027D3012B76F10001BCBF012316465D1E48
:1014A00046F1FF3607F07FFE013041F1000140199F
:1014B00046EB0101012871F100013ADB07F073FEF0
:1014C000013041F100016FF00102401946EB0103C8
:1014D000121A4FF0FF3161EB030318492046FFF762
:1014E000C5FE236B01332363236A6BB187F3118835
:1014F000BFF36F8F236A20469847EFF3118740238D
:1015000083F31288BFF36F8F54F8185FA542B2D0EF
:10151000002DB0D0284607F065FD0023C5F8B03097
:1015200087F31188BFF36F8F2846BDE8F84007F0B6
:1015300030BD6FF001024FF0FF33CEE761140200BF
:101540002DE9F04105461C4690461F46EFF31186F3
:10155000402383F31288BFF36F8FB4F1FF3F08BFBE
:10156000B2F1FF3F05D186F31188BFF36F8FBDE85D
:10157000F081531C74F1FF3309DB012A74F100037D
:10158000BCBF0122002412F1FF3844F1FF37284686
:1015900007F0F0FDDDE90623C5E90A2300232B63EC
:1015A000034942463B462846FFF760FEDBE700BFA3
:1015B0006114020038B50346EFF31185402282F32F
:1015C0001288BFF36F8FC160012181600068834280
:1015D00006D185F31188BFF36F8F0024204638BDF4
:1015E000D0E9003213605A600023C0E9003307F0ED
:1015F00049FE294604460248FFF7DEFBEEE700BF3E
:10160000AA790020014BC0F8A8307047941200203E
:1016100038B504460D4607F078FC28B9064B9B68A0
:10162000D3F8A8300BB938BD044B2A4621461846DA
:10163000BDE8384007F086BE9C460020941200208A
:1016400030B599B00546684600F028F8694604466A
:1016500008A800F053FA08A90443284600F08AF9C4
:10166000204619B030BD00BF70B598B00546684639
:10167000164600F013F83146044608A800F046F973
:1016800008A96A460443084600F082F908A9044301
:10169000284600F06DF9204618B070BD70B50B6893
:1016A000124E1BBAC3614B681BBA83618B681BBAAD
:1016B0004361CB681BBA03610B691BBAC3604B69FA
:1016C0001BBA83608B691BBA4360CB691BBA324675
:1016D000036001460446DEF773FD314605460246C7
:1016E0002046DEF78DFD681E70BD00BF40AF0200D2
:1016F0002DE9F04188B00C46064602F1200168460B
:1017000006F120079046DFF761F86A4669466846A9
:10171000DEF77EFF69463846DFF758F83A46394625
:10172000384604F12005DEF773FF6A4669466846CD
:10173000DEF76EFF41462846DFF748F86A46414625
:101740003046DFF72BF82A4629466846DEF760FF69
:101750002A4669466846DEF75BFF124A69466846D4
:10176000DEF756FF69462046DFF730F8324621465D
:101770002046DEF78BFF324621462046DEF786FF05
:10178000224631462846DEF781FF6A46294628462A
:10179000DFF704F83A4629462846DEF777FF08B017
:1017A000BDE8F08120B00200F0B599B004460D46C6
:1017B0000A4601466846DEF769FF69466846DFF774
:1017C00005F86A46214608A805F1200604F120071D
:1017D000DEF7E4FF6A4629466846DEF7DFFF324659
:1017E000394610A8DEF714FF324639463046DEF798
:1017F0004DFF31462846DEF7E9FF6A4608A9204634
:10180000DEF706FF224629462846DEF73FFF6A46F6
:1018100008A96846DEF73AFF6A4639463846DEF7D9
:10182000BDFF2A4608A96846DEF730FF6A46314602
:101830003046DEF7B3FF3A4631463046DEF726FF44
:1018400010A96846DEF7C2FF224669462046DEF749
:101850001DFF08A922460846DEF718FF10A908AAAE
:101860000846DEF79BFF3A4610A93846DEF70EFF22
:1018700019B0F0BD2DE9F04188B00C460546904600
:101880000A4601466846DEF701FF69466846DEF70C
:101890009DFF6A462946284604F12006DEF77EFFB2
:1018A00005F120076A4621466846DEF777FF324693
:1018B00039463046DEF7EAFE31462046DEF786FF3F
:1018C0002A4621462046DEF7E1FE6A4621462046AA
:1018D000DEF7DCFE6A4629464046DEF7D7FE424682
:1018E00039463846DEF75AFF224629466846DEF773
:1018F000CDFE6A4631463046DEF750FF3A46314665
:101900003046DEF7C3FE08B0BDE8F08170B500F1E7
:10191000200690B00D46044600F014F905F12001B0
:10192000304600F00FF9214608A8DEF74FFF08A95E
:1019300008460D4ADEF76CFE08A922460846DEF787
:101940002DFF08A9094A0846DEF762FE31466846BF
:10195000DEF73CFF202269460DEB0200DEF72AFE8F
:10196000013810B070BD00BF20B0020000B002000E
:1019700000F002B938B504460D4600F0FDF805F157
:10198000200104F12000BDE8384000F0F5B800BFA8
:101990002DE9F0471346B8B0544A894680461946A7
:1019A00010A8DEF70DFC5249024610A8DEF728FC0D
:1019B000179E4E4900EAD6760746C6F1010210A8E6
:1019C000DEF71EFC179B4A466FEA030A28A918A8EF
:1019D000FFF78EFE4FEADA7A20A9CAF10102084623
:1019E00000F092F8C7F10107FE246A4618A928A85A
:1019F000FFF740FF631138AA02EB830304F01F02D4
:101A000053F8A03CD340554603F0010A8AEA050585
:101A10002A4628A918A8DEF74FFC2A4630A920A894
:101A2000DEF74AFC013C28A918A8FFF7BDFE631C9D
:101A3000DBD1CAF1010220A908A800F065F886EA06
:101A40000A066A4618A928A8FFF714FF28A93246F3
:101A500018A8DEF731FC324630A920A8DEF72CFCAE
:101A600008A96A460846DEF799FE08A9084600F06C
:101A70009DF808A908F1200409F120020846DEF7C4
:101A80008DFE20A908AA2046DEF788FE08AA18A91C
:101A90006846DEF783FE69466846DEF797FE18AAB9
:101AA000694608A8DEF77AFE21466846DEF78EFE14
:101AB00008AA69461046DEF7E9FD0E4A08A96846FD
:101AC000DEF7E4FD20462021DEF788FD08A9024666
:101AD00044426846DEF7F0FB4046074A6946DEF7B7
:101AE0005DFE3C43204638B0BDE8F08780AF020081
:101AF000A0AF020000B0020060AF02000A46014938
:101B0000FFF746BFC0AF020070B588B004460D466F
:101B1000164600212022684607F08DFC0023294646
:101B200020222046009307F078FC2A466946684642
:101B3000DEF7ACFD324669462046DEF7BDFB08B055
:101B400070BD00BF0B681BBAC3614B681BBA8361D1
:101B50008B681BBA4361CB681BBA03610B691BBA64
:101B6000C3604B691BBA83608B691BBA4360CB6946
:101B70001BBA0360704700BFCB691BBA03608B6957
:101B80001BBA43604B691BBA83600B691BBAC36005
:101B9000CB681BBA03618B681BBA43614B681BBAE5
:101BA00083610B681BBAC361704700BF70B598B002
:101BB0000D46064610A8DEF709FE2A4610A968461B
:101BC000DEF7ECFD694610A8DEF700FE10A9084616
:101BD000DEF7FCFD6A4610A908A8DEF7DFFD08A9BC
:101BE00010A8DEF7F3FD10A90846DEF7EFFD10A9F7
:101BF0000846DEF7EBFD10A90846DEF7E7FD10A961
:101C000008AA0846DEF7CAFD10A90846DEF7DEFD81
:101C100010A90846DEF7DAFD10A96A4608A8DEF723
:101C2000BDFD052408A910A8DEF7D0FD10A90846BF
:101C3000DEF7CCFD013C10A9F5D108AA0846DEF775
:101C4000ADFD052410A90846DEF7C0FD10A9084621
:101C5000DEF7BCFD013CF5D110A908AA0846DEF765
:101C60009DFD10A908A8DEF7B1FD08A90846DEF71A
:101C7000ADFD08A96A466846DEF790FD1024694666
:101C800010A8DEF7A3FD10A90846DEF79FFD013C72
:101C900010A9F5D12A460846DEF780FD402410A998
:101CA0000846DEF793FD10A90846DEF78FFD013CDC
:101CB000F5D110A96A460846DEF770FD102410A978
:101CC0000846DEF783FD10A90846DEF77FFD013CDC
:101CD000F5D110A96A460846DEF760FD102410A968
:101CE0000846DEF773FD10A90846DEF76FFD013CDC
:101CF000F5D110A908AA0846DEF750FD2A4610A91A
:101D00003046DEF74BFD18B070BD00BF10EE100A74
:101D1000C0F3C7527F3A162A15DC002A08DA0132CE
:101D200000F0004301D143F07E5300EE103A7047BB
:101D3000074911410142FAD04FF480031341034493
:101D400023EA0103F1E7802AF1D130EE000A70475F
:101D5000FFFF7F0008B52DED028BB0EE408A00F04A
:101D6000C7F8144B93F90030013314D0B4EE488A0D
:101D7000F1EE10FA0FD6B5EEC08AF1EE10FA0ADCD9
:101D8000B5EE408AF1EE10FA08D104F0D1F8222322
:101D90009FED090A0360BDEC028B08BD04F0C8F892
:101DA000BDEC028B21230360BDE80840034800F02E
:101DB00071BC00BFE1110020000080FF5FBB02008A
:101DC00008B52DED048BB0EE409AF0EE608A00F07D
:101DD00081F9434B93F900300133B0EE408A12D0C1
:101DE000F4EE688AF1EE10FA0DD6B4EE499AF1EEEF
:101DF00010FA0DD7F5EE408AF1EE10FAF7EE007A00
:101E000008BFB0EE678AB0EE480ABDEC048B08BD8F
:101E1000DFED349AB4EE699AF1EE10FA16D1F4EED1
:101E2000698AF1EE10FA58D0B0EE680A07F0DBFAD2
:101E30000028E8D0F4EEE98AF1EE10FAE3D504F0D8
:101E400077F8212303609FED288ADCE707F0CBFABF
:101E500058BBB0EE490A07F0C6FA30B3B0EE680AD4
:101E600007F0C1FA08B3B4EE488AF1EE10FA06D7CB
:101E700004F05EF8212389EEA98A0360C3E704F029
:101E800057F8B5EEC09A2223F1EE10FA036002D49F
:101E90009FED168AB7E7B0EE680A00F001FCB4EED9
:101EA000680AF1EE10FAF3D0CDE7B5EE408AF1EE14
:101EB00010FAA8D1B0EE490A07F095FA0028A2D08E
:101EC000B0EE680A07F08FFA00289CD004F030F8D2
:101ED00022239FED048A036095E7B7EE008A92E71C
:101EE000E111002000000000000080FF0000807F62
:101EF00010EE103A33F0004206D19FED667ADFED26
:101F0000667A87EE270A7047002B1A4602DA30EE0F
:101F1000407AF4E7B3F1FF4F02DB30EE000A70477E
:101F2000B3F5000FB8BFDFED5D7A5D48BEBF60EE70
:101F3000277A6FF0180117EE902A4FEAE253C2F3A6
:101F400016021044A8BF00217F3B0B4400F400019F
:101F500081F07E51114300EE101A524903EBD05329
:101F600002F10F00F7EE007A014030EE670A89BBFC
:101F7000B5EE400AF1EE10FA0FD1002B00F0878089
:101F800007EE903A9FED480A9FED487AF8EEE77A1F
:101F900027EE800AA7EE870A7047DFED456AF6EE66
:101FA000007AE0EE667A20EE007A27EE277A13B9FF
:101FB00030EE470A704707EE903ADFED3B6AF8EEE5
:101FC000E77AA7EEE67A37EE400A9FED387A97EE89
:101FD000870A7047F0EE007A70EE277ADFED355A07
:101FE000DFED354A354980EE276A1144C2F55712B4
:101FF00002F522720A43002A07EE903A26EE065AAC
:10200000F8EEE76A25EE057ADFED2D7AE7EE257A20
:10201000DFED2C5AE7EE875ADFED2B7AE7EE247AD4
:10202000DFED2A4AE7EE874ADFED297AE4EE877A88
:1020300067EE857AE5EE877A1ADDB6EE007A20EE55
:10204000077A27EE007A77EE877A67EE867A13B9F9
:1020500037EE677AACE79FED146AE6EE867A37EEE4
:10206000677A37EE400ADFED117A96EEA70A7047DD
:1020700070EE677A67EE867A13B930EE670A7047BA
:102080009FED097AE6EEC77A37EEC00AEBE79FEDDF
:10209000020A7047000000CC000000000000004C65
:1020A00020FB4A00F0FF7F00D1F717378071313FE6
:1020B000ABAAAA3E4FD01C3E9788173E305CCFFF9C
:1020C000298E633ECDCCCC3E25333A3E2549923E07
:1020D000ABAA2A3F2DE9F84310EE904A34F00047AE
:1020E0002DED028BB0EE408AF0EE608A00F0928215
:1020F00010EE109A29F00046B6F1FF4F06D8B7F15E
:10210000FF4F0AD9B6F17E5F00F08482BDEC028BEE
:102110008948BDE8F84300F0BDBAB9F1000FB046F8
:102120002BDAB7F1974F11D3B7F1FF4F28D0022523
:10213000B4F17C5F3FD1B9F1000F69DBB0EE480A22
:10214000BDEC028BBDE8F84307F043B9B7F17E5F01
:1021500029D3FB15C3F1960347FA03F505FA03F3F8
:10216000BB423AD1B7F17E5F3FD1002C80F258825A
:10217000F7EE007A87EE880A0CE0B7F1FF4F3CD10A
:10218000B6F17E5F00F0468208D9002C80F24582CD
:102190009FED6A0ABDEC028BBDE8F883002CF7DAEC
:1021A000B1EE680AF6E7B4F1804F2CD0B4F17C5F51
:1021B0004FF000052CD0B0EE480A07F00DF9B6F14B
:1021C000FF4F03D016B1B6F17E5F3BD1002CBCBFF0
:1021D000F7EE007A87EE800A23E0B7F17E5FC4D085
:1021E000B4F1804F0FD00025E5E7B4F1804F0AD05D
:1021F00005F00105C5F10205DDE7B7F17E5FB4D05A
:10220000B4F1804F02D128EE080AC3E700258FE71A
:10221000B0EE480A07F0E0F8B6F1FF4F01D0002E0B
:10222000D1D1B9F1000FB5DAA6F17E562E4304D113
:1022300070EE407A87EEA70AACE7012DAAD1B1EE85
:10224000400AA7E74FEAD970013855EA000304D1E4
:1022500038EE488A88EE080A9CE7B7F19A4F7FD992
:10226000374B9E4206D8002C92DA9FED360A20EEBC
:10227000000A8FE7344B9E4202D9002CF5DC87E739
:10228000F7EE007A30EE670ADFED306AF5EE007A9D
:10229000E0EE676AF6EE007AE6EEC07A20EE007AAB
:1022A00027EE277ADFED2A7A67EEC77A9FED297A43
:1022B000E0EE077A9FED287AF0EE676AE0EE076AB3
:1022C00016EE903A23F47F6323F00F0306EE903A64
:1022D000E0EE476A77EEE67A013D24F47F64054339
:1022E000B7EE007A24F00F04BFEE008A18BFB0EEFC
:1022F000478A07EE104A67EEA80A38EEC77A07EE5B
:10230000903AE7EE270A07EE104A67EE877A30EE3A
:10231000A77A17EE101A002921F0004340F3F1804C
:10232000B3F1864F40F2DE80DFED067A28EE270A11
:1023300020EE270A2EE700BF5FBB0200000000006E
:10234000F7FF7F3FCAF249710700803FABAAAA3E60
:102350003BAAB83F70A5EC3600AAB83F0000804BFE
:1023600019F0FF4F01BF5FED037A60EE277A6FF03F
:10237000170317EE908A4FEAE85218BF00237F3AFE
:102380001A44A94BC8F31608984548F07E5106DD5B
:10239000A64B984540F3A4800132A1F50001002628
:1023A000A34B03EB860307EE101AD3ED005AA14BA3
:1023B00075EE877AF7EE006AC6EEA74A491041F03B
:1023C000005101F5802101EB465137EE656A07EEB9
:1023D000901A26EE245A77EEE55A15EE107A1F4031
:1023E00006EE907AA6EEE76A37EE657A65EE057A34
:1023F000A6EEC76ADFED905A9FED907AE7EE875A16
:102400009FED8F7AA5EEA77ADFED8E5AE7EE275A79
:102410009FED8D7AA5EEA77ADFED8C5A26EE246A21
:10242000E7EE275A35EE267A67EEA74A27EE067AB8
:10243000F0EE087AA4EEA57AF0EE675AE6EEA65A18
:1024400075EE875A15EE901A194005EE901A75EE42
:10245000E77AE6EEE67A77EE677A67EE857AE6EE79
:10246000257AB0EE676AA6EEA56A16EE101A194034
:1024700006EE101AB0EE467AA6EEE57A744901EB44
:10248000860177EEC77A9FED737ADFED735A67EEB8
:10249000877A9FED727AE6EE077A91ED007A77EE11
:1024A000877A07EE102AF0EE676A6D4AE6EE256A33
:1024B00002EB860292ED005AB8EEC77A76EE856A94
:1024C00076EE876A16EE902A134006EE903A36EEC4
:1024D000C77A37EE457AA6EE657A77EEC77AFBE6DD
:1024E00001265DE71CD1DFED5F6A37EE677A70EE9B
:1024F000A66AF4EEC76AF1EE10FA3FF715AF86232D
:1025000012E0594A934202D9DFED587A0EE707D11B
:1025100037EE677AB4EEE07AF1EE10FAEFDBF3E72C
:10252000B3F17C5F71D9DB157E3B4FF4000018419D
:102530000844C0F3C7534E4A7F3B1A41024007EE9E
:10254000102AC0F3160040F40000C3F1170318412D
:10255000002977EEC77AB8BF404237EEA07ADFEDA8
:10256000456A9FED456A17EE103A23F47F6323F026
:102570000F0307EE103A77EE677AB7EE000A70EEB7
:10258000E70ADFED3E7A67EE277AE0EEA67AF0EE14
:10259000676AE7EE066AF0EE665AE7EE465A26EEFE
:1025A000A67A77EEE57A9FED366ADFED365AA7EE2A
:1025B000256ADFED355AE6EE075A9FED346AA5EE3F
:1025C000876ADFED335AE6EE075AB0EE666AA5EE8B
:1025D000C76AB0EE007A66EE865A36EE476AE6EED5
:1025E000A77A85EE867A77EE677A77EEE67A30EE2E
:1025F000670A10EE103A03EBC053B3F5000F06DA8A
:1026000000F0A8F820EE080AC4E50020A5E700EED7
:10261000103AF7E7B7EE000ABCE5B0EE680AB9E594
:10262000B0EE480AB6E500BF71C41C00D6B35D0029
:1026300050B0020000F0FFFF55326C3E42F1533EB5
:1026400005A38B3EABAAAA3EB76DDB3E9A99193F14
:1026500040B002004F38763F0038763FA0C39D3629
:1026600048B002003CAA3833000016436042A20D75
:10267000000080FF1872313F0072313F8CBEBF35C1
:102680000EEADDB54CBB313355B38A38610B36BB2E
:10269000ABAA2A3E9FED010A704700BF0000C07F31
:1026A00010EE103AC3F3C7527F3A162A13B523F03F
:1026B000004145DC21B3002A4FEAD37422DA2349D2
:1026C000C3F3160201EB8401524291ED007A520AE3
:1026D000190D02F4800209050A4307EE902A77EEED
:1026E000277A03F00043CDED017ADDED017A77EE34
:1026F000C77A17EE902A22F00042134300EE103AF8
:1027000002B010BD124911410B42F9D0480813EA3A
:10271000510105D023EA00014FF4001313410B438C
:102720000A4A02EB840292ED007A07EE903A77EEC5
:10273000277ACDED017A9DED010A30EE470ADFE7F9
:10274000B1F1FF4FDCD330EE000AD9E758B00200F8
:10275000FFFF7F0010EE103A33F000422AD0B2F1B2
:10276000FF4F02D330EE000A704713F0FF4F22D123
:10277000224BDFED237A984220EE270A16DB10EE7B
:10278000103AC3F3C752193A1044FE2815DDDFEDA5
:102790001D7ADFED1D6A10EE103AB0EE677A002B5D
:1027A000B8BFF0EE667A27EE870A7047DFED177A3A
:1027B00027EE800A7047D20DE6E7002806DD23F0F9
:1027C000FF4343EAC05300EE103A704710F1160F72
:1027D00009DADFED0E7ADFED0E6A10EE103AB0EE98
:1027E000677A002BDCE7193023F0FF4343EAC0533C
:1027F0009FED080A07EE903ADAE700BFB03CFFFF12
:102800000000004CCAF24971CAF249F16042A20DBF
:102810006042A28D000000330EB403B5014603AB45
:10282000054853F8042B0068019300F0B3F802B098
:102830005DF804EB03B07047BC0F0020024B01466B
:10284000186800F04DB800BFBC0F002038B5054631
:10285000002941D051F8043C0C1F002BB8BFE418EC
:1028600000F0E2FF1D4A136833B963601460284624
:10287000BDE8384000F0DEBFA34208D92068211827
:102880008B4201BF19685B6809182160EDE71A46A1
:102890005B680BB1A342FAD911685018A0420BD162
:1028A00020680144501883421160E0D118685B68C9
:1028B000536008441060DAE702D90C232B60D6E796
:1028C000206821188B4204BF19685B68636004BFED
:1028D000091821605460CAE738BD00BFE4460020F3
:1028E000F8B5CD1C25F0030508350C2D38BF0C2597
:1028F000002D064601DBA94203D90C2333600020DA
:10290000F8BD00F091FF21490A6814469CB9204F98
:102910003B6823B92146304600F0C8FC38602946A0
:10292000304600F0C3FC431C23D10C2333603046F7
:1029300000F080FFE3E723685B1B17D40B2B03D960
:1029400023601C44256004E06368A2420CBF0B6056
:102950005360304600F06EFF04F10B00231D20F0A1
:102960000700C21A1CBF1B1AA350C9E7224664689D
:10297000CCE7C41C24F00304A042E3D0211A304663
:1029800000F094FC0130DDD1CFE700BFE446002029
:10299000E04600202DE9F04F0D469DB014469846C4
:1029A000064618B183690BB900F06AFE874B9D4259
:1029B0001BD175686B6ED90705D4AB899A0502D413
:1029C000A86D03F0ADFAAB891B0701D52B69EBB9F4
:1029D0002946304600F03CFDC0B16B6EDC070ED5D9
:1029E0004FF0FF301DB0BDE8F08F794B9D4201D113
:1029F000B568DFE7774B9D4208BFF568DAE7AB893A
:102A00009805EDD4A86D03F091FAE9E70023099346
:102A100020238DF82930CDF80C803023DFF8B881E1
:102A20008DF82A304FF0010923469A4613F8012BFE
:102A30000AB1252AF9D1BAEB040B0BD05B4622462A
:102A40002946304606F016FD013000F0A680099AAE
:102A50005A4409929AF80030002B00F09E8000231F
:102A60004FF0FF32CDE905230AF1010A04930793E1
:102A70008DF853301A935446574814F8011B052219
:102A8000DDF72EFB049BD0B9D90644BF20228DF878
:102A900053201A0744BF2B228DF853209AF80020A8
:102AA0002A2A14D0079A544600204FF00A0C2146D7
:102AB00011F8013B303B092B4AD970B914E0A0EB67
:102AC000080009FA00F018430490A246D3E7039ADD
:102AD000111D12680391002A01DB079204E05242A3
:102AE00043F002030792049323782E2B0AD16378D4
:102AF0002A2B32D1039B1A1D1B68039243EAE3730E
:102B000002340593DFF8E0A0217803225046DDF778
:102B1000E7FA38B1049BA0EB0A004022824013433D
:102B20000134049314F8011B2C488DF82810062258
:102B3000DDF7D6FA00283FD0294B1BBB039B073398
:102B400023F0070308330393099B3B4409936BE786
:102B50000CFB02320C460120A9E700230134059347
:102B600019464FF00A0C204610F8012B303A092A7A
:102B700003D9002BC6D00591C4E70CFB0121044604
:102B80000123F0E703AB00932A46164B04A9304615
:102B900000F02CF80746781CD6D16B6ED90705D407
:102BA000AB899A0502D4A86D03F0C0F9AB895B0626
:102BB0003FF516AF099815E703AB00932A46094B7A
:102BC00004A9304600F044FAE4E700BFA4B00200D4
:102BD00084B0020064B00200AFDE0200B9DE020081
:102BE000ED2B020075940200B5DE02002DE9F04FD6
:102BF0008DB00C46DDF8588016461F46054600F09D
:102C0000BDFD036804931846ECF77FFC00230A938C
:102C1000D8F800300590073323F0070303F10802CA
:102C200094F818A0D4F800B0C8F80020D3E90089BF
:102C300029F000430793CDF81880C4E91289DDE933
:102C40000601A04B4FF0FF32E8F726FF70BBDDE92D
:102C500006019C4B4FF0FF32E8F700FF30BB00222B
:102C6000002340464946E8F7EFFE10B12D2384F8D3
:102C70004330954A954BBAF1470F94BF904698461A
:102C8000032323612BF0040323604FF00009009716
:102C900033460BAA2146284606F0A1FC013040F03D
:102CA00096804FF0FF300DB0BDE8F08F42464B46A6
:102CB00040464946E8F7F0FE40B14B46002BBCBF0A
:102CC0002D2384F84330824A824BD4E763685A1C30
:102CD00026D1062363604BF48062002322600393B5
:102CE0000AABCDE901A309AB0093616849EC108BF5
:102CF0000DF12303284606F0CFFBBAF1670F0999BF
:102D0000804615D1CB1C3BDB6368994238DC0A9BBB
:102D1000994255DB23682161D80745D54B1C42E019
:102D20000AF0DF02472AD6D1002BD4D10123D1E704
:102D3000BAF1470F07D1C81C25DB63688B4222DB41
:102D40004FF0670AE3E7BAF1650F1FD80139524621
:102D500004F15000099106F008FC0A9A1318012AA0
:102D60008146236102DC2268D20701D50133236149
:102D70009DF82330002B8AD02D2384F8433086E73A
:102D80004FF0650AE2E74FF0450ADFE7BAF1660F58
:102D9000BDD1002963680BDD216113B92268D0071A
:102DA00002D501330B442361A1654FF00009DFE731
:102DB00013B92268D20701D50233F4E70123F2E701
:102DC0000029D4BFC1F1020201221344EBE72368BA
:102DD0005A0507D42369424631462846B847013090
:102DE0002BD15EE7BAF1650F40F2DC80D4E9120125
:102DF00000220023E8F71EFE002833D0364A0123C4
:102E000031462846B84701303FF44BAFDDE9093879
:102E1000434502DB2368D8070FD5DDE9042331469B
:102E20002846B84701303FF43CAF4FF0000908F1A5
:102E3000FF3804F11A0AC84509DC23689B0700F132
:102E40000281E0680B9B9842B8BF18462BE701232C
:102E5000524631462846B84701303FF422AF09F1C7
:102E60000109E8E7099B002B38DC1B4A01233146A6
:102E70002846B84701303FF414AFDDE9093959EA73
:102E8000030302D12368D907D7D5DDE904233146EE
:102E90002846B84701303FF404AF4FF0000A04F170
:102EA0001A0B099B5B42534501DC4B4693E7012318
:102EB0005A4631462846B84701303FF4F2AE0AF18F
:102EC000010AEEE7FFFFEF7FC0DE0200ECBB02006D
:102ED000C4DE0200C8DE020060C70200A36DDDF898
:102EE00028A05345A8BF5346002B994636DC4FF027
:102EF000000B29EAE97904F11A02A36D0693A3EB0A
:102F000009035B4531DC099B9A453ADC2368DA0703
:102F100037D4099BAAEB0309069BAAEB0303994547
:102F2000A8BF9946B9F1000F33DC4FF0000829EA39
:102F3000E97904F11A0B099BAAEB0303A3EB09033C
:102F400043457FF77AAF01235A4631462846B847B2
:102F500001303FF4A6AE08F10108ECE742463146E5
:102F60002846B8470130C2D19BE6012331462846A6
:102F70000692B84701303FF494AE069A0BF1010B6C
:102F8000BBE7DDE9042331462846B8470130C0D10C
:102F900087E6069A4B46424431462846B8470130F8
:102FA000C3D17EE6DDF828A0BAF1010F01DCDB0712
:102FB00036D50123424631462846B84701303FF412
:102FC00070AEDDE9042331462846B84701303FF4AE
:102FD00068AED4E91201002200230AF1FF3AE8F7B3
:102FE00029FDC0B9534608F1010231462846B847C9
:102FF00001300CD155E601235A4631462846B847E0
:1030000001303FF44EAE08F10108D045F3DB4B46EA
:1030100004F15002E0E64FF0000804F11A0BF4E767
:1030200001234246E1E701234A4631462846B84794
:1030300001303FF436AE08F10108E3680B995B1AE2
:103040004345F0DCFDE64FF0000804F11909F4E710
:103050002DE9FF470F7E0C9D782F914680460C4648
:103060009A4601F1430207D8622F0AD8002F00F0D8
:10307000E080582F00F0BB8004F1420684F84270D3
:103080003AE0A7F16303152BF6D801A151F823F01C
:10309000E9300200FD300200793002007930020090
:1030A0007930020079300200FD30020079300200F0
:1030B00079300200793002007930020019320200C2
:1030C0008D310200CF3102007930020079300200E8
:1030D0003B320200793002008D310200793002006B
:1030E00079300200D73102002B681A1D1B682A6054
:1030F00004F1420684F842300123ABE023682968DA
:103100001F0601F10400286001D50D6803E05E068A
:10311000FBD5B1F900506168002D7ADA2D20002925
:1031200084F84300A1602DDA5E486D420A231646FA
:10313000B5FBF3F103FB1157C75D06F8017D2F4680
:10314000BB420D46F4D9082B0BD12368DF0708D505
:10315000236961689942DEBF302306F8013C06F11D
:10316000FF36921B2261CDF800A04B4603AA2146F0
:10317000404606F034FA013071D14FF0FF3004B010
:10318000BDE8F08723F004032360CDE72B682068B7
:10319000191D2960050601D51D6802E04106FBD511
:1031A0001D8840486F2F14BF0A230823002184F88C
:1031B00043106668A660002EB9DB216821F0040187
:1031C0002160002DB3D1002EB1D11646BBE7236894
:1031D00043F0200323603448782784F84570296839
:1031E00023680E1D2E601E0603D50D6804E02D48D1
:1031F000F3E75D06F9D50D88D90744BF43F02003F6
:1032000023600DB11023D1E7236823F0200323604E
:10321000F8E724480A23CCE72B6826686169181D63
:10322000286035061B6801D5196002E07006FBD5E1
:10323000198000232361164695E72B681A1D2A6022
:103240001E68626800213046DCF74AFF08B1801B27
:10325000606063682361002384F8433083E7236957
:10326000324649464046D047013086D023689B0706
:1032700014D4E068039B9842B8BF18467FE7012347
:10328000324649464046D04701303FF476AF0135DB
:10329000E36803995B1AAB42F1DCEAE7002504F12D
:1032A0001906F5E7CCDE0200DDDE020038B5064D7A
:1032B0000023044608462B60F1F702FF431C02D1AD
:1032C0002B6803B1236038BDE84600200CB430B54C
:1032D000174B0C1E1D689DB008DA8B232B604FF036
:1032E000FF301DB0BDE8304002B070474FF40273AC
:1032F000ADF8143014BF04F1FF3323460493079351
:103300004FF6FF7302900690ADF81630209A21AB6D
:1033100002A92846019300F0ADFD431CBCBF8B23DE
:103320002B60002CDDD0029B00221A70D9E700BF71
:10333000BC0F00200EB430B59CB01FAC4FF401722E
:1033400054F8045BADF8142002900690ECF7DDF819
:103350000B4B039007900B930A48019400230F93A3
:1033600014934FF6FF73ADF816302A46234602A990
:10337000006800F07BFE1CB0BDE8304003B0704731
:10338000DB960200BC0F0020F8B50E461446054639
:1033900018B183690BB900F073F9214B9C4210D12D
:1033A0006C68A369A360A3891A0701D5236993B93F
:1033B0002146284600F04CF868B14FF0FF373846F8
:1033C000F8BD184B9C4201D1AC68EAE7164B9C4211
:1033D00008BFEC68E5E723692068C01A6369F6B2A4
:1033E0008342374605DC2146284600F0CBF800280A
:1033F000E3D1A368013BA36023685A1C22601E70BE
:1034000063690130834204D0A389DB07D7D50A2E34
:10341000D5D12146284600F0B5F80028CFD0CCE71A
:10342000A4B0020084B0020064B0020038B5074DB9
:1034300004460846114600222A601A4602F07EFD24
:10344000431C02D12B6803B1236038BDE84600203D
:10345000314B70B51D6806460C4625B1AB6913B9F2
:10346000284600F00DF92D4B9C420ED16C68B4F942
:103470000C301A072CD4DD0611D40922326043F037
:103480004003A3814FF0FF303DE0254B9C4201D12A
:10349000AC68ECE7234B9C4208BFEC68E7E75807B1
:1034A00012D5616B41B104F14403994202D0304618
:1034B000FFF7CCF900236363A38923F02403A381DE
:1034C0000023636023692360A38943F00803A38179
:1034D00023694BB9A38903F42073B3F5007F03D0AC
:1034E0002146304600F060F9B4F90C3013F00102C7
:1034F0000AD00022A26062695242A261226942B9E6
:1035000013F08000BBD170BD990758BF6269A260FB
:10351000F4E70020F7E700BFBC0F0020A4B00200D2
:1035200084B0020064B002001FB514461A46094B6D
:103530001B680546D86854B9074B1C46CDE90134D1
:1035400000912B460549FFF767F9F1F7CDFD044BD4
:10355000F4E700BFBC0F00205FBB0200FBDE0200EF
:10356000EEDE020038B5064D0023044608462B6007
:1035700002F0E0FC431C02D12B6803B1236038BD8C
:10358000E846002038B50B6905460C4613B90025FE
:10359000284638BD18B183690BB900F071F8144B97
:1035A0009C421BD16C68B4F90C30002BEFD0626EDA
:1035B000D00704D4990502D4A06D02F0B1FC2846CE
:1035C000214606F06DF9636EDA070546E0D4A3895B
:1035D0009B05DDD4A06D02F0A9FCD9E7054B9C4208
:1035E00001D1AC68DFE7044B9C4208BFEC68DAE726
:1035F000A4B0020084B0020064B00200002310B541
:103600000446C0E90033C0E9043383608181436626
:10361000C2818361194608225C3005F00CFF054B1E
:103620006362054BA362054BE362054B246223638F
:1036300010BD00BFB9960200DF9602001797020086
:103640003B970200014906F0C5B900BF853502006D
:10365000014802F065BC00BFBC120020014802F026
:1036600065BC00BFBC120020014802F059BC00BF7D
:10367000D0120020014802F059BC00BFD012002037
:1036800010B50446FFF7F0FFA3691BB1BDE8104079
:10369000FFF7F0BFC4E912332365134B134A1B68CD
:1036A000A262A34204BF0123A361204600F020F8D8
:1036B0006060204600F01CF8A060204600F018F87A
:1036C0000022E06004216068FFF798FFA0680122F3
:1036D0000921FFF793FFE06802221221FFF78EFF16
:1036E0000123A361D2E700BF60B0020045360200AB
:1036F000F8B50746FFF7ACFF1E4B1E68B36913B958
:103700003046FFF7BDFF4836D6E90134013B03D50B
:1037100033680BB33668F7E7B4F90C50D5B9164BDC
:10372000E36004F15800656602F0F0FBFFF796FFD6
:10373000C4E90155C4E904552560A561082229465C
:1037400004F15C0005F077FEC4E90D55C4E912559B
:103750002046F8BD6834D9E70421384606F024F93C
:10376000044630600028D5D1FFF778FF0C233B607A
:10377000EEE700BF60B002000100FFFF00487047A5
:103780001011002038B5074D0446084611460022A6
:103790002A601A4602F0D4FB431C02D12B6803B105
:1037A000236038BDE84600208B89F7B59D070646A3
:1037B0000C4607D504F147032360236101236361AD
:1037C00003B0F0BD01AB6A4606F023F9009F054641
:1037D00039463046FFF784F848B9B4F90C309A05F9
:1037E000EED423F0030343F00203A381E2E70D4B81
:1037F000B362A389206043F08003A381019BC4E9E5
:1038000004075BB1B4F90E10304601F013F828B18B
:10381000A38923F0030343F00103A381A3891D437C
:10382000A581CDE745360200014802F079BB00BF13
:10383000A8120020014802F079BB00BFA8120020A6
:1038400070B5466A04460D4676B91020FEF7F6FFBD
:103850000246606220B9184B18486621FFF764FEE3
:10386000C0E901660660C660666AF36883B1636A90
:10387000DB6853F82500B8B9012101FA05F6721D7D
:103880009200204606F06FF960B1C0E901560EE0E3
:1038900021220421204606F066F9636AF060DB68A5
:1038A000002BE4D1002070BD026843F825200023DE
:1038B000C0E90333F7E700BF37DF0200D3DF0200C0
:1038C00070B5466A05460C4676B91020FEF7B6FF7D
:1038D0000246686220B9094B09488A21FFF724FE95
:1038E000C0E901660660C6603CB16B6A6268DB686D
:1038F00053F82210216043F8224070BD37DF0200E8
:10390000D3DF02002DE9F0410D6907460C461E4643
:1039100001F1140C0020DCF8003099B202FB0161C7
:103920001E0C0B0C02FB063389B2013001EB034184
:1039300085424CF8041B4FEA1346ECDC0EB3A36837
:10394000AB4219DC616838460131FFF779FF8046E8
:1039500028B902460C4B0D48B521FFF7E5FD226959
:10396000023204F10C0192000C3005F056FD2146A4
:103970003846FFF7A5FF444604EB850301355E6139
:1039800025612046BDE8F081C2DF0200D3DF0200DE
:1039900010B50C460121FFF753FF024628B9054B2D
:1039A00005484FF4A071FFF7BFFD01234461036197
:1039B00010BD00BFC2DF0200D3DF02002DE9F04FCF
:1039C00014460A6923699A42A8BF23460F46A4BF3A
:1039D0000C461F46D4F810A0D7F81090A368616871
:1039E0000AEB0906B34285B0B8BF0131FFF728FFE3
:1039F00030B90246444B454840F25D11FFF794FD53
:103A000000F1140505EB86082B460022434521D31F
:103A100007F1140104F1140202EB8A0201EB89039D
:103A20000293131B153B23F00303043304F1150722
:103A3000BA4238BF04230193029B03918B420CD8F6
:103A4000002E03DD58F8043D002B5BD0066105B065
:103A5000BDE8F08F43F8042BD8E7B1F800A0BAF125
:103A6000000F24D004F1140EA9464FF0000C5EF8AC
:103A7000047BD9F800301FFA87FB9BB20AFB0B339B
:103A80004FEA174BD9F8007063444FEA174C0AFB12
:103A90000BC707EB13479BB243EA0743724549F84C
:103AA000043B4FEA174CE2D8019B45F803C0039B47
:103AB000B3F802900431B9F1000F21D02B6804F162
:103AC000140CAE464FF0000ABCF800B0BEF802700D
:103AD00009FB0B7757449BB243EA07434EF8043B7C
:103AE0005CF8043B4FEA134ABEF8003009FB0A3386
:103AF00003EB174362454FEA134AE5D8019FEB51A8
:103B0000043599E7013E9BE7C2DF0200D3DF0200E4
:103B10002DE9F843154612F0030207460E4607D07A
:103B2000254C013A002354F82220FFF7EBFE06460D
:103B3000AD103DD07C6A7CB91020FEF77FFE0246B6
:103B4000786228B91D4B1E484FF4D771FFF7ECFC83
:103B5000C0E901440460C460D7F82480D8F8084064
:103B60004CB940F271213846FFF712FF0023C8F824
:103B70000800044603604FF00009EB070AD5314600
:103B800022463846FFF71AFF314680463846FFF78F
:103B900097FE46466D100BD0206838B92246214664
:103BA0003846FFF70BFF2060C0F800900446E4E7BA
:103BB0003046BDE8F88300BFC4B0020037DF020022
:103BC000D3DF02002DE9F0470C464968236903EB77
:103BD0006218A368074691464FEA621A08F1010687
:103BE000B3420BDB3846FFF72BFE054648B90246C9
:103BF000284B294840F2D911FFF796FC01315B00B0
:103C0000EEE7002300F1140100F1100218465345BD
:103C100033DB20692AEAEA7A04F1140319F01F0958
:103C200001EB8A0103EB800C2BD0C9F1200E8A46F0
:103C30000022186800FA09F010434AF8040B53F800
:103C4000042B9C4522FA0EF2F3D8ACEB0403153B8F
:103C500023F00303043304F11500844538BF042323
:103C6000CA500AB108F10206013E38462E612146CB
:103C7000FFF726FE2846BDE8F08742F8040F01331F
:103C8000C5E7043953F8042B41F8042F9C45F9D8B3
:103C9000EAE700BFC2DF0200D3DF02002DE9F74FE1
:103CA0008946064611464846144605F041FF051E62
:103CB00012D129463046FFF7C3FD024628B93F4BD3
:103CC00040F232213E48FFF72FFC0123C0E90435C2
:103CD000104603B0BDE8F08FBCBF4B46A14630464E
:103CE000D9F80410BABF1C4601250025FFF7A8FD2E
:103CF000024618B9314B4FF41071E3E7D9F8107050
:103D00002669C56009F1100309F1140504F1140EC8
:103D100000F1140B05EB87080EEB86060193D946DC
:103D20004FF0000C019B5EF8040B53F804AF0193B5
:103D30001FFA8AF3194683B2CB1A000C6344C0EB16
:103D40001A4000EB23409BB243EA0043764549F812
:103D5000043B4FEA204CE5D8331B153B23F003030B
:103D600015340433A64238BF04231D445B441E4669
:103D70002C4644450ED308F10301491B21F00301F1
:103D8000033DA84538BF00210B4453F8041D91B1F1
:103D900017619DE754F8041BE646080C1CFA81FCE9
:103DA000714400EB2C4089B241EA004146F8041B03
:103DB0004FEA204CDDE7013FE7E700BFC2DF02002A
:103DC000D3DF02002DE9F7430F46012159EC108B98
:103DD0001646FFF735FD044630B90246234B24480A
:103DE00040F20A31FFF7A0FBC9F30A55C9F31303E8
:103DF0000DB143F480130193B8F1000323D068465A
:103E0000009305F068FEDDE90012D0B1C0F1200397
:103E100002FA03F30B43C24063610192019BA36169
:103E2000002B0CBF012202222261A5B1A5F233456D
:103E300005443D60C0F135003060204603B0BDE868
:103E4000F0836161EAE701A805F045FE019B63612B
:103E500020300122E8E704EB8203A0F23240386010
:103E6000186905F016FEC0EB4210E5E7C2DF02005C
:103E7000D3DF02002DE9F04F98468B891B069DB0D9
:103E800007460D46144610D50B6973B94021FEF75D
:103E900027FD2860286130B90C233B604FF0FF30CC
:103EA0001DB0BDE8F08F40236B61002309932023F0
:103EB0008DF82930CDF80C803023DFF89C818DF807
:103EC0002A304FF0010923469A4613F8012B0AB114
:103ED000252AF9D1BAEB040B0BD05B4622462946C2
:103EE000384605F073FE013000F0A780099A5A4465
:103EF00009929AF80030002B00F09F8000234FF0C9
:103F0000FF32CDE905230AF1010A049307938DF8E6
:103F100053301A935446052214F8011B4E48DCF71F
:103F2000DFF8049AD8B9D00644BF20238DF8533067
:103F3000110744BF2B238DF853309AF800302A2BF9
:103F400015D0079A544600204FF00A0C214611F86C
:103F5000013B303B092B4BD9B0B1079214E0A0EBE9
:103F6000080309FA03F313430493A246D2E7039B21
:103F7000191D1B680391002BBBBF5B4242F002027C
:103F800007930793B8BF049223782E2B0AD1637846
:103F90002A2B32D1039B1A1D1B68039243EAE37359
:103FA00002340593DFF8C0A0217803225046DCF7E5
:103FB00097F838B1049BA0EB0A00402282401343DB
:103FC0000134049314F8011B24488DF828100622AC
:103FD000DCF786F8002836D0214B1BBB039B073348
:103FE00023F0070308330393099B334409936AE7DB
:103FF0000CFB02320C460120A8E700230134059394
:1040000019464FF00A0C204610F8012B303A092AC5
:1040100003D9002BC6D00591C4E70CFB012104464F
:104020000123F0E703AB00932A460E4B04A9384660
:10403000FEF7DCFD421C0646D6D1AB895B063FF598
:104040002DAF09982CE703AB00932A46054B04A932
:104050003846FEF7FDFFEDE7AFDE0200B9DE0200F5
:10406000ED2B0200CD9B0200B5DE02002DE9F047EA
:104070000C46ADF5227D0021CDE94411A649A09161
:104080000DF10408A549A64FCDF818810646A19167
:1040900000931378002B00F05A81F95C11F00801AD
:1040A00002F1010519D06368002B0FDD23681A782F
:1040B000BA5C120701D42A46EBE7459A01324592D1
:1040C00062680133013A62602360ECE7A19B2146FC
:1040D000304698470028E9D0EDE7252B12D09946C5
:1040E0006368002B40F39380226813784B4540F0BF
:1040F0002E816368013B6360459B0132013322607E
:104100004593D8E74191439153782A2B02BF10235E
:10411000951C41930A22A94619F8011BA1F130030D
:10412000092B1ED9DFF8FCA103225046DBF7D8FF8C
:1041300038B1419AA0EB0A00012383401343419315
:104140004D4615F8013B782B06D8572B10D8252B58
:10415000C5D057D8002B65D0032347930A23429339
:104160006BE0439B02FB0311303943914D46D2E78C
:10417000A3F15802202AEFD801A151F822F000BF84
:104180006F4202005941020059410200914202006F
:1041900059410200594102005941020059410200AF
:1041A000594102005941020059410200A742020050
:1041B0008D4202000B4202000B4202000B42020041
:1041C0005941020081420200594102005941020056
:1041D0005941020059410200B742020089420200DF
:1041E0002B4202005941020059410200B342020031
:1041F000594102008D42020059410200594102001A
:104200006F420200453B022BA6D8052314E0A19B78
:1042100021463046984700283FF466AF449800286E
:1042200040F08D804FF0FF308DE0419B43F40873E8
:10423000419310234293042347936368002B49DD85
:10424000419B590604D423681A78BA5C120748D4F3
:10425000479B022B57DC6B46224641A9304600F0B3
:104260007BF8012873D002287FF425AFD6E7419A66
:1042700042F40072419210226E2B429202D9DAE788
:10428000002342930323D7E70823D3E70A22F3E767
:104290002946404605F04DFD419B43F040034193C4
:1042A00005460123C8E7419B43F0400341930023A7
:1042B000C2E70223C0E74198C3063FF5FCAE009B6E
:1042C000459A191D00911B6810F0010F14BF1A8048
:1042D0001A60F0E6A19B2146304698470028AFD0EF
:1042E0009CE7459A013245926268013A002A626071
:1042F00002DD01332360A6E7A19B214630469847A3
:104300000028A0D08AE7042B0EDC6B46224641A988
:10431000304600F07BF8A4E7839C0200F99C020081
:10432000AFDD0200B5DE02000A4B002B3FF4C3AE46
:104330006B46224641A93046AFF3008091E7A3893E
:104340005B063FF56FAF0DF5227DBDE8F087449821
:10435000F9E700BF000000002DE9F84315468A6820
:1043600080460C4632B98A69002A14BF4FF0FF32EA
:1043700001228A602268DFF89090D1065FBF1A6838
:10438000111D196016680027A06988B1012807D19E
:104390002B681A7863699B5C53B9002F31D022E0F7
:1043A000022820D12B681B7819F803301B071AD478
:1043B0002368DA065EBF2B681B7806F8013B2A6883
:1043C0006B6801322A60A268013B013A6B600137D9
:1043D000A26042B1002BD7DCD4F880312946404698
:1043E00098470028D0D0236813F0100305D1E26865
:1043F0000132E260A26902B1337023693B44236158
:104400000020BDE8F88300BFAFDD02002DE9F04FCA
:1044100098467A4B0C468246164693E8070087B0CA
:1044200003AB83E80700764BA169764A032908BFEE
:104430001A46A36801925A1EB2F5AE7F88BF6FF488
:10444000AE75274682BF03EB050940F25D13A360FA
:1044500057F81C3B43F4506398BF4FF000092360AA
:104460003D464FF0000B316803AB097853F82B0041
:104470000222DBF735FE002840D0BBF1010F12D13C
:1044800062682AB92268082142F4007261602260E1
:10449000226822F4A0622260A268511EA160DAB9EB
:1044A0004FF0020BDFE7BBF1020F06D0A268511EEE
:1044B000A1608AB94FF0010BD5E7226802F4C06110
:1044C000B1F5007F1FD142F480722260A2681021F2
:1044D0006160511EA160B2B13268511C3160127826
:1044E00005F8012B7268013A002A726006DCD4F8E4
:1044F0008021314650469047002874D10BF1010BC2
:10450000BBF1030FAFD163680BB90A236360636823
:104510003D496069C91A05F00CFC4FF0000BA36817
:10452000226873B33168606991F800C010F80C001C
:1045300038B3BCF1300F16D1100514D50BF1010BB7
:10454000B9F1000F03D0013309F1FF39A36073689B
:10455000013B002B73600DDD336801333360A368CA
:10456000013BA360DBE722F4106222600B7805F8C0
:10457000013BECE7D4F8803131465046984700289B
:10458000EDD02368D9050DD5BD4209D915F8011C18
:10459000D4F87C3132465046984705F1FF394D46F4
:1045A000BD4228D0226812F0100213D12A7063682D
:1045B000019E39465046B047D8F8003021681A1D90
:1045C000C8F8002011F0200F1B680FD01860E368B6
:1045D0000133E3602369ED1B5D442B44236100201C
:1045E00007B0BDE8F08F4FF0000BCAE7CA074CBF19
:1045F00018801860EBE70120F2E700BF10A6020068
:10460000A59D0200A99D020058E0020038B5074DA3
:1046100004460846114600222A601A4601F08CFC26
:10462000431C02D12B6803B1236038BDE84600204B
:10463000242B2DE9F0478646904601D8012B06D160
:1046400001F076FC162303600020BDE8F0873648B1
:104650000D462A4615F8014B065D16F00806F8D1FE
:104660002D2C24D12C780126951C2BBB302C30D03E
:104670000A2306F1004C0CF1FF3C0022BCFBF3F9CD
:10468000104603FB19CAA4F13007092F28D83C466D
:10469000A34234DD571C07D081452DD301D1A2455B
:1046A0002ADB00FB0340012215F8014BEBE72B2C22
:1046B00004BF2C78951CD8E7102BDAD1302CD8D138
:1046C0002A7802F0DF02582AD3D16C781023023501
:1046D000CFE72B7803F0DF03582BF6D00823C8E789
:1046E000A4F14107192F01D8373CD1E7A4F16107A4
:1046F000192F04D8573CCBE74FF0FF32D4E7531CB7
:1047000008D12223CEF800306046B8F1000F9CD0CB
:10471000691E06E006B14042B8F1000F95D0002AAC
:10472000F6D1C8F8001090E7AFDD02002DE9F043A4
:10473000364E86460D46284615F8014B375D17F074
:104740000807F8D12D2C26D12C780127851C3BBBDE
:10475000302C32D00A234FF0FF380026B8FBF3F894
:1047600003FB08F96FEA09093046A4F1300CBCF1EB
:10477000090F29D86446A34237DDB6F1FF3F07D0C1
:1047800080452FD301D1A1452CDB00FB034001263E
:1047900015F8014BE9E72B2C04BF2C78851CD6E7D4
:1047A000102BD8D1302CD6D1287800F0DF00582833
:1047B000D1D16C7810230235CDE72B7803F0DF03DD
:1047C000582BF6D00823C6E7A4F1410CBCF1190F11
:1047D00001D8373CCFE7A4F1610CBCF1190F04D824
:1047E000573CC8E74FF0FF36D2E7731C06D12223AF
:1047F000CEF80030304632B9BDE8F08307B1404210
:10480000002AF9D006B1691E1160F5E7AFDD02009C
:1048100038B5074D00230446084611462B6001F0C9
:1048200091FB431C02D12B6803B1236038BD00BF4C
:10483000E846002038B5064D0023044608462B60A4
:1048400001F05FFB431C02D12B6803B1236038BD2C
:10485000E84600207047F0B587B004460F4616467C
:104860000021182268461D4604F0E5FD69462046F1
:10487000CDE90176ADF80C50F6F75EF807B0F0BD63
:10488000FBF76ABD014640F2E73008B54FF47A7293
:10489000002300EBC1304914E7F7DCF9BDE808401C
:1048A000FCF78CBB41F2670398420EDC40F648539C
:1048B00098420CDD5F23A0F6485058434FF44873EC
:1048C000B0FBF3F00530C0B270476420704705209C
:1048D00070471FB503468DF80120022200681B793E
:1048E0008DF80010CDF804D002928DF80C209DF8C0
:1048F0000C20816842F002028DF80C208C680122A5
:1049000001A9A047B0FA80F0400904B010BD10B56D
:1049100086B0009203930122089B01920493002227
:1049200007238DF808208DF814309DF81430826824
:1049300043F002038DF8143094680B460222694656
:10494000A04706B010BD836800EBC101B3F5004F6E
:104950002CBF51F8220031F81200704700EBC10162
:104960008068B0F5004F2CBF41F8223021F812309A
:10497000704708B50122FFF7E6FFD04008BD836805
:10498000B3F5004F00EBC10108D34B681AB143F0F7
:1049900001034B60704723F00103FAE74B881AB11B
:1049A00043F001034B80704723F00103FAE7530003
:1049B0000122FFF7D3BF8368B3F5004F34BF042350
:1049C0000823C91A081AC0087047B0F5004F34BF51
:1049D00004230823481C0833A0EBD300B0FA80F06E
:1049E000C0F11F0070472DE9F041174603220E4623
:1049F0000446FFF7A8FF8642054607F104080AD1DE
:104A0000E3680122BA4023EA0203E360002344F88A
:104A10002830BDE8F081314602222046FFF793FF9F
:104A20002B460646014644F8285020460322FFF74D
:104A300095FF3346294620460222BDE8F041FFF7A4
:104A40008DBF70B50D4686680446FFF792FFB6F538
:104A5000004F014601D3012809D03046FFF7B5FFCA
:104A6000294602462046BDE87040FFF7BCBF70BD36
:104A70002DE9F04705468068FFF7A7FF05EB800AA0
:104A80008846DAF810900646B9F1000F1BD00327CC
:104A9000DAF8104028462146FFF76BFF404507D360
:104AA000324621462846FFF79EFF2046BDE8F087A4
:104AB000032221462846FFF746FF013FCAF81000AF
:104AC00001D08145E4D1EB6801364FF0FF34B440AA
:104AD0001C40EAD094FAA4F2B2FA82F2131D55F8FF
:104AE0002340DEE72DE9F041144605460E46FFF768
:104AF00040FFA4EB0608371B0744424631462846D0
:104B0000FFF755FF3A4621462846FFF750FF434638
:104B1000002221462846FFF721FF21462846FFF7BD
:104B200028FF3B46211800222846BDE8F041FFF748
:104B300015BF2DE9F041164604460F46FFF719FF51
:104B4000314605462046FFF714FF05442A463946FC
:104B50002046FFF72CFF31462046FFF70AFF2B4681
:104B6000311800222046BDE8F041FFF7F7BE2DE9DD
:104B7000F0410D4686680446FFF7FBFEB6F5004F90
:104B8000014601D3012832D03046FFF71EFF04EB67
:104B900080010E6996B9E368012282401343E36005
:104BA00002220D612B4629462046FFF7D7FE03223D
:104BB00029462046BDE8F041FFF7D0BE022231462B
:104BC0002046FFF7C0FE2946034607462046FFF76A
:104BD000C5FE0322334629462046FFF7BFFE39466D
:104BE0002B462046FFF7BAFE02223146E1E7BDE838
:104BF000F081F8B50C460546FFF7BBFE26180122EA
:104C000031462846FFF79FFEC3070CD4314628469D
:104C1000FFF717FF21462846FFF7ABFE2146221873
:104C20002846FFF786FF002221462846FFF78BFE25
:104C3000271A012239462846FFF785FE10EA0206A8
:104C400013D139462846FFF7FCFE21463246284656
:104C5000FFF779FE2246211A2846FFF76AFF214610
:104C600032462846FFF76FFE241A21462846BDE843
:104C7000F840FFF77CBF38B571B105682846FFF7EB
:104C80009AFE0022044601462846FFF778FE214698
:104C9000BDE83840FFF7ADBF38BD70B5066809B94B
:104CA000002070BDB368B3EBD10FF9D9B3F5004F55
:104CB00034BF04230823CC1D1C44E408214630469D
:104CC000FFF7D6FE05460028EAD001463046FFF73A
:104CD00050FEA04209D92C44294630462246FFF70F
:104CE00001FF21463046FFF742FF304601222946A8
:104CF000FFF745FEB368B3F5004F34BF0423082324
:104D000003EBC5031844CCE72DE9F84306681446C5
:104D1000B26801F1FF39B2F5004F34BF0423082314
:104D200019EA01090F460BD0494239408B424F46E0
:104D300028BF0B46894654B900252846BDE8F883AC
:104D40009942F8D82146BDE8F843FFF7A6BFB2EB79
:104D5000D40FF1D9E11DB2F5004F394434BF04221C
:104D60000822C91A1144C9083046FFF781FE80465F
:104D70000028E1D0B368B3F5004F34BF0423082303
:104D800009EBC0051D4435447B1E1D44B5FBF7F5FA
:104D90007D43A5EB090529463046FFF70CFE2C4460
:104DA000073424F00704A41B804507464FEAE404B7
:104DB00008D2024641463046FFF794FE414630464F
:104DC000FFF7D5FE39463046FFF7D3FD384484421D
:104DD00008D2394630462246FFF784FE2146304647
:104DE000FFF7C5FE012239463046FFF7C8FDA4E7AC
:104DF000B2F5802F2CBF08230423D21A2DE9F041ED
:104E00008C18CD1D25F0070524F00704641B00262F
:104E1000E40805602146AC60EE602046FFF7D5FD52
:104E2000421D9200013002F107074FEAD707A2F1B5
:104E300010023146B8BF324605F1100004F0FBFA0B
:104E40003A4631462846FFF7B2FD334632463146F0
:104E50002846FFF783FDA4EB0708284631460122C8
:104E6000FFF78DFD42463946FFF7A1FD3B4632462E
:104E700039462846FFF772FD21462846FFF797FD81
:104E80004346324621462846FFF768FD214628461C
:104E90000122FFF774FD3946BDE8F041FFF767BE18
:104EA0002DE9F04706460D46174698462BB398F86D
:104EB000004093F80190DB78A40004EB430498F8D9
:104EC00002301C4444444FF0000ACA4509D3D8F8C4
:104ED000042008F1080339463046AC46BDE8F047E7
:104EE000604714F8013B48F823402046EAF70DFBE1
:104EF000013004440AF1010AE7E76FF01500BDE84C
:104F0000F08770B5002502462846144614F8013B88
:104F10000BB9184609E098B18D4207D1702B04D027
:104F2000A3F140023A2A0BD8002070BDA3F140063D
:104F30003A2E05D853780135941C002BE9D0002077
:104F4000252B08BF80F001002246DEE700207047D5
:104F500030B50C688B6814B14A689A4202DC0133A0
:104F60008B6030BD013A9A4214BF05460025E554D6
:104F70008B68F4E700F0FFBB0FB407B504A951F844
:104F8000040B019100F0F7FB03B05DF804EB04B0F3
:104F900070470CB407B504AB53F8042B0193EEF73C
:104FA00039F803B05DF804EB02B07047044608B569
:104FB000084611461A46A047FCF73CF8EFF7CCFC30
:104FC0000020704708B500F0B3FF162303604FF0D0
:104FD000FF3008BD08461146F0F75AB80CB407B5C3
:104FE000034604AADB68084652F8041B019298475E
:104FF00003B05DF804EB02B07047FBF735B9FBF77F
:10500000ABB9D0E9002130B54FF03333A2FB032414
:10501000D51843EB0405A1FB0313521844EB03041A
:10502000521944F10002891843F10003C0E900134A
:1050300030BD10B50A68002A03460FDD013A0A6048
:105040001A6844680A20A2FB001200FB0422100F19
:1050500022F07042C3E90012303010BD3020FCE76E
:105060002DE9F0410746884615461E461446B442CF
:1050700005D30EB1601B08E02378002BFAD014F89A
:10508000010B4146B8470028F1DABDE8F0810FB4C2
:1050900007B504A951F8040B0191FFF76BFF03B0AA
:1050A0005DF804EB04B0704710B50369024613F0D5
:1050B000080009D11368D4689C4297BF126AE31AAA
:1050C000D31A01200B6010BD00231846FAE713B570
:1050D00001A90446FFF7E8FF20B1019BE268013B0C
:1050E00013440193206A019BC01A013802B010BD1D
:1050F00010B5044650182269236AD20702D5013B35
:10510000184010BD984228BFC01AFAE710B50446EF
:105110000A46C168FFF7ECFF2369E06023F008034B
:10512000236110BD38B50D46C2698B00016843F09C
:10513000020342F82130044601682A46FFF7D8FFEF
:10514000E36861682060984202BF236943F0080366
:1051500023612A462046FFF7CBFF606038BD2DE96A
:10516000F74FC768C6699B4616F8273003F003035C
:10517000022B04468846914606EB870A4FF000034F
:1051800009D01360CBF800302369990710D40020B0
:1051900003B0BDE8F08F56F8271013608908CBF8EC
:1051A0000030F1D0FFF7B2FFE368A3600120EFE722
:1051B000A3695046984716F82730DA070546E6D522
:1051C00013F002031DD0B8F1000F03D04146204672
:1051D000FFF7A8FF61682A462046FFF789FFD4E958
:1051E00002319942606004D12A462046FFF780FFD1
:1051F000A060A3682360E360236943F00803236190
:10520000D4E7014620460193FFF780FFE268A260E1
:10521000B8F1000F04D02168E269019B42F8213007
:1052200005EB0802CBF8002021682046FFF760FF5D
:105230002369206043F00803236116F827306FF3D9
:10524000000306F82730C9F800A0AFE770B50446A0
:105250001546FFF74DFF2368834205D1236921607E
:1052600023F00803236170BDE269AB0043F0020341
:1052700042F82130204661682A46FFF739FF606016
:10528000F1E738B503695B07044606D5456AFFF7C1
:105290001EFF85422CBF6562606238BD38B50D4681
:1052A00004461C22002104F0C6F8EB68A361AB6839
:1052B00063612B68E3616B682362002262622A6982
:1052C00023B1591E194208BF42F001022261012296
:1052D00004F128000021BDE8384003F0F1BC2DE9BD
:1052E000F04F87B000250093036A03958B42044674
:1052F0000E4692460595A94639D3EFF3118B40230C
:1053000083F31288BFF36F8F059AD8462AB12946D6
:105310002046FFF79BFF0023059304A92046FFF7D3
:10532000C3FE0499B14207462AD32268E36913F801
:10533000221021F0030103F8221003EB82092168F7
:1053400032462046FFF7D4FEE3682060984212D030
:10535000002788F31188BFF36F8F039929B1626921
:105360000AB12046904700230393002FC5D1484639
:1053700007B0BDE8F08F236943F008032361E7E736
:1053800018B12046FFF7CEFEE3E7009B5AEA03037D
:1053900019D0019103F0B9FD0199A0B98BF31188DF
:1053A000BFF36F8F009B524604F12800FBF768F8AB
:1053B000EFF31188402383F31288BFF36F8FB0FAA5
:1053C00080F77F09C5E705AB03AA20462568FFF7EC
:1053D000C6FE0746BDE770B50446836908460D461C
:1053E00098470246EFF31186402383F31288BFF3F8
:1053F0006F8F2B7843F001032B7061682046FFF715
:1054000077FE60602046FFF73CFF86F31188BFF30C
:105410006F8F70BD2DE9F04104464027EFF31186F0
:1054200087F31288BFF36F8F236913F0080FA36807
:1054300002D16268934200D9226AE169D21A32B974
:1054400086F31188BFF36F8F4FF0000833E011F837
:10545000232012F0030001EB8308F1D0022803D1CE
:1054600051F82350AD0805D1D00712D4A3694046A6
:1054700098470546A1682A462046FFF739FE294687
:10548000A0602046FFF742FE86F31188BFF36F8FBE
:10549000C4E742F0020201F823204046A369A56850
:1054A0009847294602462046FFF722FEA06086F371
:1054B0001188BFF36F8F4046BDE8F081F8B5044610
:1054C000836908460D4698470646EFF31187402347
:1054D00083F31288BFF36F8F2B786FF300032B7069
:1054E00023699B0705D5E268E36903EB82039D42CC
:1054F0001AD12B786FF341032B70D4E90231994212
:1055000004D132462046FFF7F3FDA0603146204625
:10551000FFF7FCFD87F31188BFF36F8F04F12800BC
:10552000BDE8F840FAF786BF2B6860F39F032B6055
:10553000F0E7EFF31181402383F31288BFF36F8FFD
:10554000036913F0080F836802D14268934200D9BF
:10555000026AD31A81F31188BFF36F8F181E18BF28
:1055600001207047038B13F0070305D10368002B5C
:105570000CBF002003207047022B05D1408BB0FAEE
:1055800080F0400980007047012B05D10368002B93
:105590000CBF0020052070470020704710B50C4656
:1055A00000B111B96FF0150010BD081D00F094F89E
:1055B0000028F9D1A368032BF6D9F3E72DE9F041D0
:1055C0000D4607461946281D90461E4600F098F8DD
:1055D000044638B13346424629463846A446BDE81B
:1055E000F0416047BDE8F08110B4EFF31182402430
:1055F00084F31288BFF36F8F41615DF8044B012182
:10560000EDF7E6BE38B50C46054658B151B10B680A
:1056100043B14B6833B11C22002103F00CFF2C6115
:10562000002038BD6FF01500FBE770B505460E464B
:10563000FFF7B4FF041E14DBEFF31182402383F362
:105640001288BFF36F8F6B8B2C8B4FF6FF718B42E1
:1056500004F0070407D182F31188BFF36F8F6FF056
:105660000A04204670BD022C0CD101336B8382F3F7
:105670001188BFF36F8F0023224631462846FFF77B
:105680009DFFEEE7062C14D8DFE804F00413131393
:10569000041A0400002333606B683BB9C5E9006657
:1056A000ACB902212846EDF793FEDAE71E606E6082
:1056B000F6E782F31188BFF36F8F6FF00404D0E731
:1056C00082F31188BFF36F8F6FF08504C9E782F30F
:1056D0001188BFF36F8FC4E7034640B1426802F000
:1056E0000302022A06D0032A04D0012A05D06FF053
:1056F000150070471A68002AF9D00020986070479A
:1057000010B54268816002F00302022A03464FF09E
:10571000000407D0032A02D05C60002001E0186872
:105720005C6010BD18685C600028F6D0FBF742FF93
:10573000F3E7704703785B075FBF03684288C3F3F2
:105740004A2303EB12105DBF173020F007008008DA
:10575000002070470020704702F028BE0346BFF3C8
:105760005B8F53E8000F421C43E800210029F8D169
:10577000BFF35B8F70471FB50023CDE90201CDE970
:1057800000331A4619461846EEF754FA05B05DF88C
:1057900004FB0120EDF7FCBF0020704770B5D2E993
:1057A00001369B1B8B420C4615460AD313680A46EA
:1057B0000146981903F031FEAB682344AB602046E4
:1057C00070BD6FF01B00FBE770B50E46154619461D
:1057D000044618B9BDE87040EDF7DABF33B1C2F343
:1057E0004A231030120D184403F017FEC4E9005686
:1057F0002046BDE87040EEF765B92DE9F3415F1C26
:105800004FEA8708064608F1170020F007008008D5
:105810000C461546EEF730F80023ADF805308DF84C
:1058200007308DF8047068B10346019A43F8102FD1
:10583000A8F104012A46294452F8045B43F8045FA6
:105840008A42F9D1A20102F4E07242EA482222F02F
:105850007F4222F47002002322F03F02314602B060
:10586000BDE8F041FFF7B0BF07B50123019201AADF
:10587000FFF7C3FF03B05DF804FB07B5CDE90023D4
:1058800002236A46FFF7B9FF03B05DF804FB1FB5BA
:10589000CDE90123069B039301AA0323FFF7ADFF84
:1058A00005B05DF804FBF8B506460D4614461F46E4
:1058B00004B9F8BD214628463A46B047241A0544A3
:1058C000F6E710B5426881680446D2E90023006813
:1058D000FFF7E9FF636800221A6010BD13B50024CA
:1058E0000094E9F76DFF02B010BD38B54B681A6837
:1058F000CB689A4205460C4602D10846FFF7E1FF05
:105900006368BFF35B8F53E8002F511C43E800101E
:105910000028F8D1BFF35B8FA3689D54002038BDE9
:105920000A2838B504460D4602D10D20FFF7DDFFE9
:1059300029462046FFF7D9FF002038BD2DE9F04366
:10594000054687B008460E8891F80090D1F8088087
:105950000C461746EEF7BEF9011EC6F38216C9F3D0
:10596000C2091EDB4846EEF7BFF8034621466088B1
:1059700051F8102B0196C2F34A22002A01EB0204CF
:10598000C0F30B1008BF00210022CDE90407CDE9C8
:105990000214009241462846EEF7C8F907B0BDE868
:1059A000F0830023E2E743681B685B68002099618D
:1059B000704743681B681A685268536070472DE946
:1059C000F04143681B685A68012111771D68D5E9C9
:1059D0000136D3E900482F681CB96B681C60BDE82C
:1059E000F081214630464246B847241A0644F3E780
:1059F00043681B681868EEF707BB70B543681D68FD
:105A00006B6898690C46EDF79FFE214603460F220E
:105A10002868BDE87040184738B50D46AB421146BE
:105A20001C4604D81A4603F0F8FC204638BD002472
:105A3000FBE703F000BDC30903EB430303EBC30320
:105A400083EA4000C0B27047CB78027853400370BD
:105A50004B884278534043700A68837883EA122364
:105A600083700A68C3785340C370CB79027953407E
:105A70000371CB884279534043714A68837983EA42
:105A8000122383714A68C3795340C371CB7A027A77
:105A900053400372427A4B89534043728A68837A37
:105AA00083EA122383728A68C37A5340C372CB7B22
:105AB000027B53400373CB89427B53404373CA68D4
:105AC000837B83EA12238373CA68C37B5340C37307
:105AD00070471FB502788DF8002042798DF80120BB
:105AE000827A8DF80220C27B8DF8032002798DF82E
:105AF0000420427A8DF80520827B8DF80620C2783A
:105B00008DF80720027A8DF80820427B8DF8092055
:105B100082788DF80A20C2798DF80B20027B8DF8EF
:105B20000C204278C37A8DF80D2082798DF80E20F2
:105B30008DF80F3010236A461946FFF76DFF05B048
:105B40005DF804FBF8B5064608780C46FFF773FFCE
:105B500005466078FFF76FFFA27863785340E278DC
:105B600053405D406840307060782778FFF763FFEE
:105B70000546A078FFF75FFFA3785F40E3785F40BA
:105B80007D406840707063782778A0785F40FFF7A9
:105B900052FF0546E078FFF74EFFE3785F407D4017
:105BA0006840B0702078FFF746FF62782378534052
:105BB000A278534080EA0305E078FFF73CFFEDB29E
:105BC0004540F570F8BD70B5144688B0054600280C
:105BD00049D0002949D0002A49D010230A466846F6
:105BE0001946FFF719FF21466846FFF72DFF1034CD
:105BF00001F1A0066846EEF703FB6846FFF769FF70
:105C0000694604A8FFF79EFF01A905A8FFF79AFFC0
:105C100002A906A8FFF796FF03A907A8FFF792FFBE
:105C2000102319460DEB03026846FFF7F5FE2146E7
:105C300068461034FFF708FFB442DBD1EEF7E0FA14
:105C40006846FFF746FF21466846FFF7FDFE102332
:105C500019466A462846FFF7DFFE684610220021F3
:105C6000FFF7E7FE012008B070BD0846FBE71046CD
:105C7000F9E710B50A460F3012F9103B002BACBF04
:105C80000023872312F8014D83EA44038A4200F877
:105C9000013902D01378DB09F4E710BD08B520B153
:105CA00058220021FFF7C5FE012008BD10B50446AB
:105CB00088B110220021FFF7BCFE102204F1300051
:105CC0000021FFF7B6FE0023636400224FF4803307
:105CD000C4E91423012010BD70B504460D461646D4
:105CE00010B311B358220021FFF7A3FE2946A66482
:105CF0003046EEF791FA102200212046FFF799FE78
:105D000004F11005A26C21462046FFF75CFF2146F6
:105D10002846FFF7AEFF294604F12000FFF7A9FF50
:105D20002046FFF7C3FF012070BD0846FCE72DE9C0
:105D3000F0410E4615460446002860D0FAB100290D
:105D40005DD0D0E9143253EA020158D0013BD0F8BB
:105D5000448042F1FF32C0E91432B8F1000F2CD078
:105D6000C8F1100708F13000BD4220440AD22B468A
:105D700032462946FFF750FE636C2B4463640120D2
:105D8000BDE8F0813B4632463946FFF745FE103DFF
:105D90000023636445443E44631E04F10F0113F87D
:105DA000012F93F830008B4282EA00021A70F6D17C
:105DB000A26C21462046FFF706FF04F10F07102DC5
:105DC0000AD8002DDBD02B463246294604F130009C
:105DD000FFF722FE6564D2E7631E711E13F8012FE0
:105DE00011F8010FBB4282EA00021A70F6D1A26CD0
:105DF00021462046FFF7E7FE1036103DDFE7002082
:105E0000BEE770B50C460546E8B169B34A6C102A86
:105E10001AD11031631E013904F10F0013F8012F5C
:105E200093F83060724011F8016F984282EA0602DE
:105E30001A70F3D1A26C21462846FFF7C4FE204613
:105E4000FFF72CFF012070BD02F130000021C2F1EC
:105E500010022044FFF7EDFD636C2344802283F899
:105E6000302004F12001D5E70846ECE70146006840
:105E7000EEF724BA08B5EEF7B1FABDE80840EEF740
:105E8000B1BA0A460121FFF7EFBC00210120EEF76D
:105E900015BA61B662B680F31188BFF36F8F704791
:105EA00072B6002383F31188BFF36F8FBFF34F8F58
:105EB00030BF62B6BFF36F8F704772B6002383F3B3
:105EC0001188BFF36F8FBFF34F8F20BF80F311880E
:105ED000BFF36F8F62B67047202809D9B0F1004F29
:105EE00008D80138B0FA80F0C0F11F0040007047B8
:105EF000082070473E207047002070474FF0FF3069
:105F000070470228CCBF00200120704710B504461E
:105F10001420FCF793FC2060BDE8104002F032BE74
:105F20004FF0FF324FF0FF33FAF79EB9FAF714BA89
:105F3000F9F7DCBEEDF78CB9EDF7FEB8EDF742B935
:105F4000EDF7C6B9EDF7AAB970470023038243699C
:105F5000C3607047416A8968EFF752BAEFF3118264
:105F6000402383F31288BFF36F8F00230B604368D5
:105F700033B9C0E9001182F31188BFF36F8F704706
:105F800019604160F7E710B50346EFF31181402235
:105F900082F31288BFF36F8F006828B15C680268D3
:105FA0001A60A04208BF5A6081F31188BFF36F8F57
:105FB00010BD027A013202727047034618465B68D0
:105FC000002BFBD17047426810B52AB10B461C4626
:105FD0005B68002BFBD16260416010BD10B50446C8
:105FE00020B90B7A01330B72084610BD03461846E0
:105FF0005B68002BFBD1FFF7E6FF2046F5E78368DF
:106000000B440360704703680B6043684B60836810
:106010008B6070478388026819448180D01870476C
:1060200030B484880568A3188380281930BC03F035
:10603000F4B910B5838802685C1C8480D154D018F0
:1060400010BD034600689A88401A11441860998070
:1060500070478288521A034682800068084418609C
:106060007047034600689A88521A01449A80196062
:10607000704710B503681C880221FFF7EAFF20462D
:1060800010BD02688068101A70478388C2888168D2
:10609000D21A03685B1AD01A704710B50C46017803
:1060A00022788A428AB00FD06946EFF7F9FA05A93B
:1060B0002046EFF7F5FA10220DF115010DF1010060
:1060C00003F09BF90AB010BD012A06D0022A07D0BE
:1060D00072B940886388C01AF4E740686368FAE7D9
:1060E0001022611C01300AB0BDE8104003F085B9F0
:1060F0006FF01500E6E7042A0AD0102A0DD0022A14
:106100004FF0000315D103700B88438001207047C6
:10611000012303700B684360F8E7022300F8013B9A
:1061200001F1100351F8042B40F8042B9942F9D1E6
:10613000ECE718467047012310B50621044600F825
:10614000013BF7F7B1FE18B9A37963F03F03A371E0
:1061500010BD0B6803608B8883808B798371037813
:1061600023F00203037070470078C0F340007047CB
:106170002DE9F04101F10C080C46054600F10C0137
:10618000404617461E46FFF73EFF4046FFF779FFA1
:10619000012310FA87F068826B722F8239464046DD
:1061A000FFF757FFE3687360628A0023E360728140
:1061B000638234602846BDE8F08138B5D1E9003209
:1061C000DA600B684A895A820D4604460868EFF780
:1061D000A7F900211022284603F02DF9A07AEFF745
:1061E000E5F86169054649B1637ADB0704D4436A7F
:1061F0001B6820469B689847002363612146284618
:10620000BDE8384002F04EBD438A23B9C068B0FAF9
:1062100080F040097047002070470F2807D80D28EC
:106220000BD8052808BF032018BF02207047132889
:1062300003D01A2808BF0120F6E701207047FFF7B6
:1062400013BBFFF71ABB10B50346BFF35B8F53E8D0
:10625000000F40EA010243E80024002CF7D1BFF30D
:106260005B8F10BD0023EDF761BCBFF35B8F50E87F
:10627000003F0B4040E80032002AF8D1BFF35B8FAB
:10628000704738B504460D46EFF7DAFB5F3005D1AD
:1062900029462046BDE83840EFF744BB38BD002012
:1062A000704781767047704710B5038842889342E3
:1062B00019D8052B17D9B2F5486F14D88388B3F5D0
:1062C000FA7F10D2C088A0F10A0189B240F6764464
:1062D000A14208D801339BB25343B3EB800F34BFC4
:1062E0000120002010BD0020FCE740F24130704743
:1062F0000020704770B506460D4642F2210003218A
:10630000EFF73AFE044618B9BDE87040EFF700BB5E
:1063100003210C30FFF77EFE06808570214642F295
:106320002100BDE87040EFF7B9BF70B506460D46D5
:1063300040F206400321EFF71FFE044668B1032137
:106340000C30FFF767FE0680857021460022BDE80D
:10635000704040F20640F0F79BB86FF0680070BDE7
:10636000C368187808B1EFF72BBB1846F0F7A2BC4A
:1063700038B50221054642F21600EFF7FDFD04464E
:1063800068B102210C30FFF745FE2B8803802146BF
:106390000022BDE8384042F21600F0F779B86FF0FD
:1063A000680038BDF8B507460E4642F222000621C5
:1063B0001546EFF7E1FD044678B106210C30FFF7F2
:1063C00029FE3B8803804680858021460022BDE867
:1063D000F84042F22200F0F75BB86FF06800F8BDB9
:1063E0002DE9F0478146884642F2320007219DF8A8
:1063F00020A017461E46EFF7BFFD0546A0B10721B6
:106400000C30FFF707FEB9F80030038080F80280F7
:10641000C7700671A0F805A029460022BDE8F04724
:1064200042F23200F0F734B86FF06800BDE8F08750
:1064300008B500200021EFF7BFFF18B1BDE8084004
:10644000EFF726BFBDE80840F1F722BF08B50722E5
:1064500002F0D3FFB0FA80F0400908BDFFF704BA9C
:1064600000280CBF08460020704718B111B108463B
:10647000F0F7A2BD6FF01500704713B5044680B168
:1064800006216846F7F710FD48B99DF805306946C2
:1064900003F03F0320468DF80530FFF7E6FF02B01A
:1064A00010BD6FF01500FAE7003818BF01207047E3
:1064B000034610F4004F0CBF07200620DA0348BF44
:1064C00000F005009B0348BF00F0FB007047BFF3DE
:1064D0005B8F0068BFF35B8F704710B50346BFF357
:1064E0005B8F53E8000F00EA010243E80024002C10
:1064F000F7D1BFF35B8F10BD012310B403FA01F194
:1065000004466AB1BFF35B8F54E8003F0B4344E895
:106510000032002AF8D1BFF35B8F5DF8044B70475F
:106520005DF8044BC943FFF7D8BF2DE9F04F87B0A2
:1065300005469DF84860DDF840909DF844A00C4663
:1065400090460021102202A81F4602F074FFEEB907
:10655000CDE90248012202A942F20800F0F754FFF7
:10656000044678B9BAF1000F3ED11035BFF35B8F06
:1065700055E8003F43F0040345E80032002AF7D114
:10658000BFF35B8F204607B0BDE8F08FEFF77CFECE
:106590008346E4B937BB5846E8F7B7FF0923012E15
:1065A000CDE901B48DF800308DF80100CDF80C80F4
:1065B000D0D1CDF810D005960222CCE714F83320C4
:1065C000083A012A25D901339845F7D1E2E700239B
:1065D000FAE717F83320083A012A1AD90133994506
:1065E000F7D1D8E70023FAE7022E4FF0010208BFE7
:1065F000059202A908BF324642F2090008BFCDF851
:1066000010D0CDE90279F0F7FFFE0028ADD00446A6
:10661000B8E76FF01504B5E7436813F008000AD037
:106620005A0307D403F4C063B3F5806F14BF02208C
:10663000012070470120704770B5064686B00D46B0
:1066400042F20A000121EFF797FC0446B0B10C308A
:1066500095B10121FFF7EDFC06F1100203A92046D8
:1066600000950723EFF776FC0022214642F20A004C
:10667000EFF70EFF06B070BD2946EBE76FF068003C
:10668000F8E7183002F0FABB036800220BB918468D
:1066900070478B4210D10B6842B942680360914247
:1066A00000D1436000230B600120704713604368F2
:1066B000994208BF4260F5E71A461B68E6E7D0F842
:1066C000B000003818BF0120704708468969116082
:1066D000C2691A60C27A0021183002F0ACBEBFF362
:1066E0005B8F0068BFF35B8F7047FFF7C6B873B569
:1066F0000446CDE900320D4622B9D0F8A8606B46B9
:1067000001AAB0472846EEF70BFF019B23B1009981
:106710006FF06D022046984702B070BD837A072B58
:1067200001D1F1F7EDB970472438F1F779BA10B516
:106730000446006918B1EEF7F3FE0023236110BD93
:1067400010B5034600F1C8021046FFF7C8FF80B13C
:10675000BFF35B8F411C52E8004F844204D142E8F2
:10676000001CBCF1000FF6D1BFF35B8FECD11846D3
:1067700010BD0346FBE72DE9F84307460E46904659
:1067800000244FF0D009B44203D100231846BDE8DD
:10679000F88309FB0470FFF7D3FF034658B1857AED
:1067A000012D02D0073D012D03D81A884245EDD0B6
:1067B0001846F1F7D5FB0134E5E710B5837A023BC3
:1067C0000446062B16D8DFE803F009041515150B4F
:1067D0000900417200212046F1F7ECFB002010BDBA
:1067E0000088FFF7A2FD0028F9D1A37A072BF5D185
:1067F0000821F0E76FF07F00F1E738B5037A8B42AC
:106800000446154615D100F170010722284602F012
:10681000F4FD80B1E378072243B904F17E012846F4
:1068200002F0EBFDB0FA80F0400938BD04F17701C9
:10683000F5E70020F9E70120F7E770307047F8B579
:1068400007460D4642F213000E21EFF795FB064670
:10685000D0B10E210C30FFF7DDFB0E2204460021E3
:1068600002F0E9FD3B8823802B8863806B88A3803E
:10687000AB88E380EB88238131460022BDE8F840F5
:1068800042F21300EFF704BE6FF06800F8BD7047E6
:10689000F8B505460F46164600234FF48032042112
:1068A0000020F1F7B3FC044620B92846BDE8F840C3
:1068B000F2F714B804210C30FFF7ACFB05704770F9
:1068C00046802046F8BD704710B400F14C03012209
:1068D000BFF35B8F53E8001F43E80024002CF9D17D
:1068E000BFF35B8F41B9034653F8482B8164D2F85C
:1068F000B41031B9C2E92C3300685DF8044BF1F7EC
:10690000A5BA0B60C2F8B430F6E710B50368D3F847
:10691000B02042B1D3F8B4401168C3F8B010A2421D
:1069200008BFC3F8B4104C300023BFF35B8F50E8AE
:10693000002F40E800310029F9D1BFF35B8F10BD73
:1069400070B5D0E9003504464BB3D3F8B0204830D9
:1069500000216AB1904234D1A26C51BBD3F8B4107B
:10696000C3F8B020884201D1C3F8B4200023A36447
:1069700004F14C030022BFF35B8F53E8001F43E890
:1069800000200028F9D1BFF35B8F04F13006236BA0
:10699000D3B96B680BB12046984700232360E368A6
:1069A0000BB1204698472B6AB3B12046BDE8704032
:1069B00018470A60D3F8B420904208BFC3F8B41057
:1069C000D4E711461268C4E7002200233046F9F7E5
:1069D000FFFCEEF7A5FDDAE770BD38B5406B30B1CE
:1069E00050F8084904B1083CFFF7AAFF04B938BDC4
:1069F000A5682DB12046083DFFF7A2FF2C46F7E71A
:106A00002046BDE83840FFF79BBF0431F1F7FEBBDD
:106A1000406B30B1838B8B42A0F1080001D08068BD
:106A2000F7E7704710B54AB989B2FFF7F1FF28B10F
:106A300043689B6913B1BDE81040184710BD38B5D5
:106A40000D460521FFF7E4FF00231A462946F1F71A
:106A5000CDFF044610B12846EEF762FD204638BD52
:106A6000406B30B183898B42A0F1080001D080686F
:106A7000F7E7704770470346006828B15968026815
:106A80001A60884208BF5A6070470346002003B965
:106A900070471A8A5B681044F9E710B5D468237808
:106AA000023113B92170012010BD8B42FBD0038A43
:106AB000023B038200201061F6E706207047FEF7D4
:106AC000D3BE73B51446014605464FF4957220684F
:106AD00000F01DFE207500BB237A2068ABB1A3F146
:106AE0001802534253419B000193638A0093AE689E
:106AF000238AE2682946B047002808DB238A9842A7
:106B00000ED100232375012008E00223ECE710F1E9
:106B1000FF0F05D34042C0B22075002002B070BD07
:106B20000E20F9E71FB5CDE90123002300931A4693
:106B3000F3F7EAFB05B05DF804FBF8B59368166857
:106B400005460F46144663B9506801210C30FFF723
:106B500061FAA0602B681B78002B14BF022301236D
:106B60000370A3681B78012B03D0022B1FD00020D9
:106B70001CE02B681B78002BF9D1606804210C30D5
:106B8000FFF748FAE06007802A68E36852885A8075
:106B90006168728D738B088A9A4294BFC0EB0200C1
:106BA000C0EB0300042894BF00200120F8BD2B682F
:106BB0001B78022BDBD1606812210C30FFF72AFA18
:106BC000E06007802B68E268591C0232113351F8EB
:106BD000040B42F8040B9942F9D16168728D738BF2
:106BE000088A9A4294BFC0EB0200C0EB030012284F
:106BF000D9E770B405686A6A52B3136803B1A83B59
:106C0000A2F1A8040022114600E0A83B844207D06C
:106C1000668D648BB14238BF3146A24238BF2246EE
:106C20001C462BB1D3F8A830002BEED18442EFD113
:106C3000438D408B8B4201D890420BD9824238BFA2
:106C400002469942286838BF194670BCF3F78CBFDA
:106C50001146EDE770BC7047D0680378043113B972
:106C60000170012070478B42FBD091680B8A002095
:106C7000043B0B82106170472DE9F04F044685B04C
:106C8000104690469946FFF700FF638B628D934252
:106C900028BF134683428B4640F293806368039378
:106CA0004046FFF78AF94FF0000A06464046FFF7D4
:106CB000ECFE628B638D06F10C079A4294BFC0EB29
:106CC0000205C0EB03053846FFF7DFF9854217D20E
:106CD0004046FFF7DAFE628B638D9A4294BFC0EBA9
:106CE0000205C0EB03058DBB98F80A00EEF75EFBCA
:106CF00000220023FFF72EF9064630B9574636E04A
:106D00003846FFF7C2F90546EDE701464046FFF772
:106D100065F94046FFF7B9FE628D638B06F10C07FB
:106D20009A4294BFC0EB0205C0EB03053846FFF75B
:106D3000ACF985421FD24046FFF7A7FE628D638BF8
:106D40009A4294BFC0EB0205C0EB0305F168328A9A
:106D5000CDF80090DBF8047003980A44ABB25946B2
:106D6000B847071E0CDABAF1000F18BF574638466D
:106D700005B0BDE8F08F3846FFF787F90546E5E72F
:106D80000E9BB3B9394606F10C00FFF743F94046B4
:106D9000FFF77BFE638D628B934228BF1346B94495
:106DA0008342BA441FFA89F9A8D9AF423FF47EAFB3
:106DB000A4E70F9A0E9B3946304698470028E1D148
:106DC0009CE70027D3E70368002203B970478B4292
:106DD0000FD10B683AB942680360914200D1436019
:106DE00000230B60704713604368994208BF4260FC
:106DF000F6E71A461B68E8E706207047BFF35B8F8B
:106E000050E8003F43F0080240E800210029F7D194
:106E1000BFF35B8FC3F3C000704773B516680546B8
:106E200000237068137314462946952200F06FFC06
:106E3000207380B9CDE900002946A388A2683046B6
:106E4000FFF71AFF002809DA10F1FF0F26BF4042B2
:106E5000C0B20E202073002002B070BD0120FBE7FD
:106E60002DE9F34116680746002370681373144632
:106E70003946952200F04BFC0546207308BBA068FC
:106E8000718D728B038A914294BFC3EB0103C3EBF4
:106E90000203012B15DD02210C30FFF7BBF8CDE911
:106EA00000558046A388A26839463046FFF7E4FEC5
:106EB000031E0ADA13F1FF0F26BF5B42DBB20E237B
:106EC0002373002002B0BDE8F081A8F80030012053
:106ED000F8E72DE9F04104468868FFF7D6FD638D99
:106EE000628B934228BF134683420D461DD3E16552
:106EF000D1F8088000278F60F9F7A2FF41462046AD
:106F0000F2F772F9064638B1C5F80880E765F9F777
:106F1000ABFF3046BDE8F081618D638B994228BF9D
:106F20001946284600F0D3FCF1E76FF07906F0E748
:106F300038B5BFF35B8F0B68BFF35B8FDB0705468C
:106F400017D550F8040CA0B1AB6D93B90430FFF71E
:106F500092FD044668B10146281FFFF7BAFF0028DA
:106F600007DA55F8043C5A6822609A685C6002B9F6
:106F70009C6038BD2DE9F041446A07463CB354F8A3
:106F8000A86906B1A83E00231D4607F1040801E0E8
:106F900034461646E26D9AB905B98BB94046FFF7FB
:106FA0006AFD054658B101462046FFF792FF0028CA
:106FB0000DDA7B682B60BB687D6003B9BD6023463A
:106FC0002EB1D6F8A820002AE2D0A83AE0E7BDE822
:106FD000F08170B504460E46002200230846F9F7FA
:106FE000F7F9054658B101462046F2F7FDF8044688
:106FF00018B12946304601F055FE204670BD6FF0AD
:107000000104FAE7F8B50546071F00F1540350F8EC
:10701000044CBFF35B8F53E8001F21F0040143E8E9
:107020000012002AF7D1BFF35B8F04B3AB6D8BB9AD
:1070300063687BB1201DFFF71EFD014606463846FA
:10704000FFF747FF002812DA63683360A3686660C1
:1070500003B9A66005F15C013846FFF7BAFF30B10D
:1070600004F10C013846BDE8F840FFF7B2BFF8BDA7
:1070700038B504460D46F2F7B7F830B1294604F1A9
:107080006000BDE8384001F002BE38BD2DE9F04196
:10709000884617460121042205461E46F1F7A8FF3F
:1070A000044670B104210C30FEF7B4FF80F8008074
:1070B000A0F80170C67021462846BDE8F041FFF7F0
:1070C000D7BFBDE8F08137B50C46054601F10C008D
:1070D000FEF7CFFF228A0192E26800920346132254
:1070E00012212846F2F7DCF903B030BD37B50C4663
:1070F000054601F10C00FEF7BCFF228A0192E2680E
:1071000000920022034611462846F2F7C9F903B05F
:1071100030BD07B5CA681388528800920C210D2231
:10712000F2F7BAFB03B05DF804FB07B5CB680022A9
:107130001B8800920A210B22F2F7AEFB03B05DF828
:1071400004FBF8B5CB681F88BBB2162B054619D9CE
:107150000321F2F75DFA0646B0B102210C30FEF7CA
:1071600059FF00246FF0080303704470314628462D
:10717000FFF77EFFF72328466B836F85FFF739FD06
:107180002046F8BD0420FCE70E20FAE7F3F768B8C4
:107190000A8AC9680023F2F70DBD70B50E46F2F7F2
:1071A000DFF9044628B93046EEF7BAF96FF07F00F0
:1071B00070BD00F10C052846314601F068FD606A9B
:1071C00038B150F8A84904B1A83C2946FFF701FF9F
:1071D00020B90020ECE71C466FF00100002CF8D02D
:1071E000D4F8A83023B90230F5D020461C46ECE78D
:1071F000A83BF8E738B505460C46F9F721FE2846C6
:10720000F2F7AEF920B9F9F72FFE6FF07F0038BD25
:107210000023236083683BB9C0E90144FFF7AAFE5D
:10722000F9F722FE0020F2E71C608460F6E70120F7
:10723000704708B5F2F794F998B1436A8BB1BFF380
:107240005B8FA83B03F1580252E8000F20F00800C2
:1072500042E800010029F7D1BFF35B8FD3F8A830D3
:10726000ECE708BD08B50421FFF7FAFB30B1BFF326
:107270005B8F406DBFF35B8FC0F3C00008BD0B4652
:1072800009895A8A914238BF11469A8A8A4203D0A4
:1072900099829B6903B11847704710B5029CA36897
:1072A00033B1B1F5807F28BF0E21CAB2214698477D
:1072B000A37DE268013BDBB2A37522B11BB9204676
:1072C000BDE81040104710BD10609180002070474D
:1072D000FEF7CABA08B5072202F08FF8B0FA80F0BC
:1072E000400908BDBFF35B8F0068BFF35B8F704739
:1072F00010B5012303FA01F1BFF35B8F50E8003FA3
:1073000043EA010240E80024002CF7D1BFF35B8F71
:10731000194214BF0120002010BD0B6803608B8848
:1073200083808B798371704710B50346BFF35B8F01
:1073300053E8000F00EA010243E80024002CF7D1D3
:10734000BFF35B8F10BDF8B599420446089EDDE996
:1073500006070D4601D90020F8BD914201D2012057
:10736000FAE760B98FB933880A9A013B338029461E
:10737000099B204698473388002BEDD1EBE7216825
:10738000FEF78BFE0028EDD0E9E7E368BB42E6D1CB
:10739000E9E708B5FEF7CBFC18B9BDE80840F2F7FD
:1073A00031BE002008BDF0B507683D7889B00646BB
:1073B0001446E5B97B88B3F5245F04D011D8A3F552
:1073C0002053032B13D8ADF80A1002220DF10A0145
:1073D0002046FFF7DEFF70B16FF01502C4F80821F8
:1073E00006E003F55643FF339BB2042B1DD901255C
:1073F000284609B0F0BD7B88ADF80A3002220DF1B5
:107400000A012046FFF7C5FF0028E5D1009003AA36
:10741000776813233146B847021EDFDB03A92046F5
:10742000FFF7B7FF0028E2D0D6E7ADF80A10022236
:107430000DF10A012046FFF7ACFF0028CCD17B8874
:10744000ADF80A3002220DF10A01E8E710600020D1
:10745000704770B500F1700605463146007AFEF7B8
:1074600047FF04463146287A3CB1F2F7F9FC18B1DF
:10747000002303604360836070BDF2F7F1FC0028D5
:10748000FAD0046044608460F6E7022A10B508D19F
:10749000002300F170011A46007AF2F725FD022060
:1074A00010BDFFF7D6FFFAE738B504461546FFF7DB
:1074B000BEFE50B12046F2F7A5FC30B1037ADB07DF
:1074C00003D500210C30FFF713FF35B9207A04F102
:1074D0007001F2F7C5FC00B1856038BDF7B51546FF
:1074E000BDF820601F46FEF700FF022EADF8060033
:1074F0000ED8C6F10204BC42A8BF3C460DF10603FB
:1075000022469919284601F088FF204603B0F0BDB5
:107510006FF00604F9E72DE9F0419846BDF81860D0
:107520001546EEF7B1FE0746E7F7EFFF83B2B34229
:107530000CD39C1B4445A8BF4446A4B22246B919AB
:10754000284601F06AFF2046BDE8F0816FF006048E
:10755000F9E7F7B51F460023BDF820608DF8043029
:107560001546F2F74FFC10B1037A8DF80430012E66
:107570000DD8C6F10104BC42A8BF3C4601AB22466F
:107580009919284601F049FF204603B0F0BD6FF07D
:107590000604F9E713B5C96810460A781C46BDF819
:1075A000103092B94A88ADF80620022B18D8C3F1E2
:1075B00002029442A8BF144622460DF10601194466
:1075C00001F02BFF204602B010BD102B01F101018C
:1075D00006D8C3F110029442A8BF14462246EEE733
:1075E0006FF00604EEE7F7B5C968BDF820601546F0
:1075F0001F46F2F755FC00B10089ADF80600022ED7
:107600000ED8C6F10204BC42A8BF3C460DF10603E9
:1076100022469919284601F000FF204603B0F0BD2C
:107620006FF00604F9E710B5BDF80810BDF810407A
:10763000A14210460BD8641A9C42A8BF1C46039B6B
:10764000A4B22246194401F0E8FE204610BD6FF0B6
:107650000604FAE713B5044610B9002002B010BDC5
:1076600000238DF80430006842F6030301A9ADF849
:107670000630FEF712FD0028EFD1E3689888002855
:10768000ECD12046F2F710FE013080B2E6E7F0B50B
:10769000CC6887B008461F46A3798DF80430BDF842
:1076A00030601546FFF7D6FF2468ADF80500237853
:1076B0009BB96388ADF807300524B44219D3A41BE5
:1076C000BC42A8BF3C46A4B201AB22469919284649
:1076D00001F0A3FE204607B0F0BD631C0DF10702C8
:1076E000113453F8041B42F8041BA342F9D11324AC
:1076F000E3E76FF00604EDE71FB5CDE901230023B2
:1077000000931A46F2F700FE05B05DF804FB12F094
:10771000010F4B8A04D013F0950F10D0486870B158
:1077200012F0020F04D013F4957F0AD0896841B19A
:107730001A4012F4DE7F14BF05200020704702209B
:107740007047032070472DE9FF41837A072B0546D8
:107750000C46164610D100238DF80C30206842F6F6
:10776000030303A9ADF80E30FEF797FC60B9E36898
:107770009B7913F0300F03D1002004B0BDE8F081F5
:107780002046F2F7D5FE0446002320688DF80C3021
:1077900003A942F60213ADF80E30FEF77EFC18B1D5
:1077A0002046F2F7C5FE0446002742F6021820687C
:1077B0008DF800706946ADF80280FEF76EFC20BBC4
:1077C000002320688DF80C3003A942F60213ADF8AF
:1077D0000E30FEF762FC0028CED1E468224628462F
:1077E00012F8011BFFF709F810B123891E420AD1D4
:1077F000A17A04F10B022846FEF7FFFF0028BBD058
:10780000638A1E42B8D00120B7E720688DF8047063
:1078100042F6030301A9ADF80630FEF73EFC00284E
:10782000CED020688DF808704FF4205302A9ADF82F
:107830000A30FEF732FC0028C2D020688DF80C70A8
:1078400042F6010303A9ADF80E30FEF726FC00282E
:10785000B6D02046F2F76CFE04460028A7D18BE78D
:10786000F8B506460F46F2F7CDFAD0B1037ADB073A
:1078700017D500F10C042046FFF734FD10F0010588
:107880000FD17FB16FF002012046FFF74DFD10F0E0
:107890000207304608D0FFF7CCFC29462046FFF708
:1078A00027FD01252846F8BDFFF7C1FC0028F9D0C7
:1078B0003046FFF7D7FC0028F4D06FF002012046D5
:1078C000FFF732FD3046FFF7B4FC3946E6E7704774
:1078D0000021F8B54FF0FF324FF0FF330546084660
:1078E000FFF793F800F10C07044601213846FEF734
:1078F00091FB0526067001213846FEF78BFB00231D
:1079000006701A4621462846F1F770F810B1204655
:10791000EDF706FE0020F8BD6FF0850070470020EF
:10792000704710B403460838BFF35B8F50E8002F50
:10793000511C40E80014002CF8D1BFF35B8F1AB93A
:107940005DF8044BF3F76EB96FF00F025DF8044B6E
:107950009A6670470369C9B20C2201FB0233186CA6
:1079600000F00700704770B5C9B20369EFF31185E5
:10797000402484F31288BFF36F8F0C2606FB01347A
:10798000246C14F0C00408D0A24206D085F31188FC
:10799000BFF36F8F4FF0FF3070BD71430B44012276
:1079A0001A6485F31188BFF36F8F43680B445B68DB
:1079B00098470020F0E78022FFF7D5BFF8B5069F73
:1079C0000469C9B2EFF31186402585F31288BFF32D
:1079D0006F8F0C2569430C44256C05F0070CBCF136
:1079E000010F0BD1276486F31188BFF36F8FC4E9B1
:1079F0000E2343685B5898470020F8BD05F0C0058A
:107A0000AF4286F31188BFF36F8F0CBF6FF0770022
:107A10004FF0FF30F1E713B580240094FFF7CEFF5D
:107A200002B010BD10B40069CBB21C2403FB0400EB
:107A300000215DF8044B1047002000F09FBD104668
:107A4000F8F7F8BC43681B6901221A6000207047F0
:107A500043681B6901225A600020704743681B6914
:107A6000D3F804350B6000207047F0B5476805690E
:107A70003C6903464668327D707AFAB10C681A692F
:107A800033696FF07F4084424AD10220C3F8080373
:107A90004868106088685060CA68D6075CBF0122D9
:107AA0009A604A6812B10222C3F804230020F0BD94
:107AB000FE6856F83260002E35D101325E68767A63
:107AC0009642F5DC4FF480328240C4F808234E68B9
:107AD0002E608E686E6000F5A8700E68AE6044F887
:107AE0002060C868C5070DD40120A0600020496847
:107AF00029B91B6999686FF07F439942D7D0C4F8C0
:107B00000423D4E75D680E682D69D5F80455AE42AC
:107B1000ECD8800744BF0120A0606FF03D00E6E78D
:107B20006FF01500C3E76FF00F00C0E7002070474B
:107B30000369986870470369D86870470369002033
:107B4000D96070472DE9FF4104460022012124201D
:107B5000ECF7D2FF6368D4F810801F6900256FF03E
:107B60007F462846CDE9015503950096F3F7C8FBFB
:107B7000C7F30830C7F80855ECF78EFFC8F808605F
:107B800069462046FFF771FF04B0BDE8F08110B5EB
:107B900044684FF4803322698B40C2F84833C2F8FE
:107BA000083301F150039B000020D05009B2D35894
:107BB000E36843F8310010BD10B5047D881A14B194
:107BC00020F07F4010BD5C1C234201D11840F9E732
:107BD000914238BF0019F5E730B5A2F58075AD08C0
:107BE0000124AC400C4207D0815829B100218150BA
:107BF00082581A6822431A6030BD37B500230D46FB
:107C000001934FF4A0742246043401AB2946A4B278
:107C1000FFF7E2FFB4F5A87FF5D129464FF4807253
:107C2000FFF7DAFF4FF482722946FFF7D5FF01987C
:107C300003B030BD2DE9F74F43680769D3F81080D2
:107C40001B7D3D68064643BB43685C7A5034A40004
:107C5000A4F58074A4084FF0010909FA04F4214640
:107C60004046FFF7CAFF044208D073681B7D0BB97A
:107C7000C8F8089015B179683046A84700244FF03D
:107C800001084FF48039A246D6F804B09BF80930B9
:107C9000A34205D803B0BDE8F08F4FF48274D7E754
:107CA000A5004035DBF8103037690193AD0808FABC
:107CB00005F529461846FFF7A0FF019BD3F80423DA
:107CC00015403A6908FA04F105400A40154330D0DE
:107CD000BFF35B8FC94307F1100252E8005F0D400C
:107CE00042E800500028F8D1BFF35B8F09FA04F294
:107CF000C3F80823DBF80C2052F8345042F834A0C3
:107D000002EBC40BADB104F5A87253F822103B6925
:107D100004F11002D340DB0705D5BB68706801226F
:107D2000FFF74AFF01460A46DBF80430E1B230466D
:107D3000A8470134A8E71144027D1AB121F07F4120
:107D4000084670475A1C1A4208D119400029F7D139
:107D50006FF07F41591A18BF0121F1E7994284BFA2
:107D6000C91A01F1FF31F1E72DE9F0410669D0F8B8
:107D700004800C46054619461746B3680122404662
:107D8000FFF7D9FFD8F8103004F5A872103643F881
:107D9000220004F1100201239340BFF35B8F56E8E9
:107DA000002F1A4346E800210029F8D1BFF35B8F6A
:107DB000D8F81020D2F80435BB4205D02146284619
:107DC000BDE8F041F3F742BB4FF48033A340C2F863
:107DD0000433BDE8F0812DE9F04F036954680F4684
:107DE0000FFA81F9416805469868C968844287B0EE
:107DF00001EBC70600F2AB8051F839B0BBF1000FC0
:107E000040F0A880106841F839009168716007F16E
:107E1000100001218140C9431033BFF35B8F53E849
:107E2000004F0C4043E800400028F8D1BFF35B8FBF
:107E3000D36801936B6802932B690393029B546888
:107E40001E694FF48033BB400493019BD6F8042590
:107E500003F001030593039B07F15008D3F808A032
:107E60004FEA880806EB89030093D3F8401546F8DB
:107E700008B056F80800C3F84025049BC6F8443300
:107E800068685346FFF798FE012806D10F2000F0DE
:107E90008CFB46F808B056F80820059BD6F8041568
:107EA000E3B12CB96FF07F44BAEB040418BF01248E
:107EB000019BC3F34008039BDA68AAEB020B0A4656
:107EC000686853462146FFF777FE012818D12346FC
:107ED00039462846FFF748FF002429E04FEA5A0BAD
:107EE0005C45224668680191534632BF4FF0010855
:107EF0004FF00008D346FFF71EFF01990446DEE766
:107F0000009AC2F84045D6F804256868611EFFF75C
:107F100053FE584515D9059B002B14BF6FF03D0447
:107F20000024B8F1000F07D039462846F3F78EFA3F
:107F3000204607B0BDE8F08F029BDB6843F839802C
:107F4000F6E70028C3D0049BC6F80433C4E76FF0FB
:107F50001504EDE76FF00F04EAE70020704738B52D
:107F60000C461546EEF784F928B129462046BDE8AF
:107F70003840EEF761BB6FF00A0038BD43685B68BC
:107F8000D3F810350B600020704743685B6802EA45
:107F9000010021EA0201C3F80805C3F80C1500200E
:107FA000704743685B680020C3F808157047436852
:107FB0005B680020C3F80C15704743685A68D2F814
:107FC000043521EA03000B40C2F80805C2F80C355D
:107FD0000020704710B503695868F8B1884219D17C
:107FE0009C6808685860A14200D198600020086031
:107FF0002AB15A680A609A68596002B999600020EB
:1080000010E0814206D10868206098688142EDD175
:108010009C60EBE7044600680028F2D1002AE8D112
:108020006FF0150010BD37B5044600220121032072
:10803000ECF762FD6368DD6901AA0021284600F0C3
:1080400063F800280DDB019B2A6819791868F3F79B
:108050006DFE002805DB204603B0BDE83040F3F795
:1080600063BD03B030BD4368586A70472DE9FF41D6
:108070004468CDF808D0A37F606AA569277F94F88B
:108080001DC000954343DB00019302EB4202012334
:1080900003930A44914232D1214651F8040B83687C
:1080A00002AA1D680023A8470546208DF8F7A4FF03
:1080B000284604B0BDE8F081236A1B5C032B20D85E
:1080C000DFE803F00302191B0B7805F1FF3E0720E0
:1080D00023FA00F818F0010F0CBFE046B84601384B
:1080E0000EF8018FF4D208350136A37FF0B2834237
:1080F000E2D80331CEE74B78E7E78B78E5E7002657
:10810000F3E76FF01505D3E730B543681360057AE0
:10811000446804EBC504A34202D36FF0010030BDF4
:108120005C798C4201D00833F0E70020F7E7436820
:108130001B68D3F88004C3F8800470474268136852
:10814000D3F8100150B1D269002012780A70C3F838
:108150001001D3F8102101221A6070474FF0FF3050
:10816000704702680346D2F8580140B95B68DB07E4
:1081700006D4D2F82001003818BF01207047012032
:10818000704743681B68D3F80423D20517D5D3F88A
:108190002021A2B1EFF31182402181F31288BFF3B5
:1081A0006F8FD3F8201131B10021C3F82011D3F81B
:1081B00020110121D96082F31188BFF36F8FD3F8AA
:1081C00058317047FDF750BB002201210420ECF725
:1081D00093BC10B50B6813B91360184605E003682B
:1081E0005C681CB114600368186810BD0833036034
:1081F0000B68013B0B60EDE703460A4600681979FE
:10820000012303FA01F103691B68194218BF82F0C8
:10821000010212B18368DB68184783681B69FBE7BA
:1082200010B5036804464BB19A683AB1186900F07A
:10823000BBFB206800210830FFF7DEFFA36933B9DC
:10824000636004F11000BDE81040F8F7F3B810BD0A
:1082500010B5006903688B4206D190F86C4034B9C0
:10826000FFF7DEFF204610BD6FF01500FBE76FF053
:108270000F00F8E7FDF7F8BA002201212320ECF700
:108280003BBC10B50B6813B91360184605E00368D2
:108290005C681CB114600368186810BD0833036083
:1082A0000B68013B0B60EDE713B501AA0446FFF72D
:1082B0002BFF002805DB019B226819791868F3F76A
:1082C00035FD02B010BD03460A4600681979012346
:1082D00003FA01F103691B68194218BF82F0010219
:1082E00012B18368DB68184783681B69FBE710B528
:1082F00004460068D0B18368C3B149B10121083098
:10830000FFF7E1FF23681869BDE8104000F04CBB9F
:1083100012B98388DB0409D4006900F045FB2068AA
:108320000021BDE810400830FFF7CDBF10BD10B5EB
:10833000012200210446FFF7DAFFA36933B9636025
:1083400004F11000BDE81040F8F774B810BD10B586
:10835000006903688B4206D190F86C4034B9FFF78E
:10836000E6FF204610BD6FF01500FBE76FF00F0031
:10837000F8E738B505690446296405F12800F8F7DF
:1083800059F8002285F86C2020691146BDE8384074
:10839000FFF7ADBF00F150039B009BB203F1804398
:1083A00003F5883300221A601B68704708B5F4F79C
:1083B0002BFE08BD10B500F09EF84FF0FF304FF0D7
:1083C000FF31F4F7BDFF044620B9D8F7ABFB0446F4
:1083D000F4F7BEFF204610BD38B50B8A0D4673B3C7
:1083E0000B7EA3B1022B2AD14FF0FF304FF0FF31AB
:1083F000F4F7A6FF044640B9E868E3F7F1FD044648
:10840000F4F7A6FFB4B1F4F7A9FF204638BD4FF04A
:10841000FF304FF0FF31F4F793FF04460028F4D10A
:10842000E868F5F76FF90446F4F792FF002CECD1F9
:10843000F4F794FF2846EDF773F80024E5E76FF0B2
:108440001504E2E7F5F7B8B810B53122044600216B
:1084500000F0F1FF202323708023A3706FF03F030F
:1084600063710423A3722823A3730223E3730423F9
:10847000A3756FF0080363766FF03C03A3766FF08B
:108480000C03E3767E232377302384F820306FF0CB
:108490003F0384F82130072384F822306FF007036C
:1084A00084F82330012384F82430802384F8263094
:1084B000042384F82930402384F82D3010BD002394
:1084C00003604360037823F03D0343F03D030370F2
:1084D000437823F0410343F041034370704701F1B7
:1084E0002003013813F8012D00F8012F8B42F9D138
:1084F0007047F5F737BD70470021F5F7E7BD90F8F5
:108500004010012901D8F5F7E1BD122070476846F7
:1085100020F007018D4601B5E0F706F9EBF762FFA1
:10852000BDE801408546704708B54FF0FF314FF078
:10853000FF30F4F705FFE6F7D2FFBDE80840F4F797
:1085400007BF684620F007018D4601B5E0F7B8F88F
:10855000BDE8014085467047684620F007018D461A
:1085600001B5DFF7E3FDEBF73DFFBDE801408546D0
:10857000704708B5E6F7DEFE002008BD012801D1EE
:10858000DFF79EBC70477047DFF7BEBA4FF08053ED
:10859000D3F83001421C04BF4FF0704393F8E00F52
:1085A000831F584258417047004700F0FDB9C00092
:1085B00000F1804000F5F830C0F81015C0F814251F
:1085C0007047F6F761BB036803F01F025B090260A6
:1085D0000CBF4FF0A04000207047F7B5019001A8F4
:1085E000DDE9084716461D46FFF7EDFF019BB6F192
:1085F000000C18BF4FF0010C00EB83000B1E18BFDE
:108600000123002D43EA4C0314BF4FF00C0C4FF034
:10861000000C002C43EA0C0314BF4FF4E06C4FF045
:10862000000C002F43EA0C03D0F8002714BF4FF4CE
:10863000403C4FF0000C43EA0C0322EA030301B173
:1086400009780EB13678760019430DB12D78AD005A
:1086500031430CB12478240229430FB13F783F0401
:108660000C433C43C0F8004703B0F0BD1FB50DF10B
:108670000F03019300238DF80F1000931A4619463B
:10868000FFF7ABFF05B05DF804FB024611F00100F7
:1086900007D04FF0A041D1F820351360C1F8203544
:1086A00003B900207047F6F733B8F6F711B808465B
:1086B000F5F7FEBF036803F01F025B0902600CBF01
:1086C0004FF0A0400020704707B5019001A8FFF7C8
:1086D000F1FF019A01239340C0F8083503B05DF81B
:1086E00004FB07B5019001A8FFF7E4FF019A0123FD
:1086F0009340C0F80C3503B05DF804FB37B5D0F8F3
:1087000018358A69DBB28DF807300B6A93423EBF99
:108710004A699DF80740D4540B6A91F824500C69BB
:108720005A1C0A62023335B1A3428C6938BF0B610F
:108730009C4288BF8B610D699D4205D9CA68D35C94
:10874000C0F81C3501200AE08C699C4201D9CB7F1E
:10875000F6E7AA42F6D3A2422CBF0020012003B0C4
:1087600030BD70B5A2F58074A408012606FA04F4A1
:10877000054614EA010008D0A85830B10021A950DC
:10878000AA581A6822431A60304670BD2DE9F34199
:10879000002304460D460193904601AB4FF4A672A8
:1087A000FFF7DFFF4FF4827229462046FFF7D9FF1B
:1087B0004FF48C72074629462046FFF7D2FF064643
:1087C00030B1B8F1000F1DD017B1D4F83C353E469A
:1087D00001AB4FF4887229462046FFF7C2FF30B143
:1087E000B8F1000F03D016B90FB1D4F83C3501AB86
:1087F0004FF4907229462046FFF7B3FF019802B06C
:10880000BDE8F0814646E3E7430906D101234FF076
:10881000A0428340C2F8083570470023C3F80835EA
:10882000FFDE430906D101234FF0A0428340C2F886
:108830000C3570470023C3F80C35FFDE30B5D0F897
:1088400004312BB10023C0F80431D0F804310123E6
:1088500091F82F2022B30022C0F82421D0F824411F
:10886000C0F81C21D0F81C41C0F80821D0F808211C
:10887000002B79D0002281F82D2091F82F20002A9A
:1088800037D14D6B8C6AA5421FBF0523C0F8002568
:10889000C0F80035134683F0010381F82F3028E03B
:1088A000D0F8244114B1C0F824210EE0D0F81C21E6
:1088B0006AB3C0F81C41D0F81C214A6B01324A63EC
:1088C000D0F8245145B1C0F82441D0F82421012228
:1088D000426181F82F20CBE78C6AA24204D24C6A15
:1088E000A25CC0F81C25C3E791F82C201AB1012323
:1088F000C361002030BD0A6A12F0400F4FF0010240
:1089000003D0C26181F82D20F3E74261B0E7D0F8CF
:108910000841002CACD0C0F80821D0F80841D0F8AC
:108920002441002CBFD14A6B8C6AA242A0D24C6A6F
:10893000D0F81855A5544A6B8C6A0132651EAA42BC
:108940004A6308D10A6A540602D40222C0F80022FF
:10895000012202628CE7A242FAD10A6A520687D546
:10896000022381F82D30C4E70120C3E7036803F038
:108970001F025B0902600CBF4FF0A040002070474F
:1089800007B5019001A8FFF7F1FF019A0123934079
:10899000C0F8083503B05DF804FBF7F719B908B55E
:1089A000FFF7FBFF002008BD08B1ECF7E1BD704701
:1089B000704740B1C368587810F001001EBF1878A6
:1089C000B0FA80F040097047EFF31183402383F33E
:1089D0001288BFF36F8FFEE710B5D0E9003433B9CA
:1089E0000020E268537843F00103537010BD204625
:1089F00098470028F4D00028B8BF4042E368FF2819
:108A0000A8BFFF201870ECE700F015BD00F005BD11
:108A1000704710B400F10C04C0E903445DF8044B46
:108A2000FCF7E6B92DE9F04F89B0DDE9126705469C
:108A30003B46914606A83246059100F0B6FBDDE9BB
:108A4000063405F1140ACDE90234EFF311844FF036
:108A5000400888F31288BFF36F8F05F10C0B05995E
:108A60004A462846FCF750F930B184F31188BFF329
:108A70006F8F09B0BDE8F08F3E43F6D0DDE90223E9
:108A800006A800F0B6FBDDE906675A46CDE90067A7
:108A900021465046F8F720F9EFF3118488F3128845
:108AA000BFF36F8FDBE738B50446EFF31185402342
:108AB00083F31288BFF36F8FFCF7DDF804F10C002D
:108AC00000F0FFFA30B1294604F11400BDE8384047
:108AD000F8F772B985F31188BFF36F8F38BD41691C
:108AE000836843EA010212F003020FD1C2600269F7
:108AF000013A01FB023382689A4201D90020704793
:108B0000C2681A604269C3609B1AF4E76FF01500EF
:108B10007047F8B504460D46EFF31186402383F302
:108B20001288BFF36F8FC76877B900F0A7FA58B102
:108B3000C0F8B070456100F02CFA314604F108002D
:108B4000BDE8F840F8F738B9E3682B60A369E56041
:108B5000013BA36186F31188BFF36F8FF8BD08B5A1
:108B60004024EFF3118384F31288BFF36F8FFDF776
:108B700097F9F6E790F90E308B4201D0F8F7D8B8A4
:108B80000020704703460020C3E90200C3E9003318
:108B900070472DE9F843994604469DF820300D466C
:108BA000904600F10806EFF31187402282F3128805
:108BB000BFF36F8F03B14568304600F05FFA60B1D4
:108BC0000023C0F8B030C0F8148000F0E2F930465D
:108BD0003946F8F7F1F800200CE0B9F1000F1BD08E
:108BE0000821F8F715FD38B987F31188BFF36F8FA7
:108BF0006FF00B00BDE8F8830122C0F8048002602A
:108C0000016801F003015DB922680A4302606268ED
:108C100020606AB960600BE0C8F800904046EFE75A
:108C20002A68032A10D80160616839B9C4E90000D4
:108C3000042104F1100000F06BFBC8E70A6802F0A1
:108C4000030202430A60E5E722F003020A430260DE
:108C50002A6802F0030240EA02032B60E8E710B53D
:108C6000044630B10268930703D0446809B100F0AC
:108C70007CFB204610BD0023C0E9003300F108034F
:108C8000C0E9023300F11003C0E90433704707B5AF
:108C90000123009300230A461946FFF77AFF03B029
:108CA0005DF804FB07B500230A4600931946FFF759
:108CB00070FF03B05DF804FB00680021FFF7CFBF31
:108CC0005AB18A4209D300F11003C0E90212C0E987
:108CD0000000C0E90433002070476FF015007047B2
:108CE000026801238B4022EA0303036022FA01F0A9
:108CF00000F001007047704710B5032104460C30A6
:108D0000FFF7EEFF30B104F1100000F033FAB0FAD3
:108D100080F0400910BD28B10022114600F5807096
:108D200000F005BA704770B5C368C3F340069B07EF
:108D3000044616D4856802210C30FFF7D1FF80B1BC
:108D4000D5F8F8206AB194421DD122689EB9D5F8B1
:108D5000FC30C5F8F8209C4201D1C5F8FC20002366
:108D60002360E36813F01F001EBF43F00203E360BB
:108D700040F0020070BD3260D5F8FC20944208BF7C
:108D8000C5F8FC60EBE716461268DBE773B50446EE
:108D9000EFF31185402383F31288BFF36F8F002315
:108DA000A0F11006032104380193FFF799FF28B1C1
:108DB000A369019301A93046F7F77EFC85F311887A
:108DC000BFF36F8F02B070BD38B504460D46102258
:108DD000002100F030FB656038BD13B501900846F6
:108DE000EFF31184402383F31288BFF36F8F01A93F
:108DF000F7F762FC84F31188BFF36F8F02B010BDE8
:108E000010B5FFF7EAFF041E08DDEFF311804023E1
:108E100083F31288BFF36F8FF7F7FEFF204610BD74
:108E200070B50D46EFF31186402383F31288BFF32C
:108E30006F8FF7F79BFC044686F31188BFF36F8FA3
:108E400038B14FF0FF324FF0FF3305F11000F7F764
:108E500017FB204670BD08B54FF48C72002100F05E
:108E6000EAFA08BD38B5302204460D46002100F06C
:108E7000E2FA4FF480736560E36038BD38B50446AC
:108E8000EFF31185402383F31288BFF36F8FFFF751
:108E900033FF2046FFF747FF85F31188BFF36F8F3D
:108EA00038BDF8B504460D46EFF31186402383F331
:108EB0001288BFF36F8FC36803F01F03002B14BF2A
:108EC0000127002705D186F31188BFF36F8F38463D
:108ED000F8BDFFF711FF2046FFF725FF2946204682
:108EE000F7F7CCFB86F31188BFF36F8F0028EED025
:108EF0004FF0FF324FF0FF3305F10800F7F7C0FAEB
:108F0000E5E7C0E9000000207047EFF30580003876
:108F100018BF0120704778307047F7F75FBFD0E97E
:108F2000003213605A600023C0E90033704708B56F
:108F3000FFF7F5FF437B23F00203437300238360B5
:108F400008BD38B504460D46F7F7C0FD637B43F016
:108F500002036373E5B1A5602B689D4209D16B687C
:108F6000C4E900531C606C6012E06A689A42F6D053
:108F70001B68002BF3D094F90E2093F90E108A424F
:108F8000F3D09142F1DD5A68C4E9003214605C60AC
:108F900038BD10B5EFF31184402383F31288BFF37B
:108FA0006F8FF7F7ABFD84F31188BFF36F8F10BDA0
:108FB00010B50446183000F0DDF8EFF311814023BE
:108FC00083F31288BFF36F8F627B12F0100204D01C
:108FD00081F31188BFF36F8F10BD2046BDE81040AC
:108FE000F7F7C0BD08B5EFF31181402282F3128874
:108FF000BFF36F8F83680BB1FFF799FF81F311887F
:10900000BFF36F8F08BD38B50446EFF311854023D9
:1090100083F31288BFF36F8F437B13F0280F0BD1BC
:1090200083680BB1FFF783FF637B51B903F0FB0348
:1090300063732046F7F762FD85F31188BFF36F8FE6
:1090400038BD03F0EB03F3E701211838FFF7DBBF6E
:1090500008B50346EFF31181402282F31288BFF373
:109060006F8F0068834207D008B1FFF760FF81F37C
:109070001188BFF36F8F08BD0020F8E738B5EFF314
:109080001185402383F31288BFF36F8F0468A042D9
:109090000DD034B12046FFF74AFF04F1180000F06C
:1090A00069F885F31188BFF36F8F204638BD00241F
:1090B000F7E710B5FFF796FFBDE81040183000F055
:1090C00059B838B504680546AC424FF0000000D1ED
:1090D00038BD002CFCD02046FFF7EBFF2046FFF701
:1090E00058FF2C680120A542F1E7EFF311814022DF
:1090F00082F31288BFF36F8F027BD2070CD581F306
:109100001188BFF36F8F002383F31188BFF36F8F34
:109110000423184602DF7047437B1B0704D581F305
:109120001188BFF36F8F70470122F7F71BBD38B569
:10913000EFF31185402383F31288BFF36F8F046828
:10914000A04213D0A4B1C4F8B01062612046FFF76A
:10915000EEFE04F1180000F00DF82046F7F7CEFC03
:10916000012085F31188BFF36F8F38BD0020F8E729
:109170002046F6E710B5EFF31184402282F31288FF
:10918000BFF36F8F03683BB1F8F734F8002084F326
:109190001188BFF36F8F10BD6FF01500F7E708B5AA
:1091A000F8F746F908BDF8F743B9B3F1FF3F08BF38
:1091B000B2F1FF3F70B504461D46164613D01A4360
:1091C00015D06FF00102921B4FF0FF3363EB0501E6
:1091D000002904DAF8F72CF9821941EB0501C4E9FA
:1091E0000021204670BD4FF0FF321146F7E7002204
:1091F000FBE7B3F1FF3F08BFB2F1FF3FF8B5074609
:1092000016461C4610D054EA020311D0F8F710F9A4
:10921000B0420A46A14103460AD2F31A64EB0204A3
:10922000C7E900343846F8BD4FF0FF331C46F7E776
:109230000023FBE70023C0E9081200F11802C0E98F
:109240000622C0E9003303634363704710B5044648
:10925000FFF790FFA8B9636A0BB12046984704F165
:109260001800FFF7F5FE60B1FFF793FEEFF31180F2
:10927000402383F31288BFF36F8FBDE81040F7F7E8
:10928000CBBD10BD2DE9F041846805460E46ECB11A
:109290006378012B25D114F8533C9A0714D5A4F117
:1092A00060073846FFF705FF082E0CBF6FF0030379
:1092B0000023236514F8533CDB0605D154F8483CE1
:1092C00013B93846FFF765FE00232370EB68C3F33C
:1092D00086321643002066F39433A860EB60BDE845
:1092E000F081022BF0D12378002BEDD054F8048CC0
:1092F000B8F1000FE8D004F11400FFF73BFFA4F130
:1093000014070023E36239464046FFF766FDDBE7BA
:1093100010B50346EFF31184402282F31288BFF3A5
:109320006F8F0068834208D0D0E9003213605A6022
:109330000023C0E90033FFF7A5FF84F31188BFF3D2
:109340006F8F10BD0432D3B5044608D20026002723
:10935000CDE9006741F00401FFF764FB10B900207C
:1093600002B0D0BD40F8044BFAE720B1011F50F81D
:10937000040CFFF798BB704710EE101AC1F3C753E7
:109380000029A3F17F02B4BF4FF0FF3001201E2A55
:109390001ADC002A03DA013218BF00207047162AAF
:1093A000D8BF4FF48003C1F31601D8BF134141F475
:1093B0000001CDBF963B5B18C2F1170201FA03F31F
:1093C000D8BFD34058437047FDEEC07A17EE900ADD
:1093D0007047B1EEC00A704710EE103A23F0004318
:1093E00000EE103A704710EE103A23F00040B0F152
:1093F000FF4FACBF00200120704710B50139024477
:10940000904201D1002005E0037811F8014FA342FA
:1094100001D0181B10BD0130F2E70A44914200F15F
:10942000FF3300D1704710B511F8014B03F8014F1D
:109430009142F9D110BD02440346934200D17047D6
:1094400003F8011BF9E79368013B002B10B493600C
:1094500008DA9469A34201DB0A2903D15DF8044BC1
:10946000F9F792BF1368581C1060197008465DF830
:10947000044B7047F8B506460F461446D518AC4263
:1094800001D1002007E014F8011B3A463046FFF7EF
:10949000DAFF431CF3D1F8BD2DE9F04F85B057EC4E
:1094A000106BDDE90E9B002F0C4690461946B8BFA5
:1094B00032463B462BF0200ABBBF07F100431F4654
:1094C00000232D23B8BF1646BAF1460F0B7005D006
:1094D000BAF1450F00D10134022100E0032103ABB2
:1094E000019302AB009347EC106B4B462246E6F724
:1094F000F7FFBBF1670F054619D118F0010F0ED029
:1095000005EB04080022002330463946E2F792FAC0
:1095100008B1CDF80C803022039B434521D3039B37
:10952000109A5B1B2846136005B0BDE8F08FBBF1B5
:10953000470FE2D0BAF1460F00EB0408E2D10378FE
:10954000302B0AD10022002330463946E2F772FA66
:1095500018B9C4F10104C9F80040D9F800309844A2
:10956000D0E7591C03911A70D6E7F7B50029BABFA6
:1095700049422D232B2309290270437029DD0DF167
:1095800007031D460A271A46B1FBF7F607FB161418
:10959000303402F8014C0C46632C03F1FF333146A2
:1095A000F1DC3031941E03F8011C411C2346AB4210
:1095B0000AD30DF109039B1AAC4288BF0023023382
:1095C0000344181A03B0F0BD13F8016B01F8016FE2
:1095D000EDE7302330318370C170031DF1E72DE9D1
:1095E000F047164698468A680B69DDF8209093424A
:1095F000B8BF1346336091F8432007460C460AB1C2
:10960000013333602368990642BF33680233336005
:10961000256815F0060506D104F1190AE3683268D9
:109620009B1AAB4226DC94F843302268003B18BFFB
:10963000012392062BD404F1430241463846C84721
:1096400001301ED02368226903F00603042B02BFF9
:10965000E5683368ED1AA3680CBF25EAE5750025B7
:109660009342C4BF9B1AED1800261A34B5421AD192
:10967000002008E00123524641463846C8470130E1
:1096800003D14FF0FF30BDE8F0870135C6E7E118A0
:109690005A1C302081F84300224494F8451082F887
:1096A00043100233C7E70123224641463846C847E4
:1096B0000130E6D00136D9E710B50C46B1F90E10ED
:1096C000FAF7A4FF0028ABBF636DA3891B1823F42E
:1096D0008053ACBF6365A38110BD002070472DE9A6
:1096E000F0411F468B89DB0505460C46164605D51D
:1096F000B1F90E1002230022FAF744F8A389B4F955
:109700000E1023F48053A38132463B462846BDE821
:10971000F041F9F78BBE10B50C46B1F90E10FAF70F
:1097200031F8431CA38915BF606523F4805343F4CB
:109730008053A38118BFA38110BDB1F90E10F9F7B2
:1097400011BF034611F8012B03F8012B002AF9D1B0
:10975000704710B50139034632B111F8014F03F8D3
:10976000014B013A002CF7D11A440021934200D159
:1097700010BD03F8011BF9E710B5024601448A4207
:10978000134603D01C780132002CF8D1181A10BDF2
:109790002DE9F74F03690C69A34207467EDB013CC4
:1097A00001F11408A30000F11405009305EB8403F4
:1097B000019358F8243055F8242001339A4208EBDD
:1097C0008409B2FBF3F62ED34FF0000AC446AE462E
:1097D000D3465CF8043B98B206FB00A0020C1B0CBD
:1097E00006FB0323DEF8002080B292B2121A5A441C
:1097F000DEF800004FEA134A9BB2C3EB224303EBAF
:10980000104392B242EA0342E1454EF8042B4FEA7C
:10981000234BDED2009BEB582BB9019B043B9D42AE
:109820001A462FD33C61384600F082F9002825DB28
:109830002946002058F8042BD1F800C01FFA82FEF8
:109840001FFA8CF3A3EB0E030344120CC2EB23426A
:1098500002EB1C429BB243EA0243C14541F8043B80
:109860004FEA2240E6D255F8242005EB840322B9C2
:10987000043B9D421A460BD33C610136304603B08F
:10988000BDE8F08F1268043B002ACBD1013CC6E74B
:109890001268043B002AEFD1013CEAE70020EEE722
:1098A000B1F90C202DE9F041170705460C4656D4B6
:1098B0004B68002B02DC0B6C002B3DDDE66A002EB2
:1098C0003AD0002312F480522F68216A2B6025D0F1
:1098D000626DA389580705D56368D21A636B0BB113
:1098E000236CD21A216AE66A00232846B047411C3D
:1098F00024D00023636023692360A389DA0400D5A0
:109900006065616B2F60B9B104F14403994202D0E4
:109910002846F8F79BFF002363630DE001232846E8
:10992000B047461C0246D4D12B68002BD1D01D2B4A
:1099300001D0162B2BD12F6000202FE02A68B4F91C
:109940000C3042B11D2A01D0162A22D100236360B7
:1099500023692360D5E7626022692260CEE70F6940
:10996000002FE9D093070E6808BF4B690F6018BF3E
:109970000023A6EB07088B60B8F1000FDCDD216A3D
:10998000A66A43463A462846B047002808DCB4F9A0
:109990000C3043F04003A3814FF0FF30BDE8F0816D
:1099A0000744A8EB0008E7E770B568234D1E5D4348
:1099B0000E4605F17401F8F793FF044640B100210B
:1099C000C0E900160C30A06005F16802FFF733FD16
:1099D000204670BD2DE9F8430646884600F148044C
:1099E0000027D4E90195B9F1010905D52468002CB7
:1099F000F7D13846BDE8F883AB89012B07D9B5F913
:109A00000E30013303D029463046C047074368353E
:109A1000E9E770B50C46B1F90E10002996B015466D
:109A20001E460DDAA38913F0800F4FF0000114BF1A
:109A300040234FF48063002031602B6016B070BD6E
:109A40006A46FAF7E5FE0028ECDB019901F4704163
:109A5000A1F50053594259414FF48063EBE7884226
:109A600010B501EB020402D98442234607D8431EF5
:109A7000A14208D011F8012B03F8012FF8E70244A6
:109A800001468A4200D110BD13F8014D02F8014D84
:109A9000F7E7B0F5803F034636BF030400201020EF
:109AA000B3F1807F3CBF1B020830B3F1805F3CBF45
:109AB0001B010430B3F1804F03D3002B0ADB0130CC
:109AC00070479B0001D5023070475B0001D5033021
:109AD0007047202070470368024613F007000BD040
:109AE000D90721D4980749BF5B089B080120136060
:109AF0005CBF13600220704799B209B91B0C10209B
:109B0000D9B209B908301B0A190704BF1B09043070
:109B1000990704BF9B080230D90703D45B0800F102
:109B2000010003D013607047002070472020704769
:109B30000A6903460069801A30B50ED11433143116
:109B400003EB820401EB820154F8045D51F8042D0B
:109B5000954203D005D24FF0FF3030BDA342F3D37E
:109B6000FBE70120F9E738B502FB01F52946F8F7D4
:109B7000B7FE044618B12A460021FFF75CFC2046D8
:109B800038BDF8B5074615460C4621B9BDE8F84082
:109B90001146F8F7A5BE22B9F8F758FE0024204672
:109BA000F8BD00F04FF9A842F9D229463846F8F737
:109BB00097FE06460028F1D021462A46FFF72DFCE5
:109BC00021463846F8F742FE3446E8E72DE9F047EB
:109BD0008E681F46BE420B6882460C4690462DD8C2
:109BE000B1F90C2012F4906F26D06569096905EB74
:109BF0004505A3EB010905EBD5757B1C4B446D10A6
:109C00009D4238BF1D46530527D52946F8F768FE03
:109C1000064660B321694A46FFF7FFFBA38923F498
:109C2000906343F08003A381266165614E44A5EBF8
:109C300009052660A5603E46BE4200D93E46206822
:109C400032464146FFF70BFFA3689B1BA3602368C6
:109C5000334423600020BDE8F0872A46FFF791FFD8
:109C600006460028E0D121695046F8F7EFFD0C23A5
:109C7000CAF80030A38943F04003A3814FF0FF30BE
:109C8000E9E738B54B1C144603D14FF0FF352846A1
:109C900038BD938923F0200393815368526BCDB272
:109CA0008AB1A26B9A4208DD23685A1E226003F82B
:109CB000015C636801336360E9E7214600F076F8F0
:109CC0000028F1D0E1E72169226841B1914206D232
:109CD00012F8011CA94202D1013A2260EAE7C4E964
:109CE0000F2304F1440363630323A363234603F8B0
:109CF000465F23600123DEE710B50C46496B69B16E
:109D000004F14403994201D0F8F7A0FD236C63608D
:109D10000020606313B1E36B236010BD23692360EF
:109D200000236360A38943F02003A3814FF0FF3039
:109D3000F3E770B50B7804465E2B0BBF4B784A1CDB
:109D40008A1C002108BF0121013804F1FF0500F839
:109D5000011FA842FBD10BB9501E70BD81F001015B
:109D6000E1541046024612F8015B2D2D05D05D2D01
:109D700016D0002DF1D02B46F2E746785D2EFAD0B2
:109D8000B342F8DC02301A4601329642A154FBDCA1
:109D9000F21A013A5D1CB342A8BF0022AB18E1E7FA
:109DA0001046DAE7FAF744BCFAF7C0BC2DE9F041F7
:109DB0000C46496B04F1440399421DD14FF4806174
:109DC000F8F78EFD18B94FF0FF30BDE8F0814FF481
:109DD0008063A36394F84630606380F8FF3394F89F
:109DE000453080F8FE3394F8443080F8FD3300F2BB
:109DF000FD3020600020E8E7A66B77003A46FFF7C9
:109E0000C0FE05460028DED000EB060801463246BB
:109E10004046FFF702FBC4E90D57C4F80080E9E7AC
:109E200082B001B901A942B14BB113780B6012782D
:109E3000101E18BF012002B070471046FBE76FF0FC
:109E40000100F8E751F8043C181F002BBCBF0B5869
:109E5000C01870470346084641B1FF2A04D98A2238
:109E60001A604FF0FF3070470A7001207047000001
:089E7000AA56FE7F010000006C
:109E7800D552010000000000FD5201000000000062
:109E88001D530100000000003D53010000000000C8
:109E9800595501000000000031B10100689F02001F
:109EA8009F89020000000000650002000000000019
:109EB80089000200000000003DB701007C9F0200FD
:109EC8002DE1010000000000738502000000000081
:109ED8005B7F0200A49F020059B60100909F020018
:109EE8005DBF0100B89F0200457B0200CC9F0200C5
:109EF800FDB30100000000007DD10100000000005A
:109F080085550100000000005136010000000000E6
:109F1800F95E020000000000E1E10100000000001D
:109F2800110502000000000075C0010008A0020031
:109F380071AF0100E09F020027800200F49F020039
:109F4800E1D4010030A00200B5C701001CA0020046
:109F58005D5601000000000085BC010044A002001D
:109F680045D6020080AC020098AC0200E411002043
:109F7800D4440020B4D6020010AD020028AD02007F
:109F8800EC110020B045002095D60200000000002A
:109F980000AD0200E81100205C450020A5D60200B3
:109FA8000000000008AD0200EA11002000000000D7
:109FB800D7D70200D8AD02001CAE0200F211002073
:109FC800BC4500206ED60200B4AC0200D0AC020042
:109FD800E61100204845002029D6020000000000B4
:109FE80068AC0200E211002000000000C6D60200A2
:109FF8004CAD020088AD0200EE110020280E0020B2
:10A00800B1D9020028AE020080AE0200F41100208F
:10A01800600E002047DA020088AE0200F8AE0200A7
:10A02800F6110020D00E0020A0DB02000000000086
:10A0380008AF0200F8110020D445002099D702008B
:10A04800A0AD0200CCAD0200F0110020000000001D
:10A0580089850200A9850200000000008B5E0200CD
:10A06800B89F0200838102001DFA0100A985020041
:10A07800E1EF0100A9850200000000008B5E0200EC
:10A0880029EB0100A9850200E09F0200B5AF01009D
:10A09800000000008B5E0200000000008B5E0200E2
:10A0A800000000008B5E0200000000008B5E0200D2
:10A0B800000000008B5E02005C450020C9B601006C
:10A0C800000000008B5E0200000000008B5E0200B2
:10A0D800000000008B5E0200000000000DD20100AD
:10A0E800000000008B5E0200000000008B5E020092
:10A0F800000000008B5E0200000000008B5E020082
:10A10800000000008B5E0200000000008B5E020071
:10A11800000000008B5E02000000000085E10100E5
:10A12800000000008B5E0200000000008B5E020051
:10A13800000000008B5E0200000000008B5E020041
:10A14800000000008B5E0200000000008B5E020031
:10A15800000000008B5E0200000000008B5E020021
:10A16800000000008B5E020061F50100A985020075
:10A17800CC9F0200357C0200000000008B5E0200CC
:08A18800000000008B5E0200E4
:10A1900030220020007A0020000A00002114010073
:10A1A00000000000000000000000000005000000AA
:10A1B0000000000045B402000000000000000000A4
:10A1C00028230020808400200005000039110100B0
:10A1D000000000000000000000000000050000007A
:10A1E0000000000051B40200000000000000000068
:10A1F00005000000298901000000000006000000A1
:10A2000009AC01000000000004000000258E0100E0
:04A21000000000004A
:10A21400651901001519010000000000000000008C
:08A22400000000000000000032
:10A22C0014AB020008000000B4AB020007000000F1
:08A23C0074A702000A000000F3
:10A2440036D6020003000000DBB502000300000064
:10A25400B4CC02000300000043D30200030000005A
:10A26400DBC2020003000000A2CF020003000000D2
:10A27400E2C2020003000000B0D4020003000000A8
:10A28400D5CA02000300000025CC02000300000030
:10A2940025D1020003000000BDDB02000300000022
:10A2A4001CDC020003000000ABDB02000300000022
:10A2B400DDD4020003000000CEB902000300000058
:10A2C400BABA02000300000060D6020003000000D6
:10A2D40089D60200030000007BD6020003000000C0
:10A2E40093C2020003000000C2D602000300000073
:10A2F400D3D6020003000000D9BA02000300000014
:10A30400DDBA02000300000015BC020003000000D7
:10A3140046DC020003000000BFC10200030000008D
:10A3240078C202000300000080C2020003000000A3
:10A3340055DD02000300000024C2020003000000F7
:10A344002EC202000300000070C2020003000000DD
:10A3540049C202000300000056C2020003000000CC
:10A3640062C20200030000003AC2020003000000BF
:10A374008FC2020003000000BED9020003000000E7
:10A3840054DA02000300000045B802000300000094
:10A39400E5D70200030000004EB9020003000000EC
:08A3A400A2D702000400000032
:10A3AC0098A8020070400020F4BB020001000000DD
:10A3BC00DCA80200380D002004BC020001000000E3
:10A3D0000000000000000001000000020000000476
:10A3E00000000008000000100000002000000040F5
:10A3F000000000800000001B00000036DAC90200E7
:10A40000DFC90200E3C90200E7C90200EBC902008C
:10A41000EFC90200F3C90200F7C90200FBC902003C
:10A42000FFC9020003CA020007CA02000BCA0200E9
:10A430000FCA020013CA020058DD0200000100002A
:10A44000F401FA00960064004B0032001E00140074
:10A450000A000500020001000100010000010100E6
:10A4600000010001000001000100000001000B00DC
:10A4700002000A00050009000A0008001400070095
:10A480001E000600320005004B00040064000300BB
:10A4900096000200FA000100F40100000C08021707
:10A4A0000D01010209090101060209181803010141
:10A4B000090903030503020123020224091004040D
:10A4C00005050B0B040B2B1B1B151A1A1C021D1662
:10A4D000130501490D150500A301B103BF05EF02E6
:10A4E0004906A309C505F50B25120E021C045A03E3
:10A4F000B4063006600C000001000000101100409E
:10A50000000000000000000000000000000000004B
:10A510000406080A0C0E10121416181C1E20222401
:10A5200026282A2C2E30323436383A3C3E404244DB
:10A5300046484A4C4E021A5000003408E803000016
:10A540002CA6E0A100000000280000001800000078
:10A5500000000000141E0000301100000000000088
:10A5600070170000A00F00000000DC05E8030000E9
:10A5700000000000141E0000301100000001030262
:10A58000D8ECF0F4F8FC000203040506070800000C
:10A5900000000000000000000000000000000000BB
:10A5A000000001010101020202020303030304048B
:10A5B000040405050505060606080900000000005C
:10A5C000000000000000000000000000000000018A
:10A5D000010101020202020303030304040404054F
:10A5E00005050506060708090A0B0C0D06080801F3
:10A5F000020600100200FA0000000000EBF4000068
:10A60000F7F40000FBF4000003F5000007F500007C
:10A610005AE0020051D602005DE002000000000096
:10A620000338FDD8704700000080E03779C341430C
:10A63000176E05B5B5B89346F5F93FE9034F384DA8
:10A64000321D30F94877825A3CBF737FDD4F157554
:10A65000000000000000F03F000000000000244067
:10A6600000000000000059400000000000408F4042
:10A67000000000000088C34000000000006AF840AD
:10A680000000000080842E4100000000D0126341D1
:10A690000000000084D797410000000065CDCD4147
:10A6A000000000205FA00242000000E87648374228
:10A6B000000000A2941A6D42000040E59C30A242C6
:10A6C0000000901EC4BCD64200003426F56B0C433B
:10A6D0000080E03779C3414300A0D88557347643E2
:10A6E00000C84E676DC1AB43003D9160E458E14343
:10A6F000408CB5781DAF154450EFE2D6E41A4B44B8
:10A7000092D54D06CFF08044F64AE1C7022DB544FC
:10A71000B49DD9794378EA441F0000001C00000072
:10A720001F0000001E0000001F0000001E000000AF
:10A730001F0000001F0000001E0000001F0000009E
:10A740001E0000001F000000010100009C110020FD
:10A7500009060000E6B50200071000008C11002079
:10A7600000000000050000004E0000004E00000048
:10A7700000000000E8B00200957502000000000033
:10A78000D011002000000100E4B002008F7602002A
:10A7900000000000240A002000000100BF1100207A
:10A7A000011A01000000000000000000000001008C
:10A7B000E0B00200E7750200499F0100000A002096
:10A7C00000000300DCB002008F76020000000000F1
:10A7D000F8090020000001009D1100205D1A010011
:10A7E000000000000000000000000100D8B00200DE
:10A7F000E7750200499F0100D40900200000030012
:10A80000D4B002008F76020000000000CC090020C6
:10A8100000000100AE110020A51901000000000099
:10A820000000000000000100D0B00200E775020047
:10A83000499F0100A809002000000300C14F020049
:10A84000D54F020000000000C54F0200D8250020AF
:10A85000000100009357020035570200020000007B
:10A860003D59020000000000000000000000000050
:10A8700000000000D4BB0200DCBB020000000000AE
:10A880000000000000000000E4BB0200E8BB020082
:10A89000ECBB0200F0BB0200B1400100A54001008A
:10A8A000D54001008D4001000000000099400100EA
:10A8B0000000000031410100784000202277002094
:10A8C00010000000CCA8020088400020B541010023
:10A8D000A84000203277002001000000FB59020050
:10A8E000F1590200BF590200B359020000000000F4
:10A8F000A759020000000000C00400200000000072
:10A9000000000B06020000000CA90200000000007D
:10A910000CC20200240002070000002014C2020042
:10A920001E000B11DD53010000000000495F020012
:10A9300024A902003CA902000001000070CB002005
:10A9400024A902004CA902002E000000B0D600206D
:10A9500024A902005CA902000201000090D7002097
:10A9600017CA020035CA020050CA020060CA0200BB
:10A970006DCA020076CA02007DCA020084CA0200C3
:10A980008BCA020093CA02006DCA02009BCA020071
:10A99000ADCA0200C2CA02000E030000116F01001E
:10A9A0000F040000DD6E01001A010000795701005C
:10A9B000050400009157010013010000955D01009E
:10A9C000FF010000E95B01003E010000C95B0100DE
:10A9D00005040000DD57010010010000855801004A
:10A9E00001120000616E01000A1E00006163020096
:10A9F00003090000895E0100040B00006D5901008D
:10AA0000060A0000F9620100070A0000555801001B
:10AA10000C0500002158010024A9020024AA02000C
:10AA200047000000B0D8002021CF02002ECF020046
:10AA30004ECF020042CF020059CF020070CF020079
:10AA400080CF0200A2D2020094CF020024A902000B
:10AA500058AA02000000000078D9002024A90200B2
:10AA600068AA020000010000A0D900208F6802003F
:10AA7000C7680200000000000000000000000000A5
:10AA8000E18B010000000000000000000000000059
:10AA900000000000020201004371020004040100F2
:10AAA000E19A010006060100219A01000804010054
:10AAB000299901000A0201002B7102000C04010017
:10AAC000137102000E040100FD9701002004010033
:10AAD000619701001004010071960100120201004B
:10AAE000C770020016040100BB6A020018010100D1
:10AAF000F96D02001E000400917102005202000074
:10AB0000ED70020024A9020010AB02000201000057
:10AB100030E5002018B10200957502000000000029
:10AB200014B102000000010010B102008F76020093
:10AB300000000000E40D00200000010008B1020048
:10AB40000000000000000000000000000000000005
:10AB500004B10200E7750200499F0100EC0D0020DE
:10AB60000000030000B102008F7602000000000028
:10AB7000DC0D002000000100F8B002005375020057
:10AB800089A001000000000000000300F4B00200F2
:10AB90008F76020000000000D40D002000000100AC
:10ABA000ECB002008DA401000000000000000000D5
:10ABB0000000010044B10200957502000000000091
:10ABC00040B10200000001003CB102008F7602009B
:10ABD00000000000200E00200000010034B102003F
:10ABE00017750200000000000000000000000100D6
:10ABF00030B102008F76020000000000180E002025
:10AC00000000010028B10200DD7402000000000015
:10AC1000000000000000010024B102008F76020055
:10AC200000000000100E0020000001001CB1020016
:10AC300075A10100000000000000000000000100FC
:10AC40000000000000000000000000000000000004
:10AC500000000000D17802000000000000000000A9
:10AC6000000000000000000041AC010091AD0100B7
:10AC700058020000EDB00100BDB00100000000006E
:10AC800069B20100E9B1010054D60200C5B101006A
:10AC9000397A02005AD6020089B10100B779020060
:10ACA000177A020000000000557902000000000041
:10ACB00000000000FFFFFF00008000000103000013
:10ACC000284500200040024000000000DCA20200F5
:10ACD000457A0200517A02005D7A0200000000000D
:10ACE000D77D02008F7B02006B7A02002D7B020071
:10ACF000317B0200377B02003D7B02000000000038
:10AD000001B6010059B501005F7F0200000000009C
:10AD1000FFFFFFFF000000500000000000000000E7
:10AD20000060004000000000C1B701007D7F02000C
:10AD30008B7F0200A37F0200AF7F0200BB7F020077
:10AD40003DB90100D57F0200000000000030004046
:10AD5000000000000000000000000000000098015A
:10AD60000000010131BA01006CAD0200003000406A
:10AD700078AD02000100000080AD0200020000007A
:10AD80001A00000C1B00000B89BB01000000000032
:10AD900069BA01000000000000000000D1BB010002
:10ADA0001CA00200009F2400000100007C9F020004
:10ADB0001600010000000000D6770020604003006C
:10ADC000ADD7020001000000080000006D80020005
:10ADD0000000000067800200002000400100000029
:10ADE00000000000F8AD02000000D60100000000E5
:10ADF000EF770020EE7700200020004004AE020034
:10AE0000010000000CAE020004000000060000007B
:10AE10000800000105000002070000033D81020058
:10AE2000A9BE01002F810200004000400000000088
:10AE3000000000FF00FF0000000000000000000113
:10AE400001000000C981020058AE0200FFFFFFFFB1
:10AE500000000000000000000040004064AE02005E
:10AE6000010000006CAE0200030000001F0000049F
:10AE70001E0000051D00000600000000000000008C
:10AE8000C5C20100518202000030024000000000F3
:10AE900000127A0000000000000000000000000026
:10AEA000FFFFFFFF0000FF000000000000000001A6
:10AEB0000100000079820200FF000000D0AE020015
:10AEC00000000000FFFFFFFF000000000000000086
:10AED00000300240DCAE020001000000E4AE0200DF
:10AEE0000300000019000004170000051800000608
:10AEF0007C9F02001600010061CB01004F8302001D
:10AF00000060004000000000D5D30100B5830200BE
:10AF1000D983020001DD02000FDD020023DD020003
:10AF200032DD02003EDD0200789E0200789E0200C3
:10AF3000009F0200109F0200689F0200689F0200AD
:10AF4000512563FCC2CAB9F3849E17A7ADFAE6BCCB
:10AF5000FFFFFFFFFFFFFFFF00000000FFFFFFFFFD
:10AF6000AAAAAAAAAAAAAAAAAAAAAAAA5555555595
:10AF700055555555555555550000000055555555D5
:10AF8000522563FCC2CAB9F3849E17A7ADFAE6BC8A
:10AF9000FFFFFFFFFFFFFFFF00000000FFFFFFFFBD
:10AFA000512563FCC2CAB9F3849E17A7ADFAE6BC6B
:10AFB000FFFFFFFFFFFFFFFF00000000FFFFFFFF9D
:10AFC00096C298D84539A1F4A033EB2D817D037743
:10AFD000F240A463E5E6BCF847422CE1F2D1176BDE
:10AFE000F551BF376840B6CBCE5E316B5733CE2BB1
:10AFF000169E0F7C4AEBE78E9B7F1AFEE242E34FE0
:10B000004B60D2273E3CCE3BF6B053CCB0061D651C
:10B01000BC86987655BDEBB3E7933AAAD835C65AA5
:10B02000FCFFFFFFFFFFFFFFFFFFFFFF000000002F
:10B03000000000000000000001000000FFFFFFFF13
:10B0400000000000DCCFD1350000000000C0153F3B
:10B050000000803F0000C03F0000004B000000CB1C
:10B06000C00F0020000000000000000000000000F1
:10B0700000000000000000000000000000000000D0
:10B0800000000000000000000000000000000000C0
:10B0900000000000000000000000000000000000B0
:10B0A00000000000000000000000000000000000A0
:10B0B0000000000000000000000000000000000090
:10B0C0000000000005000000190000007D000000E5
:10B0D00000000229000003280000022900000328C4
:10B0E00000000229000003280000002800002A2B8D
:10B0F00000002A2B000003280000292B0000292B28
:10B1000000000328000002290000052A0000052A8B
:10B110000000032800000118000000280000042A95
:10B120000000042A000003280000012A0000012A70
:10B13000000003280000002A0000002A0000032865
:10B1400000000018000000285B5448524541445D4F
:10B150002073656E736F725F7468726561642073CB
:10B160007461727465640A005B4932435D206465F2
:10B1700076696365202573206E6F74207265616443
:10B1800079210A005B4C49533344485D2041636395
:10B19000656C65726F6D657465722073656E736F33
:10B1A0007220696E697469616C697A6174696F6E25
:10B1B000206661696C65640A005B5050475D2050F1
:10B1C00050472053656E736F72206661696C6564C9
:10B1D0000A005B4C49533344485D20416363656C0E
:10B1E00065726F6D657465722073656E736F722022
:10B1F00072652D696E6974206661696C65640A0008
:10B200005B54454D505D2054656D70657261747579
:10B2100072652073656E736F7220696E69746961FF
:10B220006C697A6174696F6E206661696C65640A25
:10B23000005B53454E534F525D20436F6C6C65630A
:10B240007465642046554C4C2062617463683A20F2
:10B250005050473D25642C20414343454C3D2564D7
:10B260002C2054454D503D310A0025642F25642F74
:10B2700025642025643A25643A25642E2564005B04
:10B280005448524541445D207072696E7465725F26
:10B2900074687265616420737461727465640A0015
:10B2A000414343454C5F42415443483A0054454D65
:10B2B000505F42415443483A0023256C6C752C255D
:10B2C000642C2564005050475F42415443483A0083
:10B2D00023256C6C752C256C782C256C78005B50C4
:10B2E00052494E5445525D204E6F74696679204430
:10B2F0006174612028505047293A0A25730A0023B7
:10B30000256C6C752C25642C25642C2564005B5001
:10B3100052494E5445525D204E6F746966792044FF
:10B320006174612028414343454C293A0A25730A38
:10B33000005B5052494E5445525D204E6F74696611
:10B34000792044617461202854454D50293A0A25DA
:10B35000730A005B5448524541445D20416C6C20A7
:10B36000646174612073656E742E20476F696E6727
:10B3700020746F2053797374656D204F4E20736C69
:10B380006565702E2E2E0A005B5448524541445D7F
:10B3900020576F6B652075702C207374617274690F
:10B3A0006E67206E6577206461746120636F6C6CDA
:10B3B000656374696F6E206379636C652E0A000A99
:10B3C0002A2A2A2A2A2A2A2A2A20424F4F54494E18
:10B3D000472041445044313434524920424C4520A6
:10B3E00053454E534F522044454D4F202A2A2A2A76
:10B3F0002A2A2A2A2A0A005B4D41494E5D204361D0
:10B400006C6C65642062745F656E61626C6528298E
:10B410002C2072657475726E65642025640A005B69
:10B42000424C455D20426C7565746F6F746820698D
:10B430006E6974206661696C65642028657272208B
:10B440002564290A007072696E7465725F7469649C
:10B450000073656E736F725F746964005B424C4584
:10B460005D20446973636F6E6E6563746564202844
:10B47000726561736F6E20307825303278290A004A
:10B480005B424C455D20436F6E6E656374696F6E01
:10B49000206661696C6564202865727220257529B3
:10B4A0000A005B424C455D20446576696365204334
:10B4B0006F6E6E65637465640A007075626C6963B3
:10B4C0000072616E646F6D007075626C69632D69E6
:10B4D000640072616E646F6D2D69640025303258AE
:10B4E0003A253032583A253032583A253032583AD7
:10B4F000253032583A253032582028257329005BF0
:10B50000424C455D20446576696365204254204184
:10B510006464726573733A2025730A004E6F20636A
:10B520006F6E6E656374696F6E20666F7220332074
:10B530006D696E757465732E20506F776572696ED4
:10B5400067206F66662E005B4D41494E5D20627438
:10B550005F72656164792063616C6C6261636B2CFE
:10B56000206572723D25640A005B424C455D2042B5
:10B570006C7565746F6F746820696E697469616C4D
:10B58000697A65640A005B424C455D2041647665DA
:10B5900072746973696E67206661696C6564207492
:10B5A0006F2073746172742028657272202564297B
:10B5B0000A005B424C455D20416476657274697394
:10B5C000696E672073746172746564207375636358
:10B5D00065737366756C6C79210A00626C655F6DCA
:10B5E0006F64756C6500566974616C73005B4932F9
:10B5F000435D205772697465207265672030782535
:10B60000303258206661696C65643A2025640A000E
:10B610005B4932435D20526561642072656720306A
:10B620007825303258206661696C65643A2025645B
:10B630000A005B4932435D20436F6E66696775722D
:10B64000696E672041445044313434524920736557
:10B650006E736F72202E2E2E0A005B4932435D20DE
:10B660004F6E65206F72206D6F72652073656E730B
:10B670006F7220636F6E6669672077726974657395
:10B68000206661696C65643A2072633D25640A0036
:10B690005B4932435D2041445044313434524920A7
:10B6A000636F6E66696775726174696F6E20646F2F
:10B6B0006E652E0A005B4932435D204D65617375EE
:10B6C00072656D656E74207265672073657420669F
:10B6D00061696C65643A2025640A005B4932435D08
:10B6E000204F6E65206F72206D6F726520636861F8
:10B6F0006E6E656C207265616473206661696C654D
:10B70000643A2072633D25640A005B4932435D2040
:10B710004D6561737572656D656E74207265672025
:10B720007265736574206661696C65643A2025648E
:10B730000A005B525443325D20496E697469616C42
:10B74000697A696E6720525443322E2E2E0A005BAE
:10B75000525443325D20525443322072756E6E69EA
:10B760006E672E0A00253032642F253032642F2573
:10B7700030346420253032643A253032643A253042
:10B7800032642E25303364005B54454D505D2041BA
:10B79000444320646576696365206E6F742072652A
:10B7A000616479210A005B54454D505D204144435A
:10B7B0002074656D70206368616E6E656C207365C2
:10B7C000747570206661696C65643A2025640A00AE
:10B7D0005B54454D505D2041444320626174746563
:10B7E0007279206368616E6E656C20736574757024
:10B7F000206661696C65643A2025640A005B5445E3
:10B800004D505D2041444320696E697469616C69E3
:10B810007A65642077697468206D6F76696E672039
:10B82000617665726167652066696C7465720A008D
:10B8300054656D7020766F6C746167653A20252EB3
:10B84000336620560074656D705F73656E736F723A
:10B85000005B4C49533344485D204661696C656424
:10B8600020746F20726561642057484F5F414D5FBF
:10B87000490A005B4C49533344485D20556E657856
:10B880007065637465642057484F5F414D5F493A66
:10B89000203078253032580A005B4C4953334448F5
:10B8A0005D206932635F72656164206661696C6501
:10B8B000643A2025640A0053657474696E672052E7
:10B8C0004742203D2025303278202530327820250F
:10B8D0003032780A004C45442075706461746520EC
:10B8E0006661696C65643A202564004C45442073A8
:10B8F0007472697020646576696365206E6F742068
:10B900007265616479002D2D2D2D2D2D2D2D2D2D60
:10B910002D2D2D2D2D2D2D2D2D2D2D2D2D2D2D2D57
:10B920002D2D2D2D656E61626C6564206C65642D16
:10B930002D2D2D2D2D2D2D2D2D2D2D2D2D2D2D2D37
:10B940000A000000000F000F00000F000F007773C7
:10B95000323831325F6D6F64756C650053696E67A4
:10B960006C6520707265737320E28692204C4544AA
:10B9700020475245454E00446F75626C65207072D9
:10B9800065737320E2869220426C696E6B20424C94
:10B990005545004C6F6E6720707265737320E286A8
:10B9A00092204C4544204F464600427574746F6E99
:10B9B000206E6F7420726561647900427574746FD3
:10B9C0006E20696E697469616C697A65640062757C
:10B9D00074746F6E5F647269766572004572726F1F
:10B9E000723A204750494F20646576696365206E3E
:10B9F0006F742072656164790A004750494F2031A5
:10BA0000362073657420484947480A006770696F9B
:10BA1000206661696C0A0028756E7369676E6564DB
:10BA2000292063686172202A207573656420666F1F
:10BA3000722025257020617267756D656E742E20E9
:10BA400049742773207265636F6D6D656E646564FC
:10BA500020746F206361737420697420746F207682
:10BA60006F6964202A20626563617573652069745B
:10BA7000206D6179206361757365206D69736265FE
:10BA8000686176696F7220696E206365727461699E
:10BA90006E20636F6E66696775726174696F6E732D
:10BAA0002E20537472696E673A22257322206172C8
:10BAB00067756D656E743A25640063627072696EB5
:10BAC00074665F7061636B61676500286E696C29DD
:10BAD000006C6F6767696E67006C6F67006C6F67FB
:10BAE0005F6D676D74004D65737361676520282213
:10BAF000257322292064726F70706564206265630B
:10BB00006175736520697420657863656564732069
:10BB100073697A65206C696D69746174696F6E20F0
:10BB200028257529004D6573736167652064726F00
:10BB30007070656420626563617573652069742047
:10BB4000657863656564732073697A65206C696DD7
:10BB500069746174696F6E2028257529000D0A00CB
:10BB60001B5B306D00257320005B2530386C755DE4
:10BB700020005B253032753A253032753A25303257
:10BB8000752E253033752C253033755D20002573D7
:10BB90002F003C25733E200025733A2000253032CB
:10BBA000782000202020007C00256300206D657334
:10BBB00073616765732064726F70706564202D2DEA
:10BBC0002D0D0A1B5B306D001B5B313B33316D2D3E
:10BBD0002D2D20001B5B313B33316D001B5B313B56
:10BBE00033336D006572720077726E00696E6600A5
:10BBF000646267006C6F675F6261636B656E645F50
:10BC0000727474006C6F675F6261636B656E645F12
:10BC100075617274006C6F675F75617274002A2AB7
:10BC20002A20426F6F74696E67206E524620436F00
:10BC30006E6E6563742053444B2076322E392E315C
:10BC40002D363064306436633864343264202A2AF6
:10BC50002A0A002A2A2A205573696E67205A6570BD
:10BC6000687972204F532076332E372E39392D6361
:10BC70006139353461363231366339202A2A2A0A4D
:10BC800000637C777BF26B6FC53001672BFED7AB0F
:10BC900076CA82C97DFA5947F0ADD4A2AF9CA4728E
:10BCA000C0B7FD9326363FF7CC34A5E5F171D83106
:10BCB0001504C723C31896059A071280E2EB27B232
:10BCC0007509832C1A1B6E5AA0523BD6B329E32F59
:10BCD0008453D100ED20FCB15B6ACBBE394A4C588D
:10BCE000CFD0EFAAFB434D338545F9027F503C9FEF
:10BCF000A851A3408F929D38F5BCB6DA2110FFF30E
:10BD0000D2CD0C13EC5F974417C4A77E3D645D1938
:10BD10007360814FDC222A908846EEB814DE5E0BF9
:10BD2000DBE0323A0A4906245CC2D3AC629195E466
:10BD300079E7C8376D8DD54EA96C56F4EA657AAEB1
:10BD400008BA78252E1CA6B4C6E8DD741F4BBD8B3F
:10BD50008A703EB5664803F60E613557B986C11D37
:10BD60009EE1F8981169D98E949B1E87E9CE5528DB
:10BD7000DF8CA1890DBFE6426841992D0FB054BBFD
:10BD80001672302F61313A202030782530387820F3
:10BD90002072312F61323A202030782530387820D7
:10BDA0002072322F61333A202030782530387800E5
:10BDB00072332F61343A2020307825303878207261
:10BDC00031322F69703A202030782530387820724F
:10BDD00031342F6C723A20203078253038780020AA
:10BDE000787073723A202030782530387800735B91
:10BDF0002532645D3A202030782530387820207351
:10BE00005B2532645D3A2020307825303878202058
:10BE1000735B2532645D3A202030782530387820F5
:10BE200020735B2532645D3A2020307825303878E5
:10BE30000066707363723A202030782530387800BD
:10BE40004661756C74696E6720696E737472756390
:10BE500074696F6E20616464726573732028723137
:10BE6000352F7063293A2030782530387800556EA8
:10BE700068616E646C6564204952516E3A20256495
:10BE8000002A2A2A2A2A20425553204641554C543A
:10BE9000202A2A2A2A2A002020537461636B696EA3
:10BEA00067206572726F72002020556E7374616333
:10BEB0006B696E67206572726F7200202050726528
:10BEC00063697365206461746120627573206572B3
:10BED000726F7200202042464152204164647265B4
:10BEE00073733A2030782578002020496D70726590
:10BEF0006369736520646174612062757320657283
:10BF0000726F72002020496E737472756374696F6A
:10BF10006E20627573206572726F72002020466C0D
:10BF20006F6174696E672D706F696E74206C617AD1
:10BF300079207374617465207072657365727661BF
:10BF400074696F6E206572726F72002A2A2A2A2A1B
:10BF5000205553414745204641554C54202A2A2A12
:10BF60002A2A0020204469766973696F6E206279FD
:10BF7000207A65726F002020556E616C69676E656E
:10BF800064206D656D6F7279206163636573730002
:10BF900020204E6F20636F70726F636573736F72D2
:10BFA00020696E737472756374696F6E73002020FC
:10BFB000496C6C6567616C206C6F6164206F6620F2
:10BFC0004558435F52455455524E20696E746F2058
:10BFD0005043002020496C6C6567616C2075736567
:10BFE000206F662074686520455053520020204120
:10BFF0007474656D707420746F20657865637574F2
:10C000006520756E646566696E656420696E73741B
:10C0100072756374696F6E002A2A2A2A2A204D508D
:10C0200055204641554C54202A2A2A2A2A002020ED
:10C03000537461636B696E67206572726F7220283A
:10C04000636F6E746578742061726561206D6967D5
:10C050006874206265206E6F742076616C69642953
:10C06000002020446174612041636365737320562E
:10C07000696F6C6174696F6E0020204D4D464152AE
:10C0800020416464726573733A203078257800200B
:10C0900020496E737472756374696F6E20416363B7
:10C0A0006573732056696F6C6174696F6E005265B9
:10C0B00073657276656420457863657074696F6E28
:10C0C00020280053707572696F757320696E7465EE
:10C0D0007272757074202849525120005350534594
:10C0E0004C20696E20746872656164206D6F6465B0
:10C0F00020646F6573206E6F7420696E646963617C
:10C10000746520505350002A2A2A2A2A2048415276
:10C1100044204641554C54202A2A2A2A2A0020200D
:10C12000427573206661756C74206F6E207665634E
:10C13000746F72207461626C6520726561640020A6
:10C14000204465627567206576656E740020204620
:10C1500061756C7420657363616C6174696F6E20C6
:10C16000287365652062656C6F77290041524348EA
:10C170005F45584345505420776974682072656163
:10C18000736F6E2025780A002A2A2A2A2A204465FD
:10C19000627567206D6F6E69746F72206578636574
:10C1A0007074696F6E202A2A2A2A2A002A2A2A2ACB
:10C1B0002A20257320256429202A2A2A2A2A006D6C
:10C1C0007075004661696C656420746F20616C6CE9
:10C1D0006F63617465206E6577204D5055207265E0
:10C1E00067696F6E2025750A005061727469746901
:10C1F0006F6E2025753A2073616E697479206368CB
:10C2000065636B206661696C65642E00464C415322
:10C21000485F30005352414D5F300061626F72746D
:10C2200028290A00706F7369785F656E7600706FF9
:10C230007369785F74696D657200707468726561A6
:10C24000645F72776C6F636B0070746872656164B1
:10C250005F636F6E6400707468726561645F6B65C4
:10C260007900707468726561645F6D7574657800DB
:10C2700070746872656164006E65745F62756600F3
:10C280006E65745F6275665F73696D706C6500736F
:10C290006F630066730000FFFFFFFFFFFF000000F9
:10C2A00000000000FFFFFFFFFFFF00000000000094
:10C2B000303132333435363738396162636465661C
:10C2C000004254204C572057510002FB349B5F80A2
:10C2D000000080001000000000000062745F6275C2
:10C2E000660062745F64617461004461746120621D
:10C2F0007566666572206F766572666C6F7720284A
:10C300006C696E6B207479706520307825303278D6
:10C310002900556E61626C6520746F206C6F6F6BC5
:10C3200020757020636F6E6E207769746820686175
:10C330006E646C6520257500556E61626C652074B5
:10C340006F206C6F6F6B757020636F6E6E20666F01
:10C35000722068616E646C652025750048617264A6
:10C3600077617265206572726F722C2068617264E9
:10C370007761726520636F64653A20256400436FBE
:10C38000756C64206E6F74207375626D69742072B1
:10C39000785F776F726B3A20256400556E61626C2E
:10C3A0006520746F20616C6C6F63617465206275C9
:10C3B0006666657200556E68616E646C65642065C2
:10C3C00076656E7420307825303278206C656E206A
:10C3D00025753A202573004E6F2070656E64696E76
:10C3E00067207065726970686572616C20636F6E3A
:10C3F0006E656374696F6E00556E65787065637401
:10C4000065642073746174757320307825303278D8
:10C4100020257300546F6F20736D616C6C2028258C
:10C420007520627974657329206576656E74203095
:10C43000782530327800496E76616C696420484313
:10C44000492041434C207061636B65742073697AA5
:10C450006520282575290041434C206461746120C2
:10C460006C656E677468206D69736D6174636820B4
:10C4700028257520213D2025752900556E61626CA7
:10C480006520746F2066696E6420636F6E6E20662F
:10C490006F722068616E646C6520257500496E7648
:10C4A000616C696420484349206576656E74207329
:10C4B000697A65202825752900574553545F544FE4
:10C4C000504449522F7A65706879722F7375627380
:10C4D00079732F626C7565746F6F74682F686F73F2
:10C4E000742F6863695F636F72652E630062745FA7
:10C4F0006863695F6576745F6765745F666C6167C2
:10C5000073286864722D3E657674292026202831B0
:10C51000554C203C3C202831292900415353455299
:10C5200054494F4E204641494C205B25735D2040C5
:10C530002025733A25640A00556E6B6E6F776E2066
:10C54000627566207479706520257500556E686186
:10C550006E646C65642076656E646F722D737065B1
:10C560006369666963206576656E7420307825306E
:10C570003278206C656E2025753A202573004E6F49
:10C5800020636F6D6D616E642073656E7420666FDD
:10C590007220636D6420636F6D706C65746520300C
:10C5A0007825303478004F70436F646520307825EB
:10C5B00030347820636F6D706C6574656420696ECB
:10C5C0007374656164206F66206578706563746557
:10C5D000642030782530347800657674206E756D6F
:10C5E0005F68616E646C657320283D257529207431
:10C5F0006F6F206C6172676520282575203E2025AD
:10C600007529004E6F20636F6E6E656374696F6E7F
:10C6100020666F722068616E646C652025750070FD
:10C6200061636B65747320636F756E74206D6973DD
:10C630006D6174636800756E6B6E6F776E00657602
:10C64000745F666C6167732026202831554C203C4E
:10C650003C202830292900496E76616C696420628B
:10C6600075662074797065202575005B305D004922
:10C6700064656E7469747925733A20257300496482
:10C68000656E746974795B25645D3A202573004892
:10C6900043493A2076657273696F6E2025732028AE
:10C6A00030782530327829207265766973696F6E2B
:10C6B000203078253034782C206D616E756661638A
:10C6C000747572657220307825303478004C4D5086
:10C6D0003A2076657273696F6E2025732028307852
:10C6E000253032782920737562766572203078257E
:10C6F00030347800556E61626C6520746F2073650C
:10C700006E6420746F206472697665722028657289
:10C71000722025642900556E636C65617265642022
:10C7200070656E64696E672073656E745F636D64B7
:10C7300000737563636573730009636F6D6D616E7C
:10C7400064206F70636F6465203078253034782002
:10C7500074696D656F75740A00657272203D3D20C5
:10C76000300009436F6E74726F6C6C657220756E69
:10C77000726573706F6E736976652C20636F6D6D73
:10C78000616E64206F70636F64652030782530348B
:10C79000782074696D656F75742077697468206599
:10C7A00072722025640A006F70636F6465203078B0
:10C7B0002530347820737461747573203078253097
:10C7C0003278202573004661696C656420746F209F
:10C7D0007265616420444C45206D61782064617409
:10C7E00061206C656E0074785F6F6374657473208C
:10C7F00065786365656473207468652076616C692B
:10C80000642072616E67652025750074785F7469B5
:10C810006D6520657863656564732074686520764E
:10C82000616C69642072616E6765202575004E6FCA
:10C830006E2D4C452063617061626C6520636F6E84
:10C8400074726F6C6C657220646574656374656482
:10C85000210041434C2042522F45445220627566CC
:10C8600066657273206E6F7420696E697469616C9D
:10C87000697A65640056656E646F7220484349208A
:10C88000657874656E73696F6E73206E6F74206166
:10C890007661696C61626C6500485720506C617408
:10C8A000666F726D3A2025732028307825303478F1
:10C8B000290048572056617269616E743A202573C9
:10C8C000202830782530347829004669726D7761E8
:10C8D00072653A2025732028307825303278292057
:10C8E00056657273696F6E2025752E257520427509
:10C8F000696C64202575004661696C656420746FFD
:10C90000207265616420737570706F727465642045
:10C9100076656E646F7220636F6D6D616E64730017
:10C920004661696C656420746F2072656164207370
:10C930007570706F727465642076656E646F7220B6
:10C940006665617475726573004843492064726955
:10C95000766572206973206E6F74207265616479E8
:10C9600000425420525820575100484349206472D5
:10C9700069766572206F70656E206661696C6564AA
:10C980002028256429004E6F2070656E64696E67EB
:10C9900020636F6E6E20666F722070656572202551
:10C9A0007300556E657870656374656420484F53F5
:10C9B000545F4E554D5F434F4D504C455445445F79
:10C9C0005041434B4554532C20737461747573204C
:10C9D00030782530327820257300312E30620031D6
:10C9E0002E3100312E3200322E3000322E31003303
:10C9F0002E3000342E3000342E3100342E320035EB
:10CA00002E3000352E3100352E3200352E330035D4
:10CA10002E3400362E30005374616E6461726420CF
:10CA2000426C7565746F6F746820636F6E74726F9B
:10CA30006C6C65720056656E646F7220737065630E
:10CA40006966696320636F6E74726F6C6C657200E7
:10CA50004669726D77617265206C6F616465720002
:10CA600052657363756520696D61676500726573F2
:10CA70006572766564006E5246353178006E5246B6
:10CA8000353278006E5246353378006E5246353472
:10CA90004878006E524635344C7800496E74656CA7
:10CAA00020436F72706F726174696F6E004E6F72A7
:10CAB0006469632053656D69636F6E647563746F39
:10CAC00072004E58502053656D69636F6E647563D4
:10CAD000746F72730062745F6863695F636F72651D
:10CAE00000636D6420646973616C6C6F77656400CA
:10CAF0004F6E6C792072616E646F6D207374617417
:10CB00006963206964656E74697479206164647214
:10CB100065737320737570706F7274656400496E0D
:10CB200076616C696420696E7075742070617261E1
:10CB30006D6574657273004661696C656420746F1D
:10CB40002072656164207075626C69632061646441
:10CB50007265737300526561642053746174696314
:10CB60002041646472657373657320636F6D6D61DA
:10CB70006E64206E6F7420617661696C61626C65B1
:10CB8000004661696C656420746F20726561642081
:10CB9000737461746963206164647265737365732F
:10CBA000004E6F2073746174696320616464726500
:10CBB000737365732073746F72656420696E20638C
:10CBC0006F6E74726F6C6C65720043616E277420B7
:10CBD00073657420626F7468204944454E5449540B
:10CBE000592026204E52504100556E61626C6520DE
:10CBF000746F20736574206964656E74697479203C
:10CC00006164647265737300556E61626C65207453
:10CC10006F207365742072616E646F6D206164644F
:10CC2000726573730062745F696400546F6F206291
:10CC30006967206164766572746973696E672064E0
:10CC4000617461004661696C656420746F2073745F
:10CC500061727420616476657274697365720046EE
:10CC600061696C656420746F2073746F70206164F7
:10CC7000766572746973696E673A20256400436F44
:10CC80006E74726F6C6C65722063616E6E6F74206F
:10CC9000726573756D6520636F6E6E656374616236
:10CCA0006C65206164766572746973696E672028AB
:10CCB0002564290062745F616476004661696C6571
:10CCC0006420726561642072656D6F7465206665AD
:10CCD0006174757265732028256429004661696C4A
:10CCE0006564204C45205365742050485920282500
:10CCF0006429004661696C656420746F20736574F3
:10CD00002064617461206C656E20282564290055BB
:10CD10006E657870656374656420666972737420EB
:10CD20004C32434150206672616D6500556E6578E6
:10CD3000706563746564204C3243415020636F6EAC
:10CD400074696E756174696F6E004E6F7420656EE4
:10CD50006F756768206275666665722073706163BF
:10CD60006520666F72204C324341502064617461CB
:10CD700000556E65787065637465642041434C208E
:10CD8000666C61677320283078253032782900413D
:10CD9000434C206C656E206D69736D61746368200F
:10CDA000282575203E202575290028756E6B6E6F2D
:10CDB000776E29006E6F207472616E736974696F8B
:10CDC0006E20257300496E76616C69642028257594
:10CDD00029206F6C6420737461746500636F6E6EDC
:10CDE000202570206661696C656420746F2065730E
:10CDF0007461626C6973682E205246206E6F69738D
:10CE0000653F006E6F2076616C6964202825752966
:10CE10002073746174652077617320736574006991
:10CE20006E636F6D70617469626C652068616E64B9
:10CE30006C6520257500556E61626C6520746F20ED
:10CE4000616C6C6F636174652062756666657220E3
:10CE500077697468696E2074696D656F75740063B5
:10CE60006F6E6E2025703A206E6F7420636F6E6E49
:10CE7000656374656400466174616C206572726FED
:10CE80007220282564292E20446973636F6E6E65B5
:10CE90006374696E6720257000466F756E64207636
:10CEA000616C696420636F6E6E656374696F6E2078
:10CEB000282570292077697468206164647265731D
:10CEC0007320257320696E20257320737461746547
:10CED000200053656E64204C4520706172616D20A6
:10CEE000757064617465206661696C65642028658D
:10CEF0007272202564290053656E64206175746F19
:10CF0000204C4520706172616D207570646174659C
:10CF1000206661696C656420286572722025642929
:10CF200000646973636F6E6E656374656400646941
:10CF300073636F6E6E6563742D636F6D706C657473
:10CF400065007363616E2D6265666F72652D696E33
:10CF50006974696174696E6700696E697469617486
:10CF6000696E672D66696C7465722D6C69737400E7
:10CF70006164762D636F6E6E65637461626C6500CB
:10CF80006164762D6469722D636F6E6E6563746182
:10CF9000626C6500646973636F6E6E656374696E5D
:10CFA000670062745F636F6E6E00556E61626C65E0
:10CFB00020746F20616C6C6F6361746520627566AC
:10CFC00066657220666F72206F702030782530326F
:10CFD00078004E6F20617661696C61626C65204CEF
:10CFE0003243415020636F6E7465787420666F72AF
:10CFF00020636F6E6E2025700045787065637469DC
:10D000006E6720757020746F2025642072656673CA
:10D010002C20676F7420256400616C7265616479EF
:10D0200020686176652076696577206F6E202570AF
:10D03000004C32434150206C656E677468206D6906
:10D04000736D617463682028257520213D20257546
:10D050002900496E76616C6964206964656E74208C
:10D0600076616C756520696E204C324341502050CA
:10D07000445500546F6F20736D616C6C204C4520DB
:10D08000636F6E6E20706172616D207273700052FA
:10D09000656A656374696E6720756E6B6E6F776E17
:10D0A000204C324341502050445520636F6465202A
:10D0B00030782530327800546F6F20736D616C6C5E
:10D0C000204C32434150207369676E616C696E6712
:10D0D0002050445500546F6F20736D616C6C204C70
:10D0E000324341502050445520726563656976652E
:10D0F000640049676E6F72696E67206461746120B5
:10D10000666F7220756E6B6E6F776E206368616EEE
:10D110006E656C2049442030782530347800636F88
:10D120006E6669670062745F6C32636170004E6F97
:10D1300020617661696C61626C65204154542063A2
:10D140006F6E7465787420666F7220636F6E6E20E8
:10D150002570004E6F20617661696C61626C65209C
:10D16000415454206368616E6E656C20666F722056
:10D17000636F6E6E20257000415454204D5455202D
:10D1800065786365656465642C206D61782025751C
:10D190002C2077616E74656420257A7500556E6168
:10D1A000626C6520746F20637265617465205555EB
:10D1B00049443A2073697A6520257500556E61628D
:10D1C0006C6520746F2063726561746520555549E4
:10D1D000443A2073697A65202564004154542063E1
:10D1E00068616E6E656C206E6F7420636F6E6E6525
:10D1F00063746564004572726F72207369676E694B
:10D200006E6720646174610052616E206F757420D6
:10D210006F662054582062756666657273206F725F
:10D2200020636F6E74657874732E00476F74206589
:10D2300072722025642C206E6F742063616C6C699F
:10D240006E672041545420636200546F6F20736DE9
:10D25000616C6C20415454205044552072656365C4
:10D260006976656400556E68616E646C6564204122
:10D27000545420636F64652030782530327800493B
:10D280006E76616C6964206C656E20257520666F12
:10D290007220636F646520307825303278004E6FDD
:10D2A0007420636F6E6E656374656400556E6162B1
:10D2B0006C6520746F2066696E642041545420634D
:10D2C00068616E6E656C004E6F2041545420636837
:10D2D000616E6E656C20666F72204D545520257A04
:10D2E00075004E6F2070656E64696E6720415454FE
:10D2F0002072657175657374004154542054696DD2
:10D30000656F757420666F72206465766963652049
:10D3100025732E20446973636F6E6E656374696E46
:10D32000672E2E2E00446973636F6E6E6563746999
:10D330006E67206661696C656420286572722025BD
:10D3400064290062745F61747400756E61626C655B
:10D3500020746F20736176652053433A206E6F20EE
:10D36000636667206C656674004E6F20737061633E
:10D370006520746F2073746F72652043434320638C
:10D38000666700434D414320757064617465206693
:10D3900061696C6564004E6F207370616365207411
:10D3A0006F2073746F726520436C69656E742053CF
:10D3B0007570706F7274656420466561747572650E
:10D3C0007300434D41432073657475702066616935
:10D3D0006C656400434D41432066696E6973682043
:10D3E0006661696C6564004C696E6B206973206EC0
:10D3F0006F7420656E63727970746564004465763D
:10D40000696365206973206E6F742073756273633E
:10D41000726962656420746F20636861726163740D
:10D4200065726973746963004E6F20627566666524
:10D430007220617661696C61626C6520746F207323
:10D44000656E6420696E6469636174696F6E004320
:10D450004343202570206E6F742077726974616277
:10D460006C6500534320726573746F726520696E3A
:10D470006469636174696F6E206661696C656400DC
:10D480004E6F2062756666657220617661696C61B7
:10D49000626C6520746F2073656E64206E6F7469B2
:10D4A0006669636174696F6E0062742F6363630001
:10D4B00062745F67617474004E6F20617661696C9D
:10D4C00061626C6520534D5020636F6E7465787493
:10D4D00020666F7220636F6E6E2025700062745F2D
:10D4E000736D700053656C656374656420414443DB
:10D4F000206761696E206973206E6F742076616C9D
:10D5000069640053656C656374656420414443201D
:10D510007265666572656E6365206973206E6F74EF
:10D520002076616C69640053656C65637465642082
:10D53000414443206163717569736974696F6E203A
:10D5400074696D65206973206E6F742076616C69F3
:10D550006400496E76616C69642073656C65637400
:10D56000696F6E206F66206368616E6E656C730014
:10D570004368616E6E656C202575206E6F74206344
:10D580006F6E666967757265640041444320726519
:10D59000736F6C7574696F6E2076616C756520258C
:10D5A00064206973206E6F742076616C6964004F2B
:10D5B00076657273616D706C696E67206973207334
:10D5C0007570706F7274656420666F722073696E17
:10D5D000676C65206368616E6E656C206F6E6C7938
:10D5E000004F76657273616D706C696E672076614D
:10D5F0006C7565202564206973206E6F74207661D8
:10D600006C69640050726F76696465642062756647
:10D6100066657220697320746F6F20736D616C6C26
:10D62000202825752F25752900616463403430302A
:10D630003037303030006164635F6E7266785F73DC
:10D640006161646300636C6F636B40343030303011
:10D65000303030006866636C6B006C66636C6B0026
:10D66000636C6F636B5F636F6E74726F6C00727468
:10D670006340343030323430303000636F756E7454
:10D6800065725F7274632E3000636F756E746572BD
:10D690005F7274630072616E646F6D40343030305D
:10D6A0006430303000656E74726F70795F62745FE1
:10D6B000686369006770696F4035303030303030F2
:10D6C00030006932630069326340343030303330C7
:10D6D0003030006932635F6E7266785F747769001C
:10D6E0004661696C656420746F20696E6974696154
:10D6F0006C697A65206465766963653A20257300F4
:10D70000756E737570706F72746564207370656583
:10D71000640031302D6269742049324320416464D1
:10D72000722064657669636573206E6F742073750B
:10D7300070706F7274656400535049206465766937
:10D740006365202573206E6F7420726561647900B3
:10D7500025733A20696E76616C6964206368616E36
:10D760006E656C20746F20636F6C6F72206D6170DA
:10D7700070696E672E436865636B2074686520630B
:10D780006F6C6F722D6D617070696E6720445420EC
:10D7900070726F706572747900777332383132400D
:10D7A00030007773323831325F73706900020103E1
:10D7B00000010203040506074661696C6564207474
:10D7C0006F20616C6C6F6361746520505049204319
:10D7D00068616E6E656C0075617274403430303013
:10D7E0003230303000756172745F6E7266785F75CA
:10D7F00061727465004661696C656420746F2061B4
:10D800006C6C6F63617465204750494F54452063C9
:10D8100068616E6E656C20666F722057414B4500E3
:10D820004661696C656420746F20636F6E6669671A
:10D830007572652057414B452070696E0043532037
:10D840004750494F20706F72742025732070696EA5
:10D85000202564206973206E6F742072656164797D
:10D860000055706461746520657863656564732034
:10D8700063757272656E74206275666665720048C3
:10D88000616C662D6475706C6578206E6F742073A2
:10D890007570706F7274656400536C617665206D8D
:10D8A0006F6465206973206E6F7420737570706F7C
:10D8B00072746564206F6E202573004C6F6F706208
:10D8C00061636B206D6F6465206973206E6F7420D7
:10D8D000737570706F7274656400576F7264207333
:10D8E000697A6573206F74686572207468616E2050
:10D8F00038206269747320617265206E6F742073C2
:10D900007570706F72746564004672657175656ECE
:10D9100063696573206C6F776572207468616E202F
:10D92000313235206B487A20617265206E6F742029
:10D93000737570706F72746564004661696C6564BC
:10D9400020746F20696E697469616C697A65206EF4
:10D95000726678206472697665723A20253038786C
:10D960000057616974696E6720666F722057414B7A
:10D97000452061636B6E6F776C6564676D656E746F
:10D980002074696D6564206F75740054696D656FEE
:10D9900075742077616974696E6720666F72207490
:10D9A00072616E7366657220636F6D706C6574650D
:10D9B0000073706940343030303430303000737070
:10D9C000695F6E7266785F737069004661696C6545
:10D9D0006420746F20616C6C6F63617465205050BB
:10D9E00049206368616E6E656C004661696C6564B0
:10D9F00020746F20616C6C6F6361746520475049BF
:10DA00004F5445206368616E6E656C005472616EA0
:10DA100073616374696F6E2061626F7274656420F4
:10DA200073696E636520697420776F756C64207408
:10DA3000726967676572206E52463532383332201C
:10DA400050414E20353800737069403430303233E5
:10DA5000303030007370695F6E7266785F73706922
:10DA60006D00536F667444657669636520436F6E1D
:10DA700074726F6C6C6572204153534552543A2056
:10DA800025732C20256400536F66744465766963A2
:10DA90006520436F6E74726F6C6C6572206275697D
:10DAA0006C64207265766973696F6E3A2000456E0A
:10DAB00074726F707920736F757263652064657618
:10DAC000696365206E6F74207265616479004661D8
:10DAD000696C656420746F20726567697374657220
:10DAE0002072616E6420736F7572636520282564EF
:10DAF0002900416C6C6F6361746564206D656D6FA6
:10DB0000727920746F6F206C6F773A202575203CF6
:10DB1000202575004576656E7420627566666572AF
:10DB200020746F6F20736D616C6C2E202575203E04
:10DB3000202575004E6F206576656E7420627566CF
:10DB400066657220617661696C61626C65004E6F1A
:10DB50002064617461206275666665722061766119
:10DB6000696C61626C6500556E657870656374659B
:10DB700064206D73675F747970653A2025752E2077
:10DB8000546869732069662D656C7365206E6565E0
:10DB900064732061206E6577206272616E63680035
:10DBA00062745F6863695F7364630062745F736467
:10DBB000635F6863695F6472697665720062745F4F
:10DBC0007364635F63727970746F007075626C69FF
:10DBD00063206B6579206973206E6F742076616CA9
:10DBE000696420286572722025642900556E6B6E69
:10DBF0006F776E20636F6D6D616E64003F49F6D480
:10DC0000A3C55F3874C9B3E3D2103F504AFF607BAD
:10DC1000EB40B7995899B8A6CD3C1ABD62745F73B2
:10DC200064635F65636468004D50534C20415353F7
:10DC30004552543A2025732C202564004D50534CF6
:10DC400020576F726B006D70736C5F696E69740042
:10DC500000000000010000000101000001010101BD
:10DC60000000000000010101015465726D696E61E0
:10DC70006C000000000000005454522052454747F9
:10DC800045530048616C74696E67207379737465DD
:10DC90006D00556E6B6E6F776E206572726F7200DD
:10DCA0003E3E3E205A455048595220464154414C30
:10DCB000204552524F522025643A202573206F6E22
:10DCC00020435055202564004661756C74206475AE
:10DCD00072696E6720696E746572727570742068FF
:10DCE000616E646C696E670A0043757272656E746A
:10DCF000207468726561643A202570202825732994
:10DD00000043505520657863657074696F6E0055E7
:10DD10006E68616E646C656420696E74657272759C
:10DD2000707400537461636B206F766572666C6FFC
:10DD300077004B65726E656C206F6F7073004B657A
:10DD4000726E656C2070616E69630069646C650059
:10DD50006D61696E006F7300737973776F726B71A9
:10DD60000079A310BEE680B7E9A3BACCA9FC086687
:10DD70001290CF45A900FFFFFFFF1F00647261678B
:10DD80006F6F6E2F6C6962732F7363686564756C57
:10DD9000696E672F7372632F72656D5F68616C5F68
:10DDA0006576656E745F74696D65722E6300002020
:10DDB000202020202020202028282828282020203B
:10DDC00020202020202020202020202020202088EB
:10DDD000101010101010101010101010101010044F
:10DDE000040404040404040404101010101010109F
:10DDF0004141414141410101010101010101010193
:10DE000001010101010101010101101010101010A8
:10DE10004242424242420202020202020202020262
:10DE2000020202020202020202021010101020007E
:10DE300000000000000000000000000000000000E2
:10DE400000000000000000000000000000000000D2
:10DE500000000000000000000000000000000000C2
:10DE600000000000000000000000000000000000B2
:10DE700000000000000000000000000000000000A2
:10DE80000000000000000000000000000000000092
:10DE90000000000000000000000000000000000082
:10DEA000000000000000000000000000000000234F
:10DEB0002D302B2000686C4C006566674546470096
:10DEC000494E46004E414E006E616E003031323395
:10DED00034353637383941424344454600303132D3
:10DEE00033343536373839616263646566002C2017
:10DEF00066756E6374696F6E3A2000617373657244
:10DF000074696F6E2022257322206661696C6564D6
:10DF10003A2066696C6520222573222C206C696E7C
:10DF200065202564257325730A00496E66696E694C
:10DF30007479004E614E005245454E54206D616C1F
:10DF40006C6F6320737563636565646564002F5F40
:10DF50005F772F5F74656D702F776F726B73706171
:10DF600063652F6275696C642F2E6275696C642F0E
:10DF7000484F53542D7838365F36342D7736342D4C
:10DF80006D696E677733322F61726D2D7A657068B7
:10DF900079722D656162692F7372632F6E65776C7C
:10DFA00069622D6E616E6F2F6E65776C69622F6C82
:10DFB0006962632F7374646C69622F64746F612E7D
:10DFC000630042616C6C6F632073756363656564A5
:10DFD0006564002F5F5F772F5F74656D702F776FBB
:10DFE000726B73706163652F6275696C642F2E624A
:10DFF00075696C642F484F53542D7838365F36342A
:10E000002D7736342D6D696E677733322F61726DDF
:10E010002D7A65706879722D656162692F737263FC
:10E020002F6E65776C69622D6E616E6F2F6E6577EE
:10E030006C69622F6C6962632F7374646C69622F00
:10E040006D707265632E6300412D46612D6638390F
:10E0500030313233343536375D002B2D007858009F
:08E06000504F53495800000025
:10E07000FFFFFFFFFF1F00001F0000000000000067
:10E080005D40000000000000FFFFFFFF1FFF0000D9
:10E09000BAABBABA101010100000000000800040A7
:10E0A00000000000000000000C0000000000000064
:10E0B00000FF7F00000000000000000000000000E2
:10E0C000FD3000000000000015DA00000000000034
:10E0D000F3D900000000000015310000000000002E
:10E0E00035DA000000000000000000000000000021
:10E0F0000000000000000000000000000000000020
:10E10000000000000000000000000000000000000F
:10E1100000000000000000000000000000000000FF
:10E1200000000000000000000000000000000000EF
:10E1300000000000000000000000000000000000DF
:10E1400000000000000000000000000000000000CF
:10E1500000000000000000000000000000000000BF
:10E1600000000000000000000000000000000000AF
:10E17000000000000000000000000000000000009F
:10E18000000000000000000000000000000000008F
:10E19000000000000000000000000000000000007F
:10E1A000000000000000000000000000000000006F
:10E1B000000000000000000000000000000000005F
:10E1C000000000000000000000000000000000004F
:10E1D000000000000000000000000000000000003F
:10E1E000000000000000000000000000000000002F
:10E1F000000000000000000000000000000000001F
:10E20000000000000000000000000000000000000E
:10E2100000000000000000000000000000000000FE
:10E2200000000000000000000000000000000000EE
:10E2300000000000000000000000000000000000DE
:10E2400000000000000000000000000000000000CE
:10E2500000000000000000000000000000000000BE
:10E2600000000000000000000000000000000000AE
:10E27000000000000000000000000000000000009E
:10E28000000000000000000000000000000000008E
:10E29000000000000000000000000000000000007E
:10E2A000000000000000000000000000000000006E
:10E2B000000000000000000000000000000000005E
:10E2C000000000000000000000000000000000004E
:10E2D000000000000000000000000000000000003E
:10E2E000000000000000000000000000000000002E
:10E2F0004407002063F3000069F300006BF30000A3
:10E3000095F300006FF300009FF3000075F3000029
:10E31000ABF300007BF30000B1F300007DF30000DD
:10E320008BF300008FF3000081F3000087F30000FF
:10E330009BF30000A5F300000000000000000000B7
:10E3400000000000000000000000000000000000CD
:10E3500000000000000000000000000000000000BD
:10E3600000000000000000000000000000000000AD
:10E37000000000000000000000000000000000009D
:10E38000000000000000000000000000000000008D
:10E39000000000000000000000000000000000007D
:10E3A000000000000000000000000000000000006D
:10E3B000000000000000000000000000000000005D
:10E3C000000000000000000000000000000000004D
:10E3D000000000000000000000000000000000003D
:10E3E000000000000000000000000000000000002D
:10E3F000000000000000000000000000000000001D
:10E40000CD6B0100000000000000000000000000D3
:10E4100000000000000000000000000000000000FC
:10E4200000000000000000000000000000000000EC
:10E4300000000000000000000000000000000000DC
:10E4400000000000000000000000000000000000CC
:10E4500000000000000000000000000000000000BC
:10E4600000000000000000000000000000000000AC
:10E47000000000000000000000000000000000009C
:10E48000000000000000000000000000000000008C
:10E49000000000000000000000000000000000007C
:10E4A0000000000030A0020000000000000000009A
:10E4B00000000000000000006114020000000000E5
:10E4C00000000000000000001809002018090020CA
:10E4D000237902000000000000000000000000009E
:10E4E000000000000000000038090020380900206A
:10E4F0000000000001000000480900204809002039
:10E500005009002050090020000000000100000018
:10E5100060090020600900200000000000000000E9
:10E5200000000000000000000000000000000000EB
:10E5300000000000000000000000000000000000DB
:10E5400000000000000000000000000000000000CB
:10E5500000000000000000000000000000000000BB
:10E5600000000000000000000000000000000000AB
:10E57000F51801000000000000000000AE110020AE
:10E580000000120000000000000000000000000079
:10E59000000000000000000000000000051901005C
:10E5A00000000000000000009D110020000012008B
:10E5B000000000000000000000000000000000005B
:10E5C0000000000000000000E5180100000000004D
:10E5D00000000000BF110020000012007C9F02001C
:10E5E0004D4F0200000000003CA8020001000000A6
:10E5F000400A0020400A0020000000000000000047
:10E600000E000000540A0020540A00200000000000
:10E6100000000000000000003CA802000100000013
:10E62000700A0020700A00200000000000000000B6
:10E630000E000000840A0020840A00200000000070
:10E6400000000000000000003CA8020001000000E3
:10E65000A00A0020A00A0020000000000000000026
:10E660000E000000B40A0020B40A002000000000E0
:10E67000000000000000000000000000000000009A
:10E68000000000000000000000000000000000008A
:10E69000000000000000000000000000000000007A
:10E6A000000000000000000000000000000000006A
:10E6B000000000000000000000000000000000005A
:10E6C000000000000000000000000000000000004A
:10E6D000000000000000000000000000000000003A
:10E6E000000000000000000000000000000000002A
:10E6F000000000000000000000000000000000001A
:10E700000000000000000000000000000000000009
:10E7100000000000000000000000000000000000F9
:10E7200000000000000000000000000000000000E9
:10E7300000000000000000000000000000000000D9
:10E7400000000000000000000000000000000000C9
:10E7500000000000000000000000000000000000B9
:10E7600000000000000000000000000000000000A9
:10E770000000000000000000000000000000000099
:10E780000000000000000000000000000000000089
:10E790000000000000000000000000000000000079
:10E7A0000000000000000000000000000000000069
:10E7B0000000000000000000000000000000000059
:10E7C0000000000000000000000000000000000049
:10E7D0000000000000000000000000000000000039
:10E7E0000000000000000000000000000000000029
:10E7F0000000000000000000000000000000000019
:10E800000000000000000000000000000000000008
:10E8100000000000000000000000000000000000F8
:10E8200000000000000000000000000000000000E8
:10E8300000000000000000000000000000000000D8
:10E8400000000000000000000000000000000000C8
:10E8500000000000000000000000000000000000B8
:10E8600000000000000000000000000000000000A8
:10E870000000000000000000000000000000000098
:10E880000000000000000000000000000000000088
:10E890000000000000000000000000000000000078
:10E8A0000000000000000000000000000000000068
:10E8B0000000000000000000000000000000000058
:10E8C0000000000000000000000000000000000048
:10E8D0000000000000000000000000000000000038
:10E8E0000000000055570200C4A80200000000000C
:10E8F000FD5E0200440D0020440D00204C0D002060
:10E900004C0D0020540D0020540D0020000000008C
:10E910003164020000000000000000000000000060
:10E92000915A0100000000000000000000000000FB
:10E93000E581010000000000000000000000000070
:10E94000CD7B010000000000000000009C0D0020B5
:10E950009C0D002000000000000000002D8D010033
:10E96000359C0100000000000000000000000000D5
:10E97000D993010005700200316F0200218D010062
:10E9800000000000F0B0020000000200FCB0020035
:10E9900000000A000CB1020000002000000000008E
:10E9A0000000000000000000000000000000000067
:10E9B00000000000000000008B7402000000000056
:10E9C00020B10200000002002CB102000000020091
:10E9D00038B1020000000200000000002C0E0020F0
:10E9E0002C0E002001000000010000003C0E002061
:10E9F0003C0E0020440E0020440E002000000000C9
:10EA000001000000540E0020540E00200000000001
:10EA1000000000000000000078AE020000000000CE
:10EA2000700E0020700E00200000000001000000A9
:10EA3000800E0020800E0020880E0020880E00200E
:10EA40000000000001000000980E0020980E002039
:10EA500000000000000000000000000000000000B6
:10EA600000000000000000000000000000000000A6
:10EA70000000000008A002000000000000000000EC
:10EA80000000000000000000F0AE020001000000E5
:10EA9000E00E0020E00E0020000000000100000059
:10EAA000F00E0020F00E0020F80E0020F80E0020DE
:10EAB0000000000001000000080F0020080F0020E7
:10EAC0000000000000000000000000000000000046
:10EAD0000000000000000000000000000000000036
:10EAE000000000001CA00200000000000000000068
:10EAF000F8770020F0770020000000000000000000
:10EB00000000000000000000000000000000000005
:10EB100000000000000000000000000000000000F5
:10EB200000000000000000000000000000000000E5
:10EB300000000000000000000000000000000000D5
:10EB400000000000000000000000000008000000BD
:10EB5000FF000000000000000100000000000000B5
:10EB6000FFFF0100B40F0020B40F0020C00F0020F1
:10EB700000000000A4B0020084B0020064B00200F3
:10EB80000000000000000000000000000000000085
:10EB90000000000000000000000000000000000075
:10EBA0000000000000000000000000000000000065
:10EBB0000000000000000000000000000000000055
:10EBC0000000000000000000000000000000000045
:10EBD00043000000000000000000000000000000F2
:10EBE0000000000000000000000000000000000025
:10EBF00043000000000000000000000000000000D2
:10EC00000000000000000000000000000000000004
:10EC100043000000000000000000000000000000B1
:10EC200000000000000000000000000000000000E4
:10EC30004300000000000000000000000000000091
:10EC400000000000000000000000000000000000C4
:10EC50004300000000000000000000000000000071
:10EC600000000000000000000000000000000000A4
:10EC70004300000000000000000000000000000051
:10EC80000000000000000000000000000000000084
:10EC90004300000000000000000000000000000031
:10ECA0000000000000000000000000000000000064
:10ECB000559E0200219E020000000000AEDD020011
:10ECC00023D302005FBB02005FBB02005FBB0200F8
:10ECD0005FBB02005FBB02005FBB02005FBB0200C4
:10ECE0005FBB02005FBB0200FFFFFFFFFFFFFFFFF4
:10ECF000FFFFFFFFFFFF00000100415343494900B0
:10ED00000000000000000000000000000000000003
:10ED1000000000000000000000004153434949008A
:10ED200000000000000000000000000000000000E3
:10ED3000000000000000000000000000ACDFD20076
:10ED40004BD669AC974294263E249EF606029865FF
:10ED500012A1D803B39342F161439621F50A02D27E
:10ED6000F8675ACE5A6486FE43F67A9067F66602D2
:10ED7000B75CB47BB8275AA120444B9CD44A954C2D
:10ED800002ACDFD2004BD669AC974294263E249E5B
:02ED9000F6FF8C
:10ED92000000000000000000000000000000000071
:08EDA200000000000000000069
:10EDAC000000000000000000000000000000000057
:10EDBC000000000000000000000000000000000047
:10EDCC000000000000000000000000000000000037
:10EDDC000000000000000000000000000000000027
:04EDEC000000000023
:10EDF0004012002040120020D4F00020000000004B
:10EE0000010000002C000000000000005C12002047
:10EE10005C12002000B7002000000000010000008C
:10EE2000B0000000000000007812002078120020DE
:10EE300000F10020000000000A00000010000000A7
:04EE400000000000CE
:10EE440000000000B0B70020001000000000000027
:04EE540000000000BA
:10EE5800A8120020A81200200000000000000000F6
:10EE68000E000000BC120020BC12002000000000B0
:10EE7800000000000E000000D0120020D012002078
:10EE880000000000000000000E000000E412002056
:10EE9800E412002000000000000000000E00000046
:10EEA800F8120020F8120020000000000000000006
:10EEB8000E0000000C1300200C13002000000000BE
:08EEC800000000000E00000034
:10EED0002013002020130020100000001400000068
:10EEE000B0C70020F0C80020B0C70020B0C7002085
:10EEF0000000000044130020441300200000000024
:10EF000050130020501300201000000014000000D7
:10EF100030CA002070CB002030CA002030CA002048
:10EF20000000000074130020741300200000000093
:10EF30008013002080130020100000001400000047
:10EF4000F0C8002030CA0020F0C80020F0C800201F
:10EF500000000000A4130020A41300200000000003
:10EF6000B0130020B01300200000000001000000DA
:10EF7000C0130020C0130020C8130020C8130020B5
:10EF800000000000FFFFFFFFD8130020D81300206F
:10EF90000000000000000000E8130020E81300203B
:08EFA000F0130020F013002023
:10EFA80000000000000000000014002000140020F1
:10EFB80008140020081400200A000A0010000000AD
:10EFC800000000005CAA0200A0E30020000000008E
:10EFD800000000002C1400202C1400203414002001
:10EFE800341400200A000A0010000000C992010031
:10EFF80004AB020044EF0020000000000000000005
:10F0080058140020581400206014002060140020B8
:10F0180003000300010000000000000040A90200F6
:10F028003CD70020000000000000000084140020ED
:10F03800841400208C1400208C140020010001008E
:10F04800100000007D7A01004CAA020078D9002047
:10F058000000000000000000B0140020B0140020E0
:10F06800B8140020B81400200200020001000000BB
:10F078000000000018AA020040D90020000000008B
:10F0880000000000DC140020DC140020E414002040
:10F09800E41400200A000A00060000000000000036
:10F0A80030A9020070D50020000000000000000018
:10F0B8000815002008150020101500201015002044
:10F0C80001000100010000000000000050A902003A
:04F0D80094D80020A8
:04F0DC0015E015E046
:040000031000487D24
:00000001FF
